Workbook
Name Date_Range_Pb_2014: 'Lead (30-Day_Avg)'!#REF!
Name Lead_Table_2014: 'Lead (30-Day_Avg)'!#REF!
Name Month_Num_Arsenic: 'Arsenic (Daily)'!#REF!
Name Month_Num_Lead: 'Lead (30-Day_Avg)'!#REF!
Name Reporting_Limit_Table: #REF!
Name Station_1_As_2014: 'Arsenic (Daily)'!#REF!
Name Station_1_Pb_2014: 'Lead (30-Day_Avg)'!#REF!
Name Station_2_As_2014: 'Arsenic (Daily)'!#REF!
Name Station_2_Pb_2014: 'Lead (30-Day_Avg)'!#REF!
Name Station_4_As_2014: 'Arsenic (Daily)'!#REF!
Name Station_4_Pb_2014: 'Lead (30-Day_Avg)'!#REF!
Name Station_5_As_2014: 'Arsenic (Daily)'!#REF!
Name Station_5_Pb_2014: 'Lead (30-Day_Avg)'!#REF!
Name Date_Range_Pb_2014: 'Lead (30-Day_Avg)'!#REF!
Name Lead_Table_2014: 'Lead (30-Day_Avg)'!#REF!
Name Month_Num_Arsenic: 'Arsenic (Daily)'!#REF!
Name Month_Num_Lead: 'Lead (30-Day_Avg)'!#REF!
Name Reporting_Limit_Table: #REF!
Name Station_1_As_2014: 'Arsenic (Daily)'!#REF!
Name Station_1_Pb_2014: 'Lead (30-Day_Avg)'!#REF!
Name Station_2_As_2014: 'Arsenic (Daily)'!#REF!
Name Station_2_Pb_2014: 'Lead (30-Day_Avg)'!#REF!
Name Station_4_As_2014: 'Arsenic (Daily)'!#REF!
Name Station_4_Pb_2014: 'Lead (30-Day_Avg)'!#REF!
Name Station_5_As_2014: 'Arsenic (Daily)'!#REF!
Name Station_5_Pb_2014: 'Lead (30-Day_Avg)'!#REF!
Name Date_Range_Pb_2014: 'Lead (30-Day_Avg)'!#REF!
Name Lead_Table_2014: 'Lead (30-Day_Avg)'!#REF!
Name Month_Num_Arsenic: 'Arsenic (Daily)'!#REF!
Name Month_Num_Lead: 'Lead (30-Day_Avg)'!#REF!
Name Reporting_Limit_Table: #REF!
Name Station_1_As_2014: 'Arsenic (Daily)'!#REF!
Name Station_1_Pb_2014: 'Lead (30-Day_Avg)'!#REF!
Name Station_2_As_2014: 'Arsenic (Daily)'!#REF!
Name Station_2_Pb_2014: 'Lead (30-Day_Avg)'!#REF!
Name Station_4_As_2014: 'Arsenic (Daily)'!#REF!
Name Station_4_Pb_2014: 'Lead (30-Day_Avg)'!#REF!
Name Station_5_As_2014: 'Arsenic (Daily)'!#REF!
Name Station_5_Pb_2014: 'Lead (30-Day_Avg)'!#REF!
Name Date_Range_Pb_2014: 'Lead (30-Day_Avg)'!#REF!
Name Lead_Table_2014: 'Lead (30-Day_Avg)'!#REF!
Name Month_Num_Arsenic: 'Arsenic (Daily)'!#REF!
Name Month_Num_Lead: 'Lead (30-Day_Avg)'!#REF!
Name Reporting_Limit_Table: #REF!
Name Station_1_As_2014: 'Arsenic (Daily)'!#REF!
Name Station_1_Pb_2014: 'Lead (30-Day_Avg)'!#REF!
Name Station_2_As_2014: 'Arsenic (Daily)'!#REF!
Name Station_2_Pb_2014: 'Lead (30-Day_Avg)'!#REF!
Name Station_4_As_2014: 'Arsenic (Daily)'!#REF!
Name Station_4_Pb_2014: 'Lead (30-Day_Avg)'!#REF!
Name Station_5_As_2014: 'Arsenic (Daily)'!#REF!
Name Station_5_Pb_2014: 'Lead (30-Day_Avg)'!#REF!
Name Date_Range_Pb_2014: 'Lead (30-Day_Avg)'!#REF!
Name Lead_Table_2014: 'Lead (30-Day_Avg)'!#REF!
Name Month_Num_Arsenic: 'Arsenic (Daily)'!#REF!
Name Month_Num_Lead: 'Lead (30-Day_Avg)'!#REF!
Name Reporting_Limit_Table: #REF!
Name Station_1_As_2014: 'Arsenic (Daily)'!#REF!
Name Station_1_Pb_2014: 'Lead (30-Day_Avg)'!#REF!
Name Station_2_As_2014: 'Arsenic (Daily)'!#REF!

Sheet 2018 Summary
A1: Weekend / Weekday Ambient Monitor Results
C4: Lead (µg/m3) | F4: Arsenic (ng/m3)
A5: Parameter | B5: WeekEND | C5: WeekDAY | D5: % WD Diff | E5: WeekEND | F5: WeekDAY | G5: % WD Diff
A6: Maximum: | B6: ='Lead (30-Day_Avg)'!Z5 | C6: ='Lead (30-Day_Avg)'!AA5 | D6: =(C6-B6)/B6 | E6: ='Arsenic (Daily)'!V5 | F6: ='Arsenic (Daily)'!W5 | G6: =(F6-E6)/E6
A7: 90th percentile: | B7: ='Lead (30-Day_Avg)'!Z6 | C7: ='Lead (30-Day_Avg)'!AA6 | D7: =(C7-B7)/B7 | E7: ='Arsenic (Daily)'!V6 | F7: ='Arsenic (Daily)'!W6 | G7: =(F7-E7)/E7
A8: 75th percentile: | B8: ='Lead (30-Day_Avg)'!Z7 | C8: ='Lead (30-Day_Avg)'!AA7 | D8: =(C8-B8)/B8 | E8: ='Arsenic (Daily)'!V7 | F8: ='Arsenic (Daily)'!W7 | G8: =(F8-E8)/E8
A9: Average: | B9: ='Lead (30-Day_Avg)'!Z8 | C9: ='Lead (30-Day_Avg)'!AA8 | D9: =(C9-B9)/B9 | E9: ='Arsenic (Daily)'!V8 | F9: ='Arsenic (Daily)'!W8 | G9: =(F9-E9)/E9
A12: Excluding extraordinary events (looking at "normal" operations only).
A15: LEAD
C16: Averages | G16: Maximum
A17: Month | B17: Station 1 | C17: Station 2 | D17: Station 4 | E17: Station 5 | F17: Station 1 | G17: Station 2 | H17: Station 4 | I17: Station 5
A18: January | B18: ='Lead (30-Day_Avg)'!AA400 | C18: ='Lead (30-Day_Avg)'!AB400 | D18: ='Lead (30-Day_Avg)'!AC400 | E18: ='Lead (30-Day_Avg)'!AD400 | F18: ='Lead (30-Day_Avg)'!AA401 | G18: ='Lead (30-Day_Avg)'!AB401 | H18: ='Lead (30-Day_Avg)'!AC401 | I18: ='Lead (30-Day_Avg)'!AD401 | J18: =AVERAGE(B18:E18) | K18: =(J18-$B$33)/$B$33
A19: February | B19: ='Lead (30-Day_Avg)'!AA428 | C19: ='Lead (30-Day_Avg)'!AB428 | D19: ='Lead (30-Day_Avg)'!AC428 | E19: ='Lead (30-Day_Avg)'!AD428 | F19: ='Lead (30-Day_Avg)'!AA429 | G19: ='Lead (30-Day_Avg)'!AB429 | H19: ='Lead (30-Day_Avg)'!AC429 | I19: ='Lead (30-Day_Avg)'!AD429 | J19: =AVERAGE(B19:E19) | K19: =(J19-$B$33)/$B$33
A20: March | B20: ='Lead (30-Day_Avg)'!AA459 | C20: ='Lead (30-Day_Avg)'!AB459 | D20: ='Lead (30-Day_Avg)'!AC459 | E20: ='Lead (30-Day_Avg)'!AD459 | F20: ='Lead (30-Day_Avg)'!AA460 | G20: ='Lead (30-Day_Avg)'!AB460 | H20: ='Lead (30-Day_Avg)'!AC460 | I20: ='Lead (30-Day_Avg)'!AD460 | J20: =AVERAGE(B20:E20) | K20: =(J20-$B$33)/$B$33
A21: April | B21: ='Lead (30-Day_Avg)'!AA489 | C21: ='Lead (30-Day_Avg)'!AB489 | D21: ='Lead (30-Day_Avg)'!AC489 | E21: ='Lead (30-Day_Avg)'!AD489 | F21: ='Lead (30-Day_Avg)'!AA490 | G21: ='Lead (30-Day_Avg)'!AB490 | H21: ='Lead (30-Day_Avg)'!AC490 | I21: ='Lead (30-Day_Avg)'!AD490 | J21: =AVERAGE(B21:E21) | K21: =(J21-$B$33)/$B$33
A22: May | B22: ='Lead (30-Day_Avg)'!AA520 | C22: ='Lead (30-Day_Avg)'!AB520 | D22: ='Lead (30-Day_Avg)'!AC520 | E22: ='Lead (30-Day_Avg)'!AD520 | F22: ='Lead (30-Day_Avg)'!AA521 | G22: ='Lead (30-Day_Avg)'!AB521 | H22: ='Lead (30-Day_Avg)'!AC521 | I22: ='Lead (30-Day_Avg)'!AD521 | J22: =AVERAGE(B22:E22) | K22: =(J22-$B$33)/$B$33
A23: June | B23: ='Lead (30-Day_Avg)'!AA550 | C23: ='Lead (30-Day_Avg)'!AB550 | D23: ='Lead (30-Day_Avg)'!AC550 | E23: ='Lead (30-Day_Avg)'!AD550 | F23: ='Lead (30-Day_Avg)'!AA551 | G23: ='Lead (30-Day_Avg)'!AB551 | H23: ='Lead (30-Day_Avg)'!AC551 | I23: ='Lead (30-Day_Avg)'!AD551 | J23: =AVERAGE(B23:E23) | K23: =(J23-$B$33)/$B$33
A24: July | B24: ='Lead (30-Day_Avg)'!AA581 | C24: ='Lead (30-Day_Avg)'!AB581 | D24: ='Lead (30-Day_Avg)'!AC581 | E24: ='Lead (30-Day_Avg)'!AD581 | F24: ='Lead (30-Day_Avg)'!AA582 | G24: ='Lead (30-Day_Avg)'!AB582 | H24: ='Lead (30-Day_Avg)'!AC582 | I24: ='Lead (30-Day_Avg)'!AD582 | J24: =AVERAGE(B24:E24) | K24: =(J24-$B$33)/$B$33
A25: August | B25: ='Lead (30-Day_Avg)'!AA612 | C25: ='Lead (30-Day_Avg)'!AB612 | D25: ='Lead (30-Day_Avg)'!AC612 | E25: ='Lead (30-Day_Avg)'!AD612 | F25: ='Lead (30-Day_Avg)'!AA613 | G25: ='Lead (30-Day_Avg)'!AB613 | H25: ='Lead (30-Day_Avg)'!AC613 | I25: ='Lead (30-Day_Avg)'!AD613 | J25: =AVERAGE(B25:E25) | K25: =(J25-$B$33)/$B$33
A26: September | B26: ='Lead (30-Day_Avg)'!AA642 | C26: ='Lead (30-Day_Avg)'!AB642 | D26: ='Lead (30-Day_Avg)'!AC642 | E26: ='Lead (30-Day_Avg)'!AD642 | F26: ='Lead (30-Day_Avg)'!AA643 | G26: ='Lead (30-Day_Avg)'!AB643 | H26: ='Lead (30-Day_Avg)'!AC643 | I26: ='Lead (30-Day_Avg)'!AD643 | J26: =AVERAGE(B26:E26) | K26: =(J26-$B$33)/$B$33
A27: October | B27: ='Lead (30-Day_Avg)'!AA673 | C27: ='Lead (30-Day_Avg)'!AB673 | D27: ='Lead (30-Day_Avg)'!AC673 | E27: ='Lead (30-Day_Avg)'!AD673 | F27: ='Lead (30-Day_Avg)'!AA674 | G27: ='Lead (30-Day_Avg)'!AB674 | H27: ='Lead (30-Day_Avg)'!AC674 | I27: ='Lead (30-Day_Avg)'!AD674 | J27: =AVERAGE(B27:E27) | K27: =(J27-$B$33)/$B$33
A28: November | B28: ='Lead (30-Day_Avg)'!AA703 | C28: ='Lead (30-Day_Avg)'!AB703 | D28: ='Lead (30-Day_Avg)'!AC703 | E28: ='Lead (30-Day_Avg)'!AD703 | F28: ='Lead (30-Day_Avg)'!AA704 | G28: ='Lead (30-Day_Avg)'!AB704 | H28: ='Lead (30-Day_Avg)'!AC704 | I28: ='Lead (30-Day_Avg)'!AD704 | J28: =AVERAGE(B28:E28) | K28: =(J28-$B$33)/$B$33
A29: December | B29: ='Lead (30-Day_Avg)'!AA734 | C29: ='Lead (30-Day_Avg)'!AB734 | D29: ='Lead (30-Day_Avg)'!AC734 | E29: ='Lead (30-Day_Avg)'!AD734 | F29: ='Lead (30-Day_Avg)'!AA735 | G29: ='Lead (30-Day_Avg)'!AB735 | H29: ='Lead (30-Day_Avg)'!AC735 | I29: ='Lead (30-Day_Avg)'!AD735 | J29: =AVERAGE(B29:E29) | K29: =(J29-$B$33)/$B$33
B31: ='Lead (30-Day_Avg)'!AA741 | C31: ='Lead (30-Day_Avg)'!AB741 | D31: ='Lead (30-Day_Avg)'!AC741 | E31: ='Lead (30-Day_Avg)'!AD741 | F31: ='Lead (30-Day_Avg)'!AA742 | G31: ='Lead (30-Day_Avg)'!AB742 | H31: ='Lead (30-Day_Avg)'!AC742 | I31: ='Lead (30-Day_Avg)'!AD742
B33: ='Lead (30-Day_Avg)'!AA744
A36: ARSENIC
C37: Averages | G37: Maximum
A38: Month | B38: Station 1 | C38: Station 2 | D38: Station 4 | E38: Station 5 | F38: Station 1 | G38: Station 2 | H38: Station 4 | I38: Station 5
A39: January | B39: ='Arsenic (Daily)'!V35 | C39: ='Arsenic (Daily)'!W35 | D39: ='Arsenic (Daily)'!X35 | E39: ='Arsenic (Daily)'!Y35 | F39: ='Arsenic (Daily)'!V36 | G39: ='Arsenic (Daily)'!W36 | H39: ='Arsenic (Daily)'!X36 | I39: ='Arsenic (Daily)'!Y36 | J39: =AVERAGE(B39:E39) | K39: =(J39-$B$54)/$B$54
A40: February | B40: ='Arsenic (Daily)'!V63 | C40: ='Arsenic (Daily)'!W63 | D40: ='Arsenic (Daily)'!X63 | E40: ='Arsenic (Daily)'!Y63 | F40: ='Arsenic (Daily)'!V64 | G40: ='Arsenic (Daily)'!W64 | H40: ='Arsenic (Daily)'!X64 | I40: ='Arsenic (Daily)'!Y64 | J40: =AVERAGE(B40:E40) | K40: =(J40-$B$54)/$B$54
A41: March | B41: ='Arsenic (Daily)'!V94 | C41: ='Arsenic (Daily)'!W94 | D41: ='Arsenic (Daily)'!X94 | E41: ='Arsenic (Daily)'!Y94 | F41: ='Arsenic (Daily)'!V95 | G41: ='Arsenic (Daily)'!W95 | H41: ='Arsenic (Daily)'!X95 | I41: ='Arsenic (Daily)'!Y95 | J41: =AVERAGE(B41:E41) | K41: =(J41-$B$54)/$B$54
A42: April | B42: ='Arsenic (Daily)'!V125 | C42: ='Arsenic (Daily)'!W125 | D42: ='Arsenic (Daily)'!X125 | E42: ='Arsenic (Daily)'!Y125 | F42: ='Arsenic (Daily)'!V126 | G42: ='Arsenic (Daily)'!W126 | H42: ='Arsenic (Daily)'!X126 | I42: ='Arsenic (Daily)'!Y126 | J42: =AVERAGE(B42:E42) | K42: =(J42-$B$54)/$B$54
A43: May | B43: ='Arsenic (Daily)'!V155 | C43: ='Arsenic (Daily)'!W155 | D43: ='Arsenic (Daily)'!X155 | E43: ='Arsenic (Daily)'!Y155 | F43: ='Arsenic (Daily)'!V156 | G43: ='Arsenic (Daily)'!W156 | H43: ='Arsenic (Daily)'!X156 | I43: ='Arsenic (Daily)'!Y156 | J43: =AVERAGE(B43:E43) | K43: =(J43-$B$54)/$B$54
A44: June | B44: ='Arsenic (Daily)'!V186 | C44: ='Arsenic (Daily)'!W186 | D44: ='Arsenic (Daily)'!X186 | E44: ='Arsenic (Daily)'!Y186 | F44: ='Arsenic (Daily)'!V187 | G44: ='Arsenic (Daily)'!W187 | H44: ='Arsenic (Daily)'!X187 | I44: ='Arsenic (Daily)'!Y187 | J44: =AVERAGE(B44:E44) | K44: =(J44-$B$54)/$B$54
A45: July | B45: ='Arsenic (Daily)'!V216 | C45: ='Arsenic (Daily)'!W216 | D45: ='Arsenic (Daily)'!X216 | E45: ='Arsenic (Daily)'!Y216 | F45: ='Arsenic (Daily)'!V217 | G45: ='Arsenic (Daily)'!W217 | H45: ='Arsenic (Daily)'!X217 | I45: ='Arsenic (Daily)'!Y217 | J45: =AVERAGE(B45:E45) | K45: =(J45-$B$54)/$B$54
A46: August | B46: ='Arsenic (Daily)'!V247 | C46: ='Arsenic (Daily)'!W247 | D46: ='Arsenic (Daily)'!X247 | E46: ='Arsenic (Daily)'!Y247 | F46: ='Arsenic (Daily)'!V248 | G46: ='Arsenic (Daily)'!W248 | H46: ='Arsenic (Daily)'!X248 | I46: ='Arsenic (Daily)'!Y248 | J46: =AVERAGE(B46:E46) | K46: =(J46-$B$54)/$B$54
A47: September | B47: ='Arsenic (Daily)'!V278 | C47: ='Arsenic (Daily)'!W278 | D47: ='Arsenic (Daily)'!X278 | E47: ='Arsenic (Daily)'!Y278 | F47: ='Arsenic (Daily)'!V279 | G47: ='Arsenic (Daily)'!W279 | H47: ='Arsenic (Daily)'!X279 | I47: ='Arsenic (Daily)'!Y279 | J47: =AVERAGE(B47:E47) | K47: =(J47-$B$54)/$B$54
A48: October | B48: ='Arsenic (Daily)'!V308 | C48: ='Arsenic (Daily)'!W308 | D48: ='Arsenic (Daily)'!X308 | E48: ='Arsenic (Daily)'!Y308 | F48: ='Arsenic (Daily)'!V309 | G48: ='Arsenic (Daily)'!W309 | H48: ='Arsenic (Daily)'!X309 | I48: ='Arsenic (Daily)'!Y309 | J48: =AVERAGE(B48:E48) | K48: =(J48-$B$54)/$B$54
A49: November | B49: ='Arsenic (Daily)'!V339 | C49: ='Arsenic (Daily)'!W339 | D49: ='Arsenic (Daily)'!X339 | E49: ='Arsenic (Daily)'!Y339 | F49: ='Arsenic (Daily)'!V340 | G49: ='Arsenic (Daily)'!W340 | H49: ='Arsenic (Daily)'!X340 | I49: ='Arsenic (Daily)'!Y340 | J49: =AVERAGE(B49:E49) | K49: =(J49-$B$54)/$B$54
A50: December | B50: ='Arsenic (Daily)'!V369 | C50: ='Arsenic (Daily)'!W369 | D50: ='Arsenic (Daily)'!X369 | E50: ='Arsenic (Daily)'!Y369 | F50: ='Arsenic (Daily)'!V370 | G50: ='Arsenic (Daily)'!W370 | H50: ='Arsenic (Daily)'!X370 | I50: ='Arsenic (Daily)'!Y370 | J50: =AVERAGE(B50:E50) | K50: =(J50-$B$54)/$B$54
B52: ='Arsenic (Daily)'!V376 | C52: ='Arsenic (Daily)'!W376 | D52: ='Arsenic (Daily)'!X376 | E52: ='Arsenic (Daily)'!Y376 | F52: ='Arsenic (Daily)'!V377 | G52: ='Arsenic (Daily)'!W377 | H52: ='Arsenic (Daily)'!X377 | I52: ='Arsenic (Daily)'!Y377
B54: ='Arsenic (Daily)'!V379
A57: 98th percentile | B57: Station 1 | C57: Station 2 | D57: Station 4 | E57: Station 5 | F57: ALL Stations
A58: Lead (µg/m3) | B58: ='Lead (30-Day_Avg)'!BZ6 | C58: ='Lead (30-Day_Avg)'!CA6 | D58: ='Lead (30-Day_Avg)'!CB6 | E58: ='Lead (30-Day_Avg)'!CC6 | F58: ='Lead (30-Day_Avg)'!CD6 | G58: 0.075 | H58: =(G58-F58)/F58
A59: Arsenic (ng/m3) | B59: ='Arsenic (Daily)'!BV6 | C59: ='Arsenic (Daily)'!BW6 | D59: ='Arsenic (Daily)'!BX6 | E59: ='Arsenic (Daily)'!BY6 | F59: ='Arsenic (Daily)'!BZ6 | G59: 2.5 | H59: =(G59-F59)/F59
A62: 98th percentile | B62: Station 1 | C62: Station 2 | D62: Station 4 | E62: Station 5 | F62: ALL Stations | G62: Proposed Limit
A63: Lead (µg/m3) | B63: 0.063554 | C63: 0.060162 | D63: 0.0664 | E63: 0.0646 | F63: 0.064348 | G63: 0.075
A64: Arsenic (ng/m3) | B64: 2.04546 | C64: 2.02384 | D64: 1.749 | E64: 1.858 | F64: 1.93282 | G64: 2.5

Sheet 2019 Summary
A1: Weekend / Weekday Ambient Monitor Results
C4: Lead (µg/m3) | F4: Arsenic (ng/m3)
A5: Parameter | B5: WeekEND | C5: WeekDAY | D5: % WD Diff | E5: WeekEND | F5: WeekDAY | G5: % WD Diff
A6: Maximum: | B6: ='Lead (30-Day_Avg)'!Z5 | C6: ='Lead (30-Day_Avg)'!AA5 | D6: =(C6-B6)/B6 | E6: ='Arsenic (Daily)'!V5 | F6: ='Arsenic (Daily)'!W5 | G6: =(F6-E6)/E6
A7: 90th percentile: | B7: ='Lead (30-Day_Avg)'!Z6 | C7: ='Lead (30-Day_Avg)'!AA6 | D7: =(C7-B7)/B7 | E7: ='Arsenic (Daily)'!V6 | F7: ='Arsenic (Daily)'!W6 | G7: =(F7-E7)/E7
A8: 75th percentile: | B8: ='Lead (30-Day_Avg)'!Z7 | C8: ='Lead (30-Day_Avg)'!AA7 | D8: =(C8-B8)/B8 | E8: ='Arsenic (Daily)'!V7 | F8: ='Arsenic (Daily)'!W7 | G8: =(F8-E8)/E8
A9: Average: | B9: ='Lead (30-Day_Avg)'!Z8 | C9: ='Lead (30-Day_Avg)'!AA8 | D9: =(C9-B9)/B9 | E9: ='Arsenic (Daily)'!V8 | F9: ='Arsenic (Daily)'!W8 | G9: =(F9-E9)/E9
A12: Excluding extraordinary events (looking at "normal" operations only).
A15: LEAD
C16: Averages | G16: Maximum
A17: Month | B17: Station 1 | C17: Station 2 | D17: Station 4 | E17: Station 5 | F17: Station 1 | G17: Station 2 | H17: Station 4 | I17: Station 5
A18: January | B18: ='Lead (30-Day_Avg)'!AA400 | C18: ='Lead (30-Day_Avg)'!AB400 | D18: ='Lead (30-Day_Avg)'!AC400 | E18: ='Lead (30-Day_Avg)'!AD400 | F18: ='Lead (30-Day_Avg)'!AA401 | G18: ='Lead (30-Day_Avg)'!AB401 | H18: ='Lead (30-Day_Avg)'!AC401 | I18: ='Lead (30-Day_Avg)'!AD401 | J18: =AVERAGE(B18:E18) | K18: =(J18-$B$33)/$B$33
A19: February | B19: ='Lead (30-Day_Avg)'!AA428 | C19: ='Lead (30-Day_Avg)'!AB428 | D19: ='Lead (30-Day_Avg)'!AC428 | E19: ='Lead (30-Day_Avg)'!AD428 | F19: ='Lead (30-Day_Avg)'!AA429 | G19: ='Lead (30-Day_Avg)'!AB429 | H19: ='Lead (30-Day_Avg)'!AC429 | I19: ='Lead (30-Day_Avg)'!AD429 | J19: =AVERAGE(B19:E19) | K19: =(J19-$B$33)/$B$33
A20: March | B20: ='Lead (30-Day_Avg)'!AA459 | C20: ='Lead (30-Day_Avg)'!AB459 | D20: ='Lead (30-Day_Avg)'!AC459 | E20: ='Lead (30-Day_Avg)'!AD459 | F20: ='Lead (30-Day_Avg)'!AA460 | G20: ='Lead (30-Day_Avg)'!AB460 | H20: ='Lead (30-Day_Avg)'!AC460 | I20: ='Lead (30-Day_Avg)'!AD460 | J20: =AVERAGE(B20:E20) | K20: =(J20-$B$33)/$B$33
A21: April | B21: ='Lead (30-Day_Avg)'!AA489 | C21: ='Lead (30-Day_Avg)'!AB489 | D21: ='Lead (30-Day_Avg)'!AC489 | E21: ='Lead (30-Day_Avg)'!AD489 | F21: ='Lead (30-Day_Avg)'!AA490 | G21: ='Lead (30-Day_Avg)'!AB490 | H21: ='Lead (30-Day_Avg)'!AC490 | I21: ='Lead (30-Day_Avg)'!AD490 | J21: =AVERAGE(B21:E21) | K21: =(J21-$B$33)/$B$33
A22: May | B22: ='Lead (30-Day_Avg)'!AA520 | C22: ='Lead (30-Day_Avg)'!AB520 | D22: ='Lead (30-Day_Avg)'!AC520 | E22: ='Lead (30-Day_Avg)'!AD520 | F22: ='Lead (30-Day_Avg)'!AA521 | G22: ='Lead (30-Day_Avg)'!AB521 | H22: ='Lead (30-Day_Avg)'!AC521 | I22: ='Lead (30-Day_Avg)'!AD521 | J22: =AVERAGE(B22:E22) | K22: =(J22-$B$33)/$B$33
A23: June | B23: ='Lead (30-Day_Avg)'!AA550 | C23: ='Lead (30-Day_Avg)'!AB550 | D23: ='Lead (30-Day_Avg)'!AC550 | E23: ='Lead (30-Day_Avg)'!AD550 | F23: ='Lead (30-Day_Avg)'!AA551 | G23: ='Lead (30-Day_Avg)'!AB551 | H23: ='Lead (30-Day_Avg)'!AC551 | I23: ='Lead (30-Day_Avg)'!AD551 | J23: =AVERAGE(B23:E23) | K23: =(J23-$B$33)/$B$33
A24: July | B24: ='Lead (30-Day_Avg)'!AA581 | C24: ='Lead (30-Day_Avg)'!AB581 | D24: ='Lead (30-Day_Avg)'!AC581 | E24: ='Lead (30-Day_Avg)'!AD581 | F24: ='Lead (30-Day_Avg)'!AA582 | G24: ='Lead (30-Day_Avg)'!AB582 | H24: ='Lead (30-Day_Avg)'!AC582 | I24: ='Lead (30-Day_Avg)'!AD582 | J24: =AVERAGE(B24:E24) | K24: =(J24-$B$33)/$B$33
A25: August | B25: ='Lead (30-Day_Avg)'!AA612 | C25: ='Lead (30-Day_Avg)'!AB612 | D25: ='Lead (30-Day_Avg)'!AC612 | E25: ='Lead (30-Day_Avg)'!AD612 | F25: ='Lead (30-Day_Avg)'!AA613 | G25: ='Lead (30-Day_Avg)'!AB613 | H25: ='Lead (30-Day_Avg)'!AC613 | I25: ='Lead (30-Day_Avg)'!AD613 | J25: =AVERAGE(B25:E25) | K25: =(J25-$B$33)/$B$33
A26: September | B26: ='Lead (30-Day_Avg)'!AA642 | C26: ='Lead (30-Day_Avg)'!AB642 | D26: ='Lead (30-Day_Avg)'!AC642 | E26: ='Lead (30-Day_Avg)'!AD642 | F26: ='Lead (30-Day_Avg)'!AA643 | G26: ='Lead (30-Day_Avg)'!AB643 | H26: ='Lead (30-Day_Avg)'!AC643 | I26: ='Lead (30-Day_Avg)'!AD643 | J26: =AVERAGE(B26:E26) | K26: =(J26-$B$33)/$B$33
A27: October | B27: ='Lead (30-Day_Avg)'!AA673 | C27: ='Lead (30-Day_Avg)'!AB673 | D27: ='Lead (30-Day_Avg)'!AC673 | E27: ='Lead (30-Day_Avg)'!AD673 | F27: ='Lead (30-Day_Avg)'!AA674 | G27: ='Lead (30-Day_Avg)'!AB674 | H27: ='Lead (30-Day_Avg)'!AC674 | I27: ='Lead (30-Day_Avg)'!AD674 | J27: =AVERAGE(B27:E27) | K27: =(J27-$B$33)/$B$33
A28: November | B28: ='Lead (30-Day_Avg)'!AA703 | C28: ='Lead (30-Day_Avg)'!AB703 | D28: ='Lead (30-Day_Avg)'!AC703 | E28: ='Lead (30-Day_Avg)'!AD703 | F28: ='Lead (30-Day_Avg)'!AA704 | G28: ='Lead (30-Day_Avg)'!AB704 | H28: ='Lead (30-Day_Avg)'!AC704 | I28: ='Lead (30-Day_Avg)'!AD704 | J28: =AVERAGE(B28:E28) | K28: =(J28-$B$33)/$B$33
A29: December | B29: ='Lead (30-Day_Avg)'!AA734 | C29: ='Lead (30-Day_Avg)'!AB734 | D29: ='Lead (30-Day_Avg)'!AC734 | E29: ='Lead (30-Day_Avg)'!AD734 | F29: ='Lead (30-Day_Avg)'!AA735 | G29: ='Lead (30-Day_Avg)'!AB735 | H29: ='Lead (30-Day_Avg)'!AC735 | I29: ='Lead (30-Day_Avg)'!AD735 | J29: =AVERAGE(B29:E29) | K29: =(J29-$B$33)/$B$33
B31: ='Lead (30-Day_Avg)'!AA741 | C31: ='Lead (30-Day_Avg)'!AB741 | D31: ='Lead (30-Day_Avg)'!AC741 | E31: ='Lead (30-Day_Avg)'!AD741 | F31: ='Lead (30-Day_Avg)'!AA742 | G31: ='Lead (30-Day_Avg)'!AB742 | H31: ='Lead (30-Day_Avg)'!AC742 | I31: ='Lead (30-Day_Avg)'!AD742
B33: ='Lead (30-Day_Avg)'!AA744
A36: ARSENIC
C37: Averages | G37: Maximum
A38: Month | B38: Station 1 | C38: Station 2 | D38: Station 4 | E38: Station 5 | F38: Station 1 | G38: Station 2 | H38: Station 4 | I38: Station 5
A39: January | B39: ='Arsenic (Daily)'!V400 | C39: ='Arsenic (Daily)'!W400 | D39: ='Arsenic (Daily)'!X400 | E39: ='Arsenic (Daily)'!Y400 | F39: ='Arsenic (Daily)'!V401 | G39: ='Arsenic (Daily)'!W401 | H39: ='Arsenic (Daily)'!X401 | I39: ='Arsenic (Daily)'!Y401 | J39: =AVERAGE(B39:E39) | K39: =(J39-$B$54)/$B$54
A40: February | B40: ='Arsenic (Daily)'!V428 | C40: ='Arsenic (Daily)'!W428 | D40: ='Arsenic (Daily)'!X428 | E40: ='Arsenic (Daily)'!Y428 | F40: ='Arsenic (Daily)'!V429 | G40: ='Arsenic (Daily)'!W429 | H40: ='Arsenic (Daily)'!X429 | I40: ='Arsenic (Daily)'!Y429 | J40: =AVERAGE(B40:E40) | K40: =(J40-$B$54)/$B$54
A41: March | B41: ='Arsenic (Daily)'!V459 | C41: ='Arsenic (Daily)'!W459 | D41: ='Arsenic (Daily)'!X459 | E41: ='Arsenic (Daily)'!Y459 | F41: ='Arsenic (Daily)'!V460 | G41: ='Arsenic (Daily)'!W460 | H41: ='Arsenic (Daily)'!X460 | I41: ='Arsenic (Daily)'!Y460 | J41: =AVERAGE(B41:E41) | K41: =(J41-$B$54)/$B$54
A42: April | B42: ='Arsenic (Daily)'!V490 | C42: ='Arsenic (Daily)'!W490 | D42: ='Arsenic (Daily)'!X490 | E42: ='Arsenic (Daily)'!Y490 | F42: ='Arsenic (Daily)'!V491 | G42: ='Arsenic (Daily)'!W491 | H42: ='Arsenic (Daily)'!X491 | I42: ='Arsenic (Daily)'!Y491 | J42: =AVERAGE(B42:E42) | K42: =(J42-$B$54)/$B$54
A43: May | B43: ='Arsenic (Daily)'!V520 | C43: ='Arsenic (Daily)'!W520 | D43: ='Arsenic (Daily)'!X520 | E43: ='Arsenic (Daily)'!Y520 | F43: ='Arsenic (Daily)'!V521 | G43: ='Arsenic (Daily)'!W521 | H43: ='Arsenic (Daily)'!X521 | I43: ='Arsenic (Daily)'!Y521 | J43: =AVERAGE(B43:E43) | K43: =(J43-$B$54)/$B$54
A44: June | B44: ='Arsenic (Daily)'!V551 | C44: ='Arsenic (Daily)'!W551 | D44: ='Arsenic (Daily)'!X551 | E44: ='Arsenic (Daily)'!Y551 | F44: ='Arsenic (Daily)'!V552 | G44: ='Arsenic (Daily)'!W552 | H44: ='Arsenic (Daily)'!X552 | I44: ='Arsenic (Daily)'!Y552 | J44: =AVERAGE(B44:E44) | K44: =(J44-$B$54)/$B$54
A45: July | B45: ='Arsenic (Daily)'!V581 | C45: ='Arsenic (Daily)'!W581 | D45: ='Arsenic (Daily)'!X581 | E45: ='Arsenic (Daily)'!Y581 | F45: ='Arsenic (Daily)'!V582 | G45: ='Arsenic (Daily)'!W582 | H45: ='Arsenic (Daily)'!X582 | I45: ='Arsenic (Daily)'!Y582 | J45: =AVERAGE(B45:E45) | K45: =(J45-$B$54)/$B$54
A46: August | B46: ='Arsenic (Daily)'!V612 | C46: ='Arsenic (Daily)'!W612 | D46: ='Arsenic (Daily)'!X612 | E46: ='Arsenic (Daily)'!Y612 | F46: ='Arsenic (Daily)'!V613 | G46: ='Arsenic (Daily)'!W613 | H46: ='Arsenic (Daily)'!X613 | I46: ='Arsenic (Daily)'!Y613 | J46: =AVERAGE(B46:E46) | K46: =(J46-$B$54)/$B$54
A47: September | B47: ='Arsenic (Daily)'!V643 | C47: ='Arsenic (Daily)'!W643 | D47: ='Arsenic (Daily)'!X643 | E47: ='Arsenic (Daily)'!Y643 | F47: ='Arsenic (Daily)'!V644 | G47: ='Arsenic (Daily)'!W644 | H47: ='Arsenic (Daily)'!X644 | I47: ='Arsenic (Daily)'!Y644 | J47: =AVERAGE(B47:E47) | K47: =(J47-$B$54)/$B$54
A48: October | B48: ='Arsenic (Daily)'!V673 | C48: ='Arsenic (Daily)'!W673 | D48: ='Arsenic (Daily)'!X673 | E48: ='Arsenic (Daily)'!Y673 | F48: ='Arsenic (Daily)'!V674 | G48: ='Arsenic (Daily)'!W674 | H48: ='Arsenic (Daily)'!X674 | I48: ='Arsenic (Daily)'!Y674 | J48: =AVERAGE(B48:E48) | K48: =(J48-$B$54)/$B$54
A49: November | B49: ='Arsenic (Daily)'!V704 | C49: ='Arsenic (Daily)'!W704 | D49: ='Arsenic (Daily)'!X704 | E49: ='Arsenic (Daily)'!Y704 | F49: ='Arsenic (Daily)'!V705 | G49: ='Arsenic (Daily)'!W705 | H49: ='Arsenic (Daily)'!X705 | I49: ='Arsenic (Daily)'!Y705 | J49: =AVERAGE(B49:E49) | K49: =(J49-$B$54)/$B$54
A50: December | B50: ='Arsenic (Daily)'!V734 | C50: ='Arsenic (Daily)'!W734 | D50: ='Arsenic (Daily)'!X734 | E50: ='Arsenic (Daily)'!Y734 | F50: ='Arsenic (Daily)'!V735 | G50: ='Arsenic (Daily)'!W735 | H50: ='Arsenic (Daily)'!X735 | I50: ='Arsenic (Daily)'!Y735 | J50: =AVERAGE(B50:E50) | K50: =(J50-$B$54)/$B$54
B52: ='Arsenic (Daily)'!V741 | C52: ='Arsenic (Daily)'!W741 | D52: ='Arsenic (Daily)'!X741 | E52: ='Arsenic (Daily)'!Y741 | F52: ='Arsenic (Daily)'!V742 | G52: ='Arsenic (Daily)'!W742 | H52: ='Arsenic (Daily)'!X742 | I52: ='Arsenic (Daily)'!Y742
B54: ='Arsenic (Daily)'!V744
A57: 98th percentile | B57: Station 1 | C57: Station 2 | D57: Station 4 | E57: Station 5 | F57: ALL Stations
A58: Lead (µg/m3) | B58: ='Lead (30-Day_Avg)'!BZ6 | C58: ='Lead (30-Day_Avg)'!CA6 | D58: ='Lead (30-Day_Avg)'!CB6 | E58: ='Lead (30-Day_Avg)'!CC6 | F58: ='Lead (30-Day_Avg)'!CD6 | G58: 0.075 | H58: =(G58-F58)/F58
A59: Arsenic (ng/m3) | B59: ='Arsenic (Daily)'!BV6 | C59: ='Arsenic (Daily)'!BW6 | D59: ='Arsenic (Daily)'!BX6 | E59: ='Arsenic (Daily)'!BY6 | F59: ='Arsenic (Daily)'!BZ6 | G59: 2.5 | H59: =(G59-F59)/F59
A62: 98th percentile | B62: Station 1 | C62: Station 2 | D62: Station 4 | E62: Station 5 | F62: ALL Stations | G62: Proposed Limit
A63: Lead (µg/m3) | B63: 0.063554 | C63: 0.060162 | D63: 0.0664 | E63: 0.0646 | F63: 0.064348 | G63: 0.075
A64: Arsenic (ng/m3) | B64: 2.04546 | C64: 2.02384 | D64: 1.749 | E64: 1.858 | F64: 1.93282 | G64: 2.5

Sheet 2020 Summary
A1: Weekend / Weekday Ambient Monitor Results
C4: Lead (µg/m3) | F4: Arsenic (ng/m3)
A5: Parameter | B5: WeekEND | C5: WeekDAY | D5: % WD Diff | E5: WeekEND | F5: WeekDAY | G5: % WD Diff
A6: Maximum: | B6: ='Lead (30-Day_Avg)'!Z5 | C6: ='Lead (30-Day_Avg)'!AA5 | D6: =(C6-B6)/B6 | E6: ='Arsenic (Daily)'!V5 | F6: ='Arsenic (Daily)'!W5 | G6: =(F6-E6)/E6
A7: 90th percentile: | B7: ='Lead (30-Day_Avg)'!Z6 | C7: ='Lead (30-Day_Avg)'!AA6 | D7: =(C7-B7)/B7 | E7: ='Arsenic (Daily)'!V6 | F7: ='Arsenic (Daily)'!W6 | G7: =(F7-E7)/E7
A8: 75th percentile: | B8: ='Lead (30-Day_Avg)'!Z7 | C8: ='Lead (30-Day_Avg)'!AA7 | D8: =(C8-B8)/B8 | E8: ='Arsenic (Daily)'!V7 | F8: ='Arsenic (Daily)'!W7 | G8: =(F8-E8)/E8
A9: Average: | B9: ='Lead (30-Day_Avg)'!Z8 | C9: ='Lead (30-Day_Avg)'!AA8 | D9: =(C9-B9)/B9 | E9: ='Arsenic (Daily)'!V8 | F9: ='Arsenic (Daily)'!W8 | G9: =(F9-E9)/E9
A12: Excluding extraordinary events (looking at "normal" operations only).
A15: LEAD
C16: Averages | G16: Maximum
A17: Month | B17: Station 1 | C17: Station 2 | D17: Station 4 | E17: Station 5 | F17: Station 1 | G17: Station 2 | H17: Station 4 | I17: Station 5
A18: January | B18: ='Lead (30-Day_Avg)'!AA765 | C18: ='Lead (30-Day_Avg)'!AB765 | D18: ='Lead (30-Day_Avg)'!AC765 | E18: ='Lead (30-Day_Avg)'!AD765 | F18: ='Lead (30-Day_Avg)'!AA766 | G18: ='Lead (30-Day_Avg)'!AB766 | H18: ='Lead (30-Day_Avg)'!AC766 | I18: ='Lead (30-Day_Avg)'!AD766 | J18: =AVERAGE(B18:E18) | K18: =(J18-$B$33)/$B$33 | N18: 765 | O18: =1+N18
A19: February | B19: ='Lead (30-Day_Avg)'!AA795 | C19: ='Lead (30-Day_Avg)'!AB795 | D19: ='Lead (30-Day_Avg)'!AC795 | E19: ='Lead (30-Day_Avg)'!AD795 | F19: ='Lead (30-Day_Avg)'!AA796 | G19: ='Lead (30-Day_Avg)'!AB796 | H19: ='Lead (30-Day_Avg)'!AC796 | I19: ='Lead (30-Day_Avg)'!AD796 | J19: =AVERAGE(B19:E19) | K19: =(J19-$B$33)/$B$33 | M19: 29 | N19: =N18+M19+1 | O19: =1+N19
A20: March | B20: ='Lead (30-Day_Avg)'!AA825 | C20: ='Lead (30-Day_Avg)'!AB825 | D20: ='Lead (30-Day_Avg)'!AC825 | E20: ='Lead (30-Day_Avg)'!AD825 | F20: ='Lead (30-Day_Avg)'!AA826 | G20: ='Lead (30-Day_Avg)'!AB826 | H20: ='Lead (30-Day_Avg)'!AC826 | I20: ='Lead (30-Day_Avg)'!AD826 | J20: =AVERAGE(B20:E20) | K20: =(J20-$B$33)/$B$33 | M20: 31 | N20: =N19+M20-1 | O20: =1+N20
A21: April | B21: ='Lead (30-Day_Avg)'!AA855 | C21: ='Lead (30-Day_Avg)'!AB855 | D21: ='Lead (30-Day_Avg)'!AC855 | E21: ='Lead (30-Day_Avg)'!AD855 | F21: ='Lead (30-Day_Avg)'!AA856 | G21: ='Lead (30-Day_Avg)'!AB856 | H21: ='Lead (30-Day_Avg)'!AC856 | I21: ='Lead (30-Day_Avg)'!AD856 | J21: =AVERAGE(B21:E21) | K21: =(J21-$B$33)/$B$33 | M21: 30 | N21: 855 | O21: =1+N21
A22: May | B22: ='Lead (30-Day_Avg)'!AA886 | C22: ='Lead (30-Day_Avg)'!AB886 | D22: ='Lead (30-Day_Avg)'!AC886 | E22: ='Lead (30-Day_Avg)'!AD886 | F22: ='Lead (30-Day_Avg)'!AA887 | G22: ='Lead (30-Day_Avg)'!AB887 | H22: ='Lead (30-Day_Avg)'!AC887 | I22: ='Lead (30-Day_Avg)'!AD887 | J22: =AVERAGE(B22:E22) | K22: =(J22-$B$33)/$B$33 | M22: 31 | N22: 886 | O22: =1+N22
A23: June | B23: ='Lead (30-Day_Avg)'!AA916 | C23: ='Lead (30-Day_Avg)'!AB916 | D23: ='Lead (30-Day_Avg)'!AC916 | E23: ='Lead (30-Day_Avg)'!AD916 | F23: ='Lead (30-Day_Avg)'!AA917 | G23: ='Lead (30-Day_Avg)'!AB917 | H23: ='Lead (30-Day_Avg)'!AC917 | I23: ='Lead (30-Day_Avg)'!AD917 | J23: =AVERAGE(B23:E23) | K23: =(J23-$B$33)/$B$33 | M23: 30 | N23: 916 | O23: =1+N23
A24: July | B24: ='Lead (30-Day_Avg)'!AA947 | C24: ='Lead (30-Day_Avg)'!AB947 | D24: ='Lead (30-Day_Avg)'!AC947 | E24: ='Lead (30-Day_Avg)'!AD947 | F24: ='Lead (30-Day_Avg)'!AA948 | G24: ='Lead (30-Day_Avg)'!AB948 | H24: ='Lead (30-Day_Avg)'!AC948 | I24: ='Lead (30-Day_Avg)'!AD948 | J24: =AVERAGE(B24:E24) | K24: =(J24-$B$33)/$B$33 | M24: 31 | N24: 947 | O24: =1+N24
A25: August | B25: ='Lead (30-Day_Avg)'!AA978 | C25: ='Lead (30-Day_Avg)'!AB978 | D25: ='Lead (30-Day_Avg)'!AC978 | E25: ='Lead (30-Day_Avg)'!AD978 | F25: ='Lead (30-Day_Avg)'!AA979 | G25: ='Lead (30-Day_Avg)'!AB979 | H25: ='Lead (30-Day_Avg)'!AC979 | I25: ='Lead (30-Day_Avg)'!AD979 | J25: =AVERAGE(B25:E25) | K25: =(J25-$B$33)/$B$33 | M25: 31 | N25: 978 | O25: =1+N25
A26: September | B26: ='Lead (30-Day_Avg)'!AA1008 | C26: ='Lead (30-Day_Avg)'!AB1008 | D26: ='Lead (30-Day_Avg)'!AC1008 | E26: ='Lead (30-Day_Avg)'!AD1008 | F26: ='Lead (30-Day_Avg)'!AA1009 | G26: ='Lead (30-Day_Avg)'!AB1009 | H26: ='Lead (30-Day_Avg)'!AC1009 | I26: ='Lead (30-Day_Avg)'!AD1009 | J26: =AVERAGE(B26:E26) | K26: =(J26-$B$33)/$B$33 | M26: 30 | N26: 1008 | O26: =1+N26
A27: October | B27: ='Lead (30-Day_Avg)'!AA1039 | C27: ='Lead (30-Day_Avg)'!AB1039 | D27: ='Lead (30-Day_Avg)'!AC1039 | E27: ='Lead (30-Day_Avg)'!AD1039 | F27: ='Lead (30-Day_Avg)'!AA1040 | G27: ='Lead (30-Day_Avg)'!AB1040 | H27: ='Lead (30-Day_Avg)'!AC1040 | I27: ='Lead (30-Day_Avg)'!AD1040 | J27: =AVERAGE(B27:E27) | K27: =(J27-$B$33)/$B$33 | M27: 31 | N27: 1039 | O27: =1+N27
A28: November | B28: ='Lead (30-Day_Avg)'!AA1069 | C28: ='Lead (30-Day_Avg)'!AB1069 | D28: ='Lead (30-Day_Avg)'!AC1069 | E28: ='Lead (30-Day_Avg)'!AD1069 | F28: ='Lead (30-Day_Avg)'!AA1070 | G28: ='Lead (30-Day_Avg)'!AB1070 | H28: ='Lead (30-Day_Avg)'!AC1070 | I28: ='Lead (30-Day_Avg)'!AD1070 | J28: =AVERAGE(B28:E28) | K28: =(J28-$B$33)/$B$33 | M28: 30 | N28: 1069 | O28: =1+N28
A29: December | B29: ='Lead (30-Day_Avg)'!AA1100 | C29: ='Lead (30-Day_Avg)'!AB1100 | D29: ='Lead (30-Day_Avg)'!AC1100 | E29: ='Lead (30-Day_Avg)'!AD1100 | F29: ='Lead (30-Day_Avg)'!AA1101 | G29: ='Lead (30-Day_Avg)'!AB1101 | H29: ='Lead (30-Day_Avg)'!AC1101 | I29: ='Lead (30-Day_Avg)'!AD1101 | J29: =AVERAGE(B29:E29) | K29: =(J29-$B$33)/$B$33 | M29: 31 | N29: 1100 | O29: =1+N29
B31: ='Lead (30-Day_Avg)'!AA741 | C31: ='Lead (30-Day_Avg)'!AB741 | D31: ='Lead (30-Day_Avg)'!AC741 | E31: ='Lead (30-Day_Avg)'!AD741 | F31: ='Lead (30-Day_Avg)'!AA742 | G31: ='Lead (30-Day_Avg)'!AB742 | H31: ='Lead (30-Day_Avg)'!AC742 | I31: ='Lead (30-Day_Avg)'!AD742
B33: ='Lead (30-Day_Avg)'!AA1110
A36: ARSENIC | M36: ARSENIC
C37: Averages | G37: Maximum
A38: Month | B38: Station 1 | C38: Station 2 | D38: Station 4 | E38: Station 5 | F38: Station 1 | G38: Station 2 | H38: Station 4 | I38: Station 5 | M38: Month | N38: Average
A39: January | B39: ='Arsenic (Daily)'!V765 | C39: ='Arsenic (Daily)'!W765 | D39: ='Arsenic (Daily)'!X765 | E39: ='Arsenic (Daily)'!Y765 | F39: ='Arsenic (Daily)'!V766 | G39: ='Arsenic (Daily)'!W766 | H39: ='Arsenic (Daily)'!X766 | I39: ='Arsenic (Daily)'!Y766 | J39: =AVERAGE(B39:E39) | K39: =(J39-$B$54)/$B$54 | M39: January | N39: 1.0887102
A40: February | B40: ='Arsenic (Daily)'!V793 | C40: ='Arsenic (Daily)'!W793 | D40: ='Arsenic (Daily)'!X793 | E40: ='Arsenic (Daily)'!Y793 | F40: ='Arsenic (Daily)'!V794 | G40: ='Arsenic (Daily)'!W794 | H40: ='Arsenic (Daily)'!X794 | I40: ='Arsenic (Daily)'!Y794 | J40: =AVERAGE(B40:E40) | K40: =(J40-$B$54)/$B$54 | M40: February | N40: 1.0717926
A41: March | B41: ='Arsenic (Daily)'!V825 | C41: ='Arsenic (Daily)'!W825 | D41: ='Arsenic (Daily)'!X825 | E41: ='Arsenic (Daily)'!Y825 | F41: ='Arsenic (Daily)'!V826 | G41: ='Arsenic (Daily)'!W826 | H41: ='Arsenic (Daily)'!X826 | I41: ='Arsenic (Daily)'!Y826 | J41: =AVERAGE(B41:E41) | K41: =(J41-$B$54)/$B$54 | M41: March | N41: 0.58036048
A42: April | B42: ='Arsenic (Daily)'!V856 | C42: ='Arsenic (Daily)'!W856 | D42: ='Arsenic (Daily)'!X856 | E42: ='Arsenic (Daily)'!Y856 | F42: ='Arsenic (Daily)'!V857 | G42: ='Arsenic (Daily)'!W857 | H42: ='Arsenic (Daily)'!X857 | I42: ='Arsenic (Daily)'!Y857 | J42: =AVERAGE(B42:E42) | K42: =(J42-$B$54)/$B$54 | M42: April | N42: 0.63166833
A43: May | B43: ='Arsenic (Daily)'!V886 | C43: ='Arsenic (Daily)'!W886 | D43: ='Arsenic (Daily)'!X886 | E43: ='Arsenic (Daily)'!Y886 | F43: ='Arsenic (Daily)'!V887 | G43: ='Arsenic (Daily)'!W887 | H43: ='Arsenic (Daily)'!X887 | I43: ='Arsenic (Daily)'!Y887 | J43: =AVERAGE(B43:E43) | K43: =(J43-$B$54)/$B$54 | M43: May | N43: 0.7507543
A44: June | B44: ='Arsenic (Daily)'!V917 | C44: ='Arsenic (Daily)'!W917 | D44: ='Arsenic (Daily)'!X917 | E44: ='Arsenic (Daily)'!Y917 | F44: ='Arsenic (Daily)'!V918 | G44: ='Arsenic (Daily)'!W918 | H44: ='Arsenic (Daily)'!X918 | I44: ='Arsenic (Daily)'!Y918 | J44: =AVERAGE(B44:E44) | K44: =(J44-$B$54)/$B$54 | M44: June | N44: 0.6883
A45: July | B45: ='Arsenic (Daily)'!V947 | C45: ='Arsenic (Daily)'!W947 | D45: ='Arsenic (Daily)'!X947 | E45: ='Arsenic (Daily)'!Y947 | F45: ='Arsenic (Daily)'!V948 | G45: ='Arsenic (Daily)'!W948 | H45: ='Arsenic (Daily)'!X948 | I45: ='Arsenic (Daily)'!Y948 | J45: =AVERAGE(B45:E45) | K45: =(J45-$B$54)/$B$54 | M45: July | N45: 0.89686042
A46: August | B46: ='Arsenic (Daily)'!V978 | C46: ='Arsenic (Daily)'!W978 | D46: ='Arsenic (Daily)'!X978 | E46: ='Arsenic (Daily)'!Y978 | F46: ='Arsenic (Daily)'!V979 | G46: ='Arsenic (Daily)'!W979 | H46: ='Arsenic (Daily)'!X979 | I46: ='Arsenic (Daily)'!Y979 | J46: =AVERAGE(B46:E46) | K46: =(J46-$B$54)/$B$54 | M46: August | N46: 0.94646928
A47: September | B47: ='Arsenic (Daily)'!V1009 | C47: ='Arsenic (Daily)'!W1009 | D47: ='Arsenic (Daily)'!X1009 | E47: ='Arsenic (Daily)'!Y1009 | F47: ='Arsenic (Daily)'!V1010 | G47: ='Arsenic (Daily)'!W1010 | H47: ='Arsenic (Daily)'!X1010 | I47: ='Arsenic (Daily)'!Y1010 | J47: =AVERAGE(B47:E47) | K47: =(J47-$B$54)/$B$54 | M47: September | N47: 1.3210606
A48: October | B48: ='Arsenic (Daily)'!V1039 | C48: ='Arsenic (Daily)'!W1039 | D48: ='Arsenic (Daily)'!X1039 | E48: ='Arsenic (Daily)'!Y1039 | F48: ='Arsenic (Daily)'!V1040 | G48: ='Arsenic (Daily)'!W1040 | H48: ='Arsenic (Daily)'!X1040 | I48: ='Arsenic (Daily)'!Y1040 | J48: =AVERAGE(B48:E48) | K48: =(J48-$B$54)/$B$54 | M48: October | N48: 1.673792
A49: November | B49: ='Arsenic (Daily)'!V1070 | C49: ='Arsenic (Daily)'!W1070 | D49: ='Arsenic (Daily)'!X1070 | E49: ='Arsenic (Daily)'!Y1070 | F49: ='Arsenic (Daily)'!V1071 | G49: ='Arsenic (Daily)'!W1071 | H49: ='Arsenic (Daily)'!X1071 | I49: ='Arsenic (Daily)'!Y1071 | J49: =AVERAGE(B49:E49) | K49: =(J49-$B$54)/$B$54 | M49: November | N49: 1.2384024
A50: December | B50: ='Arsenic (Daily)'!V1100 | C50: ='Arsenic (Daily)'!W1100 | D50: ='Arsenic (Daily)'!X1100 | E50: ='Arsenic (Daily)'!Y1100 | F50: ='Arsenic (Daily)'!V1101 | G50: ='Arsenic (Daily)'!W1101 | H50: ='Arsenic (Daily)'!X1101 | I50: ='Arsenic (Daily)'!Y1101 | J50: =AVERAGE(B50:E50) | K50: =(J50-$B$54)/$B$54 | M50: December | N50: 1.6062174
B52: ='Arsenic (Daily)'!V741 | C52: ='Arsenic (Daily)'!W741 | D52: ='Arsenic (Daily)'!X741 | E52: ='Arsenic (Daily)'!Y741 | F52: ='Arsenic (Daily)'!V742 | G52: ='Arsenic (Daily)'!W742 | H52: ='Arsenic (Daily)'!X742 | I52: ='Arsenic (Daily)'!Y742
B54: ='Arsenic (Daily)'!V1110
A57: 98th percentile | B57: Station 1 | C57: Station 2 | D57: Station 4 | E57: Station 5 | F57: ALL Stations
A58: Lead (µg/m3) | B58: ='Lead (30-Day_Avg)'!BS6 | C58: ='Lead (30-Day_Avg)'!BT6 | D58: ='Lead (30-Day_Avg)'!BU6 | E58: ='Lead (30-Day_Avg)'!BV6 | F58: ='Lead (30-Day_Avg)'!BW6 | G58: 0.075 | H58: =(G58-F58)/F58
A59: Arsenic (ng/m3) | B59: ='Arsenic (Daily)'!BV6 | C59: ='Arsenic (Daily)'!BW6 | D59: ='Arsenic (Daily)'!BX6 | E59: ='Arsenic (Daily)'!BY6 | F59: ='Arsenic (Daily)'!BZ6 | G59: 2.5 | H59: =(G59-F59)/F59
A62: 98th percentile | B62: Station 1 | C62: Station 2 | D62: Station 4 | E62: Station 5 | F62: ALL Stations | G62: Proposed Limit
A63: Lead (µg/m3) | B63: 0.05131 | C63: 0.050022 | D63: 0.0592 | E63: 0.049572 | F63: 0.052268 | G63: 0.075
A64: Arsenic (ng/m3) | B64: 2.04546 | C64: 2.02384 | D64: 1.749 | E64: 1.858 | F64: 1.93282 | G64: 2.5
M67: Month | N67: ARSENIC | O67: LEAD
L68: 2019 | M68: January | N68: 0.86994211 | O68: 0.025568163
M69: February | N69: 0.61462597 | O69: 0.025587192
M70: March | N70: 0.88407287 | O70: 0.02511166
M71: April | N71: 1.1458221 | O71: 0.053579345
M72: May | N72: 0.73228103 | O72: 0.025170152
M73: June | N73: 0.85924119 | O73: 0.022451833
M74: July | N74: 0.93934471 | O74: 0.02140836
M75: August | N75: 0.97860589 | O75: 0.023002469
M76: September | N76: 0.94683855 | O76: 0.02253593
M77: October | N77: 1.2568778 | O77: 0.029919171
M78: November | N78: 1.025692 | O78: 0.023408571
M79: December | N79: 0.85416456 | O79: 0.018926107
L80: 2020 | M80: January | N80: 1.0887102 | O80: 0.024575205
M81: February | N81: 1.0717926 | O81: 0.023216841
M82: March | N82: 0.58036048 | O82: 0.020809539
M83: April | N83: 0.63166833 | O83: 0.014565363
M84: May | N84: 0.7507543 | O84: 0.024180596
M85: June | N85: 0.6883 | O85: 0.019267476
M86: July | N86: 0.89686042 | O86: 0.017282899
M87: August | N87: 0.94646928 | O87: 0.019908121
M88: September | N88: 1.3210606 | O88: 0.0248635 | P88: Lead in Air
M89: October | N89: 1.673792 | O89: 0.026936192 | P89: Lead in Air
M90: November | N90: 1.2384024 | O90: 0.024928345 | P90: Lead in Air
M91: December | N91: 1.6062174 | O91: 0.027965657 | P91: Lead in Air

Sheet 2021 Summary
A1: Monthly Ambient Monitor Statistics -- 2021
C4: Lead (µg/m3) | F4: Arsenic (ng/m3)
A5: Parameter | B5: WeekEND | C5: WeekDAY | D5: % WD Diff | E5: WeekEND | F5: WeekDAY | G5: % WD Diff
A6: Maximum: | B6: ='Lead (30-Day_Avg)'!Z5 | C6: ='Lead (30-Day_Avg)'!AA5 | D6: =(C6-B6)/B6 | E6: ='Arsenic (Daily)'!V5 | F6: ='Arsenic (Daily)'!W5 | G6: =(F6-E6)/E6
A7: 90th percentile: | B7: ='Lead (30-Day_Avg)'!Z6 | C7: ='Lead (30-Day_Avg)'!AA6 | D7: =(C7-B7)/B7 | E7: ='Arsenic (Daily)'!V6 | F7: ='Arsenic (Daily)'!W6 | G7: =(F7-E7)/E7
A8: 75th percentile: | B8: ='Lead (30-Day_Avg)'!Z7 | C8: ='Lead (30-Day_Avg)'!AA7 | D8: =(C8-B8)/B8 | E8: ='Arsenic (Daily)'!V7 | F8: ='Arsenic (Daily)'!W7 | G8: =(F8-E8)/E8
A9: Average: | B9: ='Lead (30-Day_Avg)'!Z8 | C9: ='Lead (30-Day_Avg)'!AA8 | D9: =(C9-B9)/B9 | E9: ='Arsenic (Daily)'!V8 | F9: ='Arsenic (Daily)'!W8 | G9: =(F9-E9)/E9
A12: Excluding extraordinary events (looking at "normal" operations only).
A15: LEAD
C16: Averages | G16: Maximum
A17: Month | B17: Station 1 | C17: Station 2 | D17: Station 4 | E17: Station 5 | F17: Station 1 | G17: Station 2 | H17: Station 4 | I17: Station 5
A18: January | B18: ='Lead (30-Day_Avg)'!AA1131 | C18: ='Lead (30-Day_Avg)'!AB1131 | D18: ='Lead (30-Day_Avg)'!AC1131 | E18: ='Lead (30-Day_Avg)'!AD1131 | F18: ='Lead (30-Day_Avg)'!AA1132 | G18: ='Lead (30-Day_Avg)'!AB1132 | H18: ='Lead (30-Day_Avg)'!AC766 | I18: ='Lead (30-Day_Avg)'!AD766 | J18: =AVERAGE(B18:E18) | K18: =(J18-$B$33)/$B$33 | N18: 765 | O18: =1+N18
A19: February | B19: ='Lead (30-Day_Avg)'!AA1160 | C19: ='Lead (30-Day_Avg)'!AB1160 | D19: ='Lead (30-Day_Avg)'!AC1160 | E19: ='Lead (30-Day_Avg)'!AD1160 | F19: ='Lead (30-Day_Avg)'!AA1161 | G19: ='Lead (30-Day_Avg)'!AB1161 | H19: ='Lead (30-Day_Avg)'!AC1161 | I19: ='Lead (30-Day_Avg)'!AD1161 | J19: =AVERAGE(B19:E19) | K19: =(J19-$B$33)/$B$33 | M19: 29 | N19: =N18+M19+1 | O19: =1+N19
A20: March | J20: =AVERAGE(B20:E20) | K20: =(J20-$B$33)/$B$33 | M20: 31 | N20: =N19+M20-1 | O20: =1+N20
A21: April | J21: =AVERAGE(B21:E21) | K21: =(J21-$B$33)/$B$33 | M21: 30 | N21: 855 | O21: =1+N21
A22: May | J22: =AVERAGE(B22:E22) | K22: =(J22-$B$33)/$B$33 | M22: 31 | N22: 886 | O22: =1+N22
A23: June | J23: =AVERAGE(B23:E23) | K23: =(J23-$B$33)/$B$33 | M23: 30 | N23: 916 | O23: =1+N23
A24: July | J24: =AVERAGE(B24:E24) | K24: =(J24-$B$33)/$B$33 | M24: 31 | N24: 947 | O24: =1+N24
A25: August | J25: =AVERAGE(B25:E25) | K25: =(J25-$B$33)/$B$33 | M25: 31 | N25: 978 | O25: =1+N25
A26: September | J26: =AVERAGE(B26:E26) | K26: =(J26-$B$33)/$B$33 | M26: 30 | N26: 1008 | O26: =1+N26
A27: October | J27: =AVERAGE(B27:E27) | K27: =(J27-$B$33)/$B$33 | M27: 31 | N27: 1039 | O27: =1+N27
A28: November | J28: =AVERAGE(B28:E28) | K28: =(J28-$B$33)/$B$33 | M28: 30 | N28: 1069 | O28: =1+N28
A29: December | J29: =AVERAGE(B29:E29) | K29: =(J29-$B$33)/$B$33 | M29: 31 | N29: 1100 | O29: =1+N29
B31: ='Lead (30-Day_Avg)'!AA741 | C31: ='Lead (30-Day_Avg)'!AB741 | D31: ='Lead (30-Day_Avg)'!AC741 | E31: ='Lead (30-Day_Avg)'!AD741 | F31: ='Lead (30-Day_Avg)'!AA742 | G31: ='Lead (30-Day_Avg)'!AB742 | H31: ='Lead (30-Day_Avg)'!AC742 | I31: ='Lead (30-Day_Avg)'!AD742
B33: ='Lead (30-Day_Avg)'!AA1110
A36: ARSENIC | M36: ARSENIC
C37: Averages | G37: Maximum
A38: Month | B38: Station 1 | C38: Station 2 | D38: Station 4 | E38: Station 5 | F38: Station 1 | G38: Station 2 | H38: Station 4 | I38: Station 5 | M38: Month | N38: Average
A39: January | B39: ='Arsenic (Daily)'!V1131 | C39: ='Arsenic (Daily)'!W1131 | D39: ='Arsenic (Daily)'!X1131 | E39: ='Arsenic (Daily)'!Y1131 | F39: ='Arsenic (Daily)'!V1132 | G39: ='Arsenic (Daily)'!W1132 | H39: ='Arsenic (Daily)'!X1132 | I39: ='Arsenic (Daily)'!Y1132 | J39: =AVERAGE(B39:E39) | K39: =(J39-$B$54)/$B$54 | M39: January
A40: February | B40: ='Arsenic (Daily)'!V1159 | C40: ='Arsenic (Daily)'!W1159 | D40: ='Arsenic (Daily)'!X1159 | E40: ='Arsenic (Daily)'!Y1159 | F40: ='Arsenic (Daily)'!V1160 | G40: ='Arsenic (Daily)'!W1160 | H40: ='Arsenic (Daily)'!X1160 | I40: ='Arsenic (Daily)'!Y1160 | J40: =AVERAGE(B40:E40) | K40: =(J40-$B$54)/$B$54 | M40: February
A41: March | J41: =AVERAGE(B41:E41) | K41: =(J41-$B$54)/$B$54 | M41: March
A42: April | J42: =AVERAGE(B42:E42) | K42: =(J42-$B$54)/$B$54 | M42: April
A43: May | J43: =AVERAGE(B43:E43) | K43: =(J43-$B$54)/$B$54 | M43: May
A44: June | J44: =AVERAGE(B44:E44) | K44: =(J44-$B$54)/$B$54 | M44: June
A45: July | J45: =AVERAGE(B45:E45) | K45: =(J45-$B$54)/$B$54 | M45: July
A46: August | J46: =AVERAGE(B46:E46) | K46: =(J46-$B$54)/$B$54 | M46: August
A47: September | J47: =AVERAGE(B47:E47) | K47: =(J47-$B$54)/$B$54 | M47: September
A48: October | J48: =AVERAGE(B48:E48) | K48: =(J48-$B$54)/$B$54 | M48: October
A49: November | J49: =AVERAGE(B49:E49) | K49: =(J49-$B$54)/$B$54 | M49: November
A50: December | J50: =AVERAGE(B50:E50) | K50: =(J50-$B$54)/$B$54 | M50: December
B52: ='Arsenic (Daily)'!V741 | C52: ='Arsenic (Daily)'!W741 | D52: ='Arsenic (Daily)'!X741 | E52: ='Arsenic (Daily)'!Y741 | F52: ='Arsenic (Daily)'!V742 | G52: ='Arsenic (Daily)'!W742 | H52: ='Arsenic (Daily)'!X742 | I52: ='Arsenic (Daily)'!Y742
B54: ='Arsenic (Daily)'!V1110
A57: 98th percentile | B57: Station 1 | C57: Station 2 | D57: Station 4 | E57: Station 5 | F57: ALL Stations
A58: Lead (µg/m3) | B58: ='Lead (30-Day_Avg)'!BL6 | C58: ='Lead (30-Day_Avg)'!BM6 | D58: ='Lead (30-Day_Avg)'!BN6 | E58: ='Lead (30-Day_Avg)'!BO6 | F58: ='Lead (30-Day_Avg)'!BP6 | G58: 0.075 | H58: =(G58-F58)/F58
A59: Arsenic (ng/m3) | B59: ='Arsenic (Daily)'!BV6 | C59: ='Arsenic (Daily)'!BW6 | D59: ='Arsenic (Daily)'!BX6 | E59: ='Arsenic (Daily)'!BY6 | F59: ='Arsenic (Daily)'!BZ6 | G59: 2.5 | H59: =(G59-F59)/F59
A62: 98th percentile | B62: Station 1 | C62: Station 2 | D62: Station 4 | E62: Station 5 | F62: ALL Stations | G62: Proposed Limit
A63: Lead (µg/m3) | B63: 0.063554 | C63: 0.060162 | D63: 0.0664 | E63: 0.0646 | F63: 0.064348 | G63: 0.075
A64: Arsenic (ng/m3) | B64: 2.04546 | C64: 2.02384 | D64: 1.749 | E64: 1.858 | F64: 1.93282 | G64: 2.5
M67: Month | N67: ARSENIC | O67: LEAD
L68: 2019 | M68: January | N68: 0.86994211 | O68: 0.025568163
M69: February | N69: 0.61462597 | O69: 0.025587192
M70: March | N70: 0.88407287 | O70: 0.02511166
M71: April | N71: 1.1458221 | O71: 0.053579345
M72: May | N72: 0.73228103 | O72: 0.025170152
M73: June | N73: 0.85924119 | O73: 0.022451833
M74: July | N74: 0.93934471 | O74: 0.02140836
M75: August | N75: 0.97860589 | O75: 0.023002469
M76: September | N76: 0.94683855 | O76: 0.02253593
M77: October | N77: 1.2568778 | O77: 0.029919171
M78: November | N78: 1.025692 | O78: 0.023408571
M79: December | N79: 0.85416456 | O79: 0.018926107
L80: 2020 | M80: January | N80: 1.0887102 | O80: 0.024575205
M81: February | N81: 1.0717926 | O81: 0.023216841
M82: March | N82: 0.58036048 | O82: 0.020809539
M83: April | N83: 0.63166833 | O83: 0.014565363
M84: May | N84: 0.7507543 | O84: 0.024180596
M85: June | N85: 0.6883 | O85: 0.019267476
M86: July | N86: 0.89686042 | O86: 0.017282899
M87: August | N87: 0.94646928 | O87: 0.019908121
M88: September | N88: 1.3210606 | O88: 0.0248635
M89: October | N89: 1.673792 | O89: 0.026936192
M90: November | N90: 1.2384024 | O90: 0.024928345
M91: December | N91: 1.6062174 | O91: 0.027965657

Sheet Average Summary
C3: Lead Averages | G3: Arsenic Averages
A4: Month | B4: Station 1 | C4: Station 2 | D4: Station 4 | E4: Station 5 | F4: Station 1 | G4: Station 2 | H4: Station 4 | I4: Station 5 | J4: All Stations | W4: 0 | X4: 0 | Y4: 0 | Z4: 0
A5: 43101 | F5: ='2018 Summary'!B39 | G5: ='2018 Summary'!C39 | H5: ='2018 Summary'!D39 | I5: ='2018 Summary'!E39 | J5: =AVERAGE(F5:I5) | O5: =IF(F5>=1.25,1,0) | P5: =IF(G5>=1.25,1,0) | Q5: =IF(H5>=1.25,1,0) | R5: =IF(I5>=1.25,1,0) | S5: =IF(F5>=1,1,0) | T5: =IF(G5>=1,1,0) | U5: =IF(H5>=1,1,0) | V5: =IF(I5>=1,1,0) | W5: =IF(S5=1,S5+W4,0) | X5: =IF(T5=1,T5+X4,0) | Y5: =IF(U5=1,U5+Y4,0) | Z5: =IF(V5=1,V5+Z4,0)
A6: 43132 | F6: ='2018 Summary'!B40 | G6: ='2018 Summary'!C40 | H6: ='2018 Summary'!D40 | I6: ='2018 Summary'!E40 | J6: =AVERAGE(F6:I6) | O6: =IF(F6>=1.25,1,0) | P6: =IF(G6>=1.25,1,0) | Q6: =IF(H6>=1.25,1,0) | R6: =IF(I6>=1.25,1,0) | S6: =IF(F6>=1,1,0) | T6: =IF(G6>=1,1,0) | U6: =IF(H6>=1,1,0) | V6: =IF(I6>=1,1,0) | W6: =IF(S6=1,S6+W5,0) | X6: =IF(T6=1,T6+X5,0) | Y6: =IF(U6=1,U6+Y5,0) | Z6: =IF(V6=1,V6+Z5,0)
A7: 43160 | F7: ='2018 Summary'!B41 | G7: ='2018 Summary'!C41 | H7: ='2018 Summary'!D41 | I7: ='2018 Summary'!E41 | J7: =AVERAGE(F7:I7) | O7: =IF(F7>=1.25,1,0) | P7: =IF(G7>=1.25,1,0) | Q7: =IF(H7>=1.25,1,0) | R7: =IF(I7>=1.25,1,0) | S7: =IF(F7>=1,1,0) | T7: =IF(G7>=1,1,0) | U7: =IF(H7>=1,1,0) | V7: =IF(I7>=1,1,0) | W7: =IF(S7=1,S7+W6,0) | X7: =IF(T7=1,T7+X6,0) | Y7: =IF(U7=1,U7+Y6,0) | Z7: =IF(V7=1,V7+Z6,0)
A8: 43191 | F8: ='2018 Summary'!B42 | G8: ='2018 Summary'!C42 | H8: ='2018 Summary'!D42 | I8: ='2018 Summary'!E42 | J8: =AVERAGE(F8:I8) | O8: =IF(F8>=1.25,1,0) | P8: =IF(G8>=1.25,1,0) | Q8: =IF(H8>=1.25,1,0) | R8: =IF(I8>=1.25,1,0) | S8: =IF(F8>=1,1,0) | T8: =IF(G8>=1,1,0) | U8: =IF(H8>=1,1,0) | V8: =IF(I8>=1,1,0) | W8: =IF(S8=1,S8+W7,0) | X8: =IF(T8=1,T8+X7,0) | Y8: =IF(U8=1,U8+Y7,0) | Z8: =IF(V8=1,V8+Z7,0)
A9: 43221 | F9: ='2018 Summary'!B43 | G9: ='2018 Summary'!C43 | H9: ='2018 Summary'!D43 | I9: ='2018 Summary'!E43 | J9: =AVERAGE(F9:I9) | O9: =IF(F9>=1.25,1,0) | P9: =IF(G9>=1.25,1,0) | Q9: =IF(H9>=1.25,1,0) | R9: =IF(I9>=1.25,1,0) | S9: =IF(F9>=1,1,0) | T9: =IF(G9>=1,1,0) | U9: =IF(H9>=1,1,0) | V9: =IF(I9>=1,1,0) | W9: =IF(S9=1,S9+W8,0) | X9: =IF(T9=1,T9+X8,0) | Y9: =IF(U9=1,U9+Y8,0) | Z9: =IF(V9=1,V9+Z8,0)
A10: 43252 | F10: ='2018 Summary'!B44 | G10: ='2018 Summary'!C44 | H10: ='2018 Summary'!D44 | I10: ='2018 Summary'!E44 | J10: =AVERAGE(F10:I10) | O10: =IF(F10>=1.25,1,0) | P10: =IF(G10>=1.25,1,0) | Q10: =IF(H10>=1.25,1,0) | R10: =IF(I10>=1.25,1,0) | S10: =IF(F10>=1,1,0) | T10: =IF(G10>=1,1,0) | U10: =IF(H10>=1,1,0) | V10: =IF(I10>=1,1,0) | W10: =IF(S10=1,S10+W9,0) | X10: =IF(T10=1,T10+X9,0) | Y10: =IF(U10=1,U10+Y9,0) | Z10: =IF(V10=1,V10+Z9,0)
A11: 43282 | F11: ='2018 Summary'!B45 | G11: ='2018 Summary'!C45 | H11: ='2018 Summary'!D45 | I11: ='2018 Summary'!E45 | J11: =AVERAGE(F11:I11) | O11: =IF(F11>=1.25,1,0) | P11: =IF(G11>=1.25,1,0) | Q11: =IF(H11>=1.25,1,0) | R11: =IF(I11>=1.25,1,0) | S11: =IF(F11>=1,1,0) | T11: =IF(G11>=1,1,0) | U11: =IF(H11>=1,1,0) | V11: =IF(I11>=1,1,0) | W11: =IF(S11=1,S11+W10,0) | X11: =IF(T11=1,T11+X10,0) | Y11: =IF(U11=1,U11+Y10,0) | Z11: =IF(V11=1,V11+Z10,0)
A12: 43313 | F12: ='2018 Summary'!B46 | G12: ='2018 Summary'!C46 | H12: ='2018 Summary'!D46 | I12: ='2018 Summary'!E46 | J12: =AVERAGE(F12:I12) | O12: =IF(F12>=1.25,1,0) | P12: =IF(G12>=1.25,1,0) | Q12: =IF(H12>=1.25,1,0) | R12: =IF(I12>=1.25,1,0) | S12: =IF(F12>=1,1,0) | T12: =IF(G12>=1,1,0) | U12: =IF(H12>=1,1,0) | V12: =IF(I12>=1,1,0) | W12: =IF(S12=1,S12+W11,0) | X12: =IF(T12=1,T12+X11,0) | Y12: =IF(U12=1,U12+Y11,0) | Z12: =IF(V12=1,V12+Z11,0)
A13: 43344 | F13: ='2018 Summary'!B47 | G13: ='2018 Summary'!C47 | H13: ='2018 Summary'!D47 | I13: ='2018 Summary'!E47 | J13: =AVERAGE(F13:I13) | O13: =IF(F13>=1.25,1,0) | P13: =IF(G13>=1.25,1,0) | Q13: =IF(H13>=1.25,1,0) | R13: =IF(I13>=1.25,1,0) | S13: =IF(F13>=1,1,0) | T13: =IF(G13>=1,1,0) | U13: =IF(H13>=1,1,0) | V13: =IF(I13>=1,1,0) | W13: =IF(S13=1,S13+W12,0) | X13: =IF(T13=1,T13+X12,0) | Y13: =IF(U13=1,U13+Y12,0) | Z13: =IF(V13=1,V13+Z12,0)
A14: 43374 | F14: ='2018 Summary'!B48 | G14: ='2018 Summary'!C48 | H14: ='2018 Summary'!D48 | I14: ='2018 Summary'!E48 | J14: =AVERAGE(F14:I14) | O14: =IF(F14>=1.25,1,0) | P14: =IF(G14>=1.25,1,0) | Q14: =IF(H14>=1.25,1,0) | R14: =IF(I14>=1.25,1,0) | S14: =IF(F14>=1,1,0) | T14: =IF(G14>=1,1,0) | U14: =IF(H14>=1,1,0) | V14: =IF(I14>=1,1,0) | W14: =IF(S14=1,S14+W13,0) | X14: =IF(T14=1,T14+X13,0) | Y14: =IF(U14=1,U14+Y13,0) | Z14: =IF(V14=1,V14+Z13,0)
A15: 43405 | F15: ='2018 Summary'!B49 | G15: ='2018 Summary'!C49 | H15: ='2018 Summary'!D49 | I15: ='2018 Summary'!E49 | J15: =AVERAGE(F15:I15) | O15: =IF(F15>=1.25,1,0) | P15: =IF(G15>=1.25,1,0) | Q15: =IF(H15>=1.25,1,0) | R15: =IF(I15>=1.25,1,0) | S15: =IF(F15>=1,1,0) | T15: =IF(G15>=1,1,0) | U15: =IF(H15>=1,1,0) | V15: =IF(I15>=1,1,0) | W15: =IF(S15=1,S15+W14,0) | X15: =IF(T15=1,T15+X14,0) | Y15: =IF(U15=1,U15+Y14,0) | Z15: =IF(V15=1,V15+Z14,0)
A16: 43435 | F16: ='2018 Summary'!B50 | G16: ='2018 Summary'!C50 | H16: ='2018 Summary'!D50 | I16: ='2018 Summary'!E50 | J16: =AVERAGE(F16:I16) | O16: =IF(F16>=1.25,1,0) | P16: =IF(G16>=1.25,1,0) | Q16: =IF(H16>=1.25,1,0) | R16: =IF(I16>=1.25,1,0) | S16: =IF(F16>=1,1,0) | T16: =IF(G16>=1,1,0) | U16: =IF(H16>=1,1,0) | V16: =IF(I16>=1,1,0) | W16: =IF(S16=1,S16+W15,0) | X16: =IF(T16=1,T16+X15,0) | Y16: =IF(U16=1,U16+Y15,0) | Z16: =IF(V16=1,V16+Z15,0)
A17: 43466 | F17: ='2019 Summary'!B39 | G17: ='2019 Summary'!C39 | H17: ='2019 Summary'!D39 | I17: ='2019 Summary'!E39 | J17: =AVERAGE(F17:I17) | O17: =IF(F17>=1.25,1,0) | P17: =IF(G17>=1.25,1,0) | Q17: =IF(H17>=1.25,1,0) | R17: =IF(I17>=1.25,1,0) | S17: =IF(F17>=1,1,0) | T17: =IF(G17>=1,1,0) | U17: =IF(H17>=1,1,0) | V17: =IF(I17>=1,1,0) | W17: =IF(S17=1,S17+W16,0) | X17: =IF(T17=1,T17+X16,0) | Y17: =IF(U17=1,U17+Y16,0) | Z17: =IF(V17=1,V17+Z16,0)
A18: 43497 | F18: ='2019 Summary'!B40 | G18: ='2019 Summary'!C40 | H18: ='2019 Summary'!D40 | I18: ='2019 Summary'!E40 | J18: =AVERAGE(F18:I18) | O18: =IF(F18>=1.25,1,0) | P18: =IF(G18>=1.25,1,0) | Q18: =IF(H18>=1.25,1,0) | R18: =IF(I18>=1.25,1,0) | S18: =IF(F18>=1,1,0) | T18: =IF(G18>=1,1,0) | U18: =IF(H18>=1,1,0) | V18: =IF(I18>=1,1,0) | W18: =IF(S18=1,S18+W17,0) | X18: =IF(T18=1,T18+X17,0) | Y18: =IF(U18=1,U18+Y17,0) | Z18: =IF(V18=1,V18+Z17,0)
A19: 43525 | F19: ='2019 Summary'!B41 | G19: ='2019 Summary'!C41 | H19: ='2019 Summary'!D41 | I19: ='2019 Summary'!E41 | J19: =AVERAGE(F19:I19) | O19: =IF(F19>=1.25,1,0) | P19: =IF(G19>=1.25,1,0) | Q19: =IF(H19>=1.25,1,0) | R19: =IF(I19>=1.25,1,0) | S19: =IF(F19>=1,1,0) | T19: =IF(G19>=1,1,0) | U19: =IF(H19>=1,1,0) | V19: =IF(I19>=1,1,0) | W19: =IF(S19=1,S19+W18,0) | X19: =IF(T19=1,T19+X18,0) | Y19: =IF(U19=1,U19+Y18,0) | Z19: =IF(V19=1,V19+Z18,0)
A20: 43556 | F20: ='2019 Summary'!B42 | G20: ='2019 Summary'!C42 | H20: ='2019 Summary'!D42 | I20: ='2019 Summary'!E42 | J20: =AVERAGE(F20:I20) | O20: =IF(F20>=1.25,1,0) | P20: =IF(G20>=1.25,1,0) | Q20: =IF(H20>=1.25,1,0) | R20: =IF(I20>=1.25,1,0) | S20: =IF(F20>=1,1,0) | T20: =IF(G20>=1,1,0) | U20: =IF(H20>=1,1,0) | V20: =IF(I20>=1,1,0) | W20: =IF(S20=1,S20+W19,0) | X20: =IF(T20=1,T20+X19,0) | Y20: =IF(U20=1,U20+Y19,0) | Z20: =IF(V20=1,V20+Z19,0) | AA20: <--Curtailment
A21: 43586 | F21: ='2019 Summary'!B43 | G21: ='2019 Summary'!C43 | H21: ='2019 Summary'!D43 | I21: ='2019 Summary'!E43 | J21: =AVERAGE(F21:I21) | O21: =IF(F21>=1.25,1,0) | P21: =IF(G21>=1.25,1,0) | Q21: =IF(H21>=1.25,1,0) | R21: =IF(I21>=1.25,1,0) | S21: =IF(F21>=1,1,0) | T21: =IF(G21>=1,1,0) | U21: =IF(H21>=1,1,0) | V21: =IF(I21>=1,1,0) | W21: =IF(S21=1,S21+W20,0) | X21: =IF(T21=1,T21+X20,0) | Y21: =IF(U21=1,U21+Y20,0) | Z21: =IF(V21=1,V21+Z20,0)
A22: 43617 | F22: ='2019 Summary'!B44 | G22: ='2019 Summary'!C44 | H22: ='2019 Summary'!D44 | I22: ='2019 Summary'!E44 | J22: =AVERAGE(F22:I22) | O22: =IF(F22>=1.25,1,0) | P22: =IF(G22>=1.25,1,0) | Q22: =IF(H22>=1.25,1,0) | R22: =IF(I22>=1.25,1,0) | S22: =IF(F22>=1,1,0) | T22: =IF(G22>=1,1,0) | U22: =IF(H22>=1,1,0) | V22: =IF(I22>=1,1,0) | W22: =IF(S22=1,S22+W21,0) | X22: =IF(T22=1,T22+X21,0) | Y22: =IF(U22=1,U22+Y21,0) | Z22: =IF(V22=1,V22+Z21,0)
A23: 43647 | F23: ='2019 Summary'!B45 | G23: ='2019 Summary'!C45 | H23: ='2019 Summary'!D45 | I23: ='2019 Summary'!E45 | J23: =AVERAGE(F23:I23) | O23: =IF(F23>=1.25,1,0) | P23: =IF(G23>=1.25,1,0) | Q23: =IF(H23>=1.25,1,0) | R23: =IF(I23>=1.25,1,0) | S23: =IF(F23>=1,1,0) | T23: =IF(G23>=1,1,0) | U23: =IF(H23>=1,1,0) | V23: =IF(I23>=1,1,0) | W23: =IF(S23=1,S23+W22,0) | X23: =IF(T23=1,T23+X22,0) | Y23: =IF(U23=1,U23+Y22,0) | Z23: =IF(V23=1,V23+Z22,0)
A24: 43678 | F24: ='2019 Summary'!B46 | G24: ='2019 Summary'!C46 | H24: ='2019 Summary'!D46 | I24: ='2019 Summary'!E46 | J24: =AVERAGE(F24:I24) | O24: =IF(F24>=1.25,1,0) | P24: =IF(G24>=1.25,1,0) | Q24: =IF(H24>=1.25,1,0) | R24: =IF(I24>=1.25,1,0) | S24: =IF(F24>=1,1,0) | T24: =IF(G24>=1,1,0) | U24: =IF(H24>=1,1,0) | V24: =IF(I24>=1,1,0) | W24: =IF(S24=1,S24+W23,0) | X24: =IF(T24=1,T24+X23,0) | Y24: =IF(U24=1,U24+Y23,0) | Z24: =IF(V24=1,V24+Z23,0)
A25: 43709 | F25: ='2019 Summary'!B47 | G25: ='2019 Summary'!C47 | H25: ='2019 Summary'!D47 | I25: ='2019 Summary'!E47 | J25: =AVERAGE(F25:I25) | O25: =IF(F25>=1.25,1,0) | P25: =IF(G25>=1.25,1,0) | Q25: =IF(H25>=1.25,1,0) | R25: =IF(I25>=1.25,1,0) | S25: =IF(F25>=1,1,0) | T25: =IF(G25>=1,1,0) | U25: =IF(H25>=1,1,0) | V25: =IF(I25>=1,1,0) | W25: =IF(S25=1,S25+W24,0) | X25: =IF(T25=1,T25+X24,0) | Y25: =IF(U25=1,U25+Y24,0) | Z25: =IF(V25=1,V25+Z24,0)
A26: 43739 | F26: ='2019 Summary'!B48 | G26: ='2019 Summary'!C48 | H26: ='2019 Summary'!D48 | I26: ='2019 Summary'!E48 | J26: =AVERAGE(F26:I26) | O26: =IF(F26>=1.25,1,0) | P26: =IF(G26>=1.25,1,0) | Q26: =IF(H26>=1.25,1,0) | R26: =IF(I26>=1.25,1,0) | S26: =IF(F26>=1,1,0) | T26: =IF(G26>=1,1,0) | U26: =IF(H26>=1,1,0) | V26: =IF(I26>=1,1,0) | W26: =IF(S26=1,S26+W25,0) | X26: =IF(T26=1,T26+X25,0) | Y26: =IF(U26=1,U26+Y25,0) | Z26: =IF(V26=1,V26+Z25,0)
A27: 43770 | F27: ='2019 Summary'!B49 | G27: ='2019 Summary'!C49 | H27: ='2019 Summary'!D49 | I27: ='2019 Summary'!E49 | J27: =AVERAGE(F27:I27) | O27: =IF(F27>=1.25,1,0) | P27: =IF(G27>=1.25,1,0) | Q27: =IF(H27>=1.25,1,0) | R27: =IF(I27>=1.25,1,0) | S27: =IF(F27>=1,1,0) | T27: =IF(G27>=1,1,0) | U27: =IF(H27>=1,1,0) | V27: =IF(I27>=1,1,0) | W27: =IF(S27=1,S27+W26,0) | X27: =IF(T27=1,T27+X26,0) | Y27: =IF(U27=1,U27+Y26,0) | Z27: =IF(V27=1,V27+Z26,0)
A28: 43800 | F28: ='2019 Summary'!B50 | G28: ='2019 Summary'!C50 | H28: ='2019 Summary'!D50 | I28: ='2019 Summary'!E50 | J28: =AVERAGE(F28:I28) | O28: =IF(F28>=1.25,1,0) | P28: =IF(G28>=1.25,1,0) | Q28: =IF(H28>=1.25,1,0) | R28: =IF(I28>=1.25,1,0) | S28: =IF(F28>=1,1,0) | T28: =IF(G28>=1,1,0) | U28: =IF(H28>=1,1,0) | V28: =IF(I28>=1,1,0) | W28: =IF(S28=1,S28+W27,0) | X28: =IF(T28=1,T28+X27,0) | Y28: =IF(U28=1,U28+Y27,0) | Z28: =IF(V28=1,V28+Z27,0)
A29: 43831 | F29: ='2020 Summary'!B39 | G29: ='2020 Summary'!C39 | H29: ='2020 Summary'!D39 | I29: ='2020 Summary'!E39 | J29: =AVERAGE(F29:I29) | O29: =IF(F29>=1.25,1,0) | P29: =IF(G29>=1.25,1,0) | Q29: =IF(H29>=1.25,1,0) | R29: =IF(I29>=1.25,1,0) | S29: =IF(F29>=1,1,0) | T29: =IF(G29>=1,1,0) | U29: =IF(H29>=1,1,0) | V29: =IF(I29>=1,1,0) | W29: =IF(S29=1,S29+W28,0) | X29: =IF(T29=1,T29+X28,0) | Y29: =IF(U29=1,U29+Y28,0) | Z29: =IF(V29=1,V29+Z28,0)
A30: 43862 | F30: ='2020 Summary'!B40 | G30: ='2020 Summary'!C40 | H30: ='2020 Summary'!D40 | I30: ='2020 Summary'!E40 | J30: =AVERAGE(F30:I30) | O30: =IF(F30>=1.25,1,0) | P30: =IF(G30>=1.25,1,0) | Q30: =IF(H30>=1.25,1,0) | R30: =IF(I30>=1.25,1,0) | S30: =IF(F30>=1,1,0) | T30: =IF(G30>=1,1,0) | U30: =IF(H30>=1,1,0) | V30: =IF(I30>=1,1,0) | W30: =IF(S30=1,S30+W29,0) | X30: =IF(T30=1,T30+X29,0) | Y30: =IF(U30=1,U30+Y29,0) | Z30: =IF(V30=1,V30+Z29,0)
A31: 43891 | F31: ='2020 Summary'!B41 | G31: ='2020 Summary'!C41 | H31: ='2020 Summary'!D41 | I31: ='2020 Summary'!E41 | J31: =AVERAGE(F31:I31) | O31: =IF(F31>=1.25,1,0) | P31: =IF(G31>=1.25,1,0) | Q31: =IF(H31>=1.25,1,0) | R31: =IF(I31>=1.25,1,0) | S31: =IF(F31>=1,1,0) | T31: =IF(G31>=1,1,0) | U31: =IF(H31>=1,1,0) | V31: =IF(I31>=1,1,0) | W31: =IF(S31=1,S31+W30,0) | X31: =IF(T31=1,T31+X30,0) | Y31: =IF(U31=1,U31+Y30,0) | Z31: =IF(V31=1,V31+Z30,0)
A32: 43922 | F32: ='2020 Summary'!B42 | G32: ='2020 Summary'!C42 | H32: ='2020 Summary'!D42 | I32: ='2020 Summary'!E42 | J32: =AVERAGE(F32:I32) | O32: =IF(F32>=1.25,1,0) | P32: =IF(G32>=1.25,1,0) | Q32: =IF(H32>=1.25,1,0) | R32: =IF(I32>=1.25,1,0) | S32: =IF(F32>=1,1,0) | T32: =IF(G32>=1,1,0) | U32: =IF(H32>=1,1,0) | V32: =IF(I32>=1,1,0) | W32: =IF(S32=1,S32+W31,0) | X32: =IF(T32=1,T32+X31,0) | Y32: =IF(U32=1,U32+Y31,0) | Z32: =IF(V32=1,V32+Z31,0)
A33: 43952 | F33: ='2020 Summary'!B43 | G33: ='2020 Summary'!C43 | H33: ='2020 Summary'!D43 | I33: ='2020 Summary'!E43 | J33: =AVERAGE(F33:I33) | O33: =IF(F33>=1.25,1,0) | P33: =IF(G33>=1.25,1,0) | Q33: =IF(H33>=1.25,1,0) | R33: =IF(I33>=1.25,1,0) | S33: =IF(F33>=1,1,0) | T33: =IF(G33>=1,1,0) | U33: =IF(H33>=1,1,0) | V33: =IF(I33>=1,1,0) | W33: =IF(S33=1,S33+W32,0) | X33: =IF(T33=1,T33+X32,0) | Y33: =IF(U33=1,U33+Y32,0) | Z33: =IF(V33=1,V33+Z32,0)
A34: 43983 | F34: ='2020 Summary'!B44 | G34: ='2020 Summary'!C44 | H34: ='2020 Summary'!D44 | I34: ='2020 Summary'!E44 | J34: =AVERAGE(F34:I34) | O34: =IF(F34>=1.25,1,0) | P34: =IF(G34>=1.25,1,0) | Q34: =IF(H34>=1.25,1,0) | R34: =IF(I34>=1.25,1,0) | S34: =IF(F34>=1,1,0) | T34: =IF(G34>=1,1,0) | U34: =IF(H34>=1,1,0) | V34: =IF(I34>=1,1,0) | W34: =IF(S34=1,S34+W33,0) | X34: =IF(T34=1,T34+X33,0) | Y34: =IF(U34=1,U34+Y33,0) | Z34: =IF(V34=1,V34+Z33,0)
A35: 44013 | F35: ='2020 Summary'!B45 | G35: ='2020 Summary'!C45 | H35: ='2020 Summary'!D45 | I35: ='2020 Summary'!E45 | J35: =AVERAGE(F35:I35) | O35: =IF(F35>=1.25,1,0) | P35: =IF(G35>=1.25,1,0) | Q35: =IF(H35>=1.25,1,0) | R35: =IF(I35>=1.25,1,0) | S35: =IF(F35>=1,1,0) | T35: =IF(G35>=1,1,0) | U35: =IF(H35>=1,1,0) | V35: =IF(I35>=1,1,0) | W35: =IF(S35=1,S35+W34,0) | X35: =IF(T35=1,T35+X34,0) | Y35: =IF(U35=1,U35+Y34,0) | Z35: =IF(V35=1,V35+Z34,0)
A36: 44044 | F36: ='2020 Summary'!B46 | G36: ='2020 Summary'!C46 | H36: ='2020 Summary'!D46 | I36: ='2020 Summary'!E46 | J36: =AVERAGE(F36:I36) | O36: =IF(F36>=1.25,1,0) | P36: =IF(G36>=1.25,1,0) | Q36: =IF(H36>=1.25,1,0) | R36: =IF(I36>=1.25,1,0) | S36: =IF(F36>=1,1,0) | T36: =IF(G36>=1,1,0) | U36: =IF(H36>=1,1,0) | V36: =IF(I36>=1,1,0) | W36: =IF(S36=1,S36+W35,0) | X36: =IF(T36=1,T36+X35,0) | Y36: =IF(U36=1,U36+Y35,0) | Z36: =IF(V36=1,V36+Z35,0)
A37: 44075 | F37: ='2020 Summary'!B47 | G37: ='2020 Summary'!C47 | H37: ='2020 Summary'!D47 | I37: ='2020 Summary'!E47 | J37: =AVERAGE(F37:I37) | K37: =RANK(F37,F$5:F$41) | L37: =RANK(G37,G$5:G$41) | M37: =RANK(H37,H$5:H$41) | N37: =RANK(I37,I$5:I$41) | O37: =IF(F37>=1.25,1,0) | P37: =IF(G37>=1.25,1,0) | Q37: =IF(H37>=1.25,1,0) | R37: =IF(I37>=1.25,1,0) | S37: =IF(F37>=1,1,0) | T37: =IF(G37>=1,1,0) | U37: =IF(H37>=1,1,0) | V37: =IF(I37>=1,1,0) | W37: =IF(S37=1,S37+W36,0) | X37: =IF(T37=1,T37+X36,0) | Y37: =IF(U37=1,U37+Y36,0) | Z37: =IF(V37=1,V37+Z36,0)
A38: 44105 | F38: ='2020 Summary'!B48 | G38: ='2020 Summary'!C48 | H38: ='2020 Summary'!D48 | I38: ='2020 Summary'!E48 | J38: =AVERAGE(F38:I38) | K38: =RANK(F38,F$5:F$41) | L38: =RANK(G38,G$5:G$41) | M38: =RANK(H38,H$5:H$41) | N38: =RANK(I38,I$5:I$41) | O38: =IF(F38>=1.25,1,0) | P38: =IF(G38>=1.25,1,0) | Q38: =IF(H38>=1.25,1,0) | R38: =IF(I38>=1.25,1,0) | S38: =IF(F38>=1,1,0) | T38: =IF(G38>=1,1,0) | U38: =IF(H38>=1,1,0) | V38: =IF(I38>=1,1,0) | W38: =IF(S38=1,S38+W37,0) | X38: =IF(T38=1,T38+X37,0) | Y38: =IF(U38=1,U38+Y37,0) | Z38: =IF(V38=1,V38+Z37,0)
A39: 44136 | F39: ='2020 Summary'!B49 | G39: ='2020 Summary'!C49 | H39: ='2020 Summary'!D49 | I39: ='2020 Summary'!E49 | J39: =AVERAGE(F39:I39) | K39: =RANK(F39,F$5:F$41) | L39: =RANK(G39,G$5:G$41) | M39: =RANK(H39,H$5:H$41) | N39: =RANK(I39,I$5:I$41) | O39: =IF(F39>=1.25,1,0) | P39: =IF(G39>=1.25,1,0) | Q39: =IF(H39>=1.25,1,0) | R39: =IF(I39>=1.25,1,0) | S39: =IF(F39>=1,1,0) | T39: =IF(G39>=1,1,0) | U39: =IF(H39>=1,1,0) | V39: =IF(I39>=1,1,0) | W39: =IF(S39=1,S39+W38,0) | X39: =IF(T39=1,T39+X38,0) | Y39: =IF(U39=1,U39+Y38,0) | Z39: =IF(V39=1,V39+Z38,0)
A40: 44166 | F40: ='2020 Summary'!B50 | G40: ='2020 Summary'!C50 | H40: ='2020 Summary'!D50 | I40: ='2020 Summary'!E50 | J40: =AVERAGE(F40:I40) | K40: =RANK(F40,F$5:F$41) | L40: =RANK(G40,G$5:G$41) | M40: =RANK(H40,H$5:H$41) | N40: =RANK(I40,I$5:I$41) | O40: =IF(F40>=1.25,1,0) | P40: =IF(G40>=1.25,1,0) | Q40: =IF(H40>=1.25,1,0) | R40: =IF(I40>=1.25,1,0) | S40: =IF(F40>=1,1,0) | T40: =IF(G40>=1,1,0) | U40: =IF(H40>=1,1,0) | V40: =IF(I40>=1,1,0) | W40: =IF(S40=1,S40+W39,0) | X40: =IF(T40=1,T40+X39,0) | Y40: =IF(U40=1,U40+Y39,0) | Z40: =IF(V40=1,V40+Z39,0)
A41: 44197 | F41: ='2021 Summary'!B39 | G41: ='2021 Summary'!C39 | H41: ='2021 Summary'!D39 | I41: ='2021 Summary'!E39 | J41: =AVERAGE(F41:I41) | K41: =RANK(F41,F$5:F$41) | L41: =RANK(G41,G$5:G$41) | M41: =RANK(H41,H$5:H$41) | N41: =RANK(I41,I$5:I$41) | O41: =IF(F41>=1.25,1,0) | P41: =IF(G41>=1.25,1,0) | Q41: =IF(H41>=1.25,1,0) | R41: =IF(I41>=1.25,1,0) | S41: =IF(F41>=1,1,0) | T41: =IF(G41>=1,1,0) | U41: =IF(H41>=1,1,0) | V41: =IF(I41>=1,1,0) | W41: =IF(S41=1,S41+W40,0) | X41: =IF(T41=1,T41+X40,0) | Y41: =IF(U41=1,U41+Y40,0) | Z41: =IF(V41=1,V41+Z40,0)
A42: 44228 | F42: ='2021 Summary'!B40 | G42: ='2021 Summary'!C40 | H42: ='2021 Summary'!D40 | I42: ='2021 Summary'!E40 | J42: =AVERAGE(F42:I42)
A43: 44256
A44: 44287
A45: 44317 | K45: =MAX(F5:F41) | L45: =MAX(G5:G41) | M45: =MAX(H5:H41) | N45: =MAX(I5:I41)
A46: 44348
A47: 44378
A48: 44409
A49: 44440
A50: 44470
A51: 44501
A52: 44531

Sheet Maximum Summary
C3: Lead Averages | G3: Arsenic Averages
A4: Month | B4: Station 1 | C4: Station 2 | D4: Station 4 | E4: Station 5 | F4: Station 1 | G4: Station 2 | H4: Station 4 | I4: Station 5 | J4: All Stations | X4: 0 | Y4: 0 | Z4: 0 | AA4: 0
A5: 43101 | F5: ='2018 Summary'!F39 | G5: ='2018 Summary'!G39 | H5: ='2018 Summary'!H39 | I5: ='2018 Summary'!I39 | J5: =MAX(F5:I5) | K5: Curtailment | P5: =IF(F5>=1.25,1,0) | Q5: =IF(G5>=1.25,1,0) | R5: =IF(H5>=1.25,1,0) | S5: =IF(I5>=1.25,1,0) | T5: =IF(F5>=1,1,0) | U5: =IF(G5>=1,1,0) | V5: =IF(H5>=1,1,0) | W5: =IF(I5>=1,1,0) | X5: =IF(T5=1,T5+X4,0) | Y5: =IF(U5=1,U5+Y4,0) | Z5: =IF(V5=1,V5+Z4,0) | AA5: =IF(W5=1,W5+AA4,0)
A6: 43132 | F6: ='2018 Summary'!F40 | G6: ='2018 Summary'!G40 | H6: ='2018 Summary'!H40 | I6: ='2018 Summary'!I40 | J6: =MAX(F6:I6) | P6: =IF(F6>=1.25,1,0) | Q6: =IF(G6>=1.25,1,0) | R6: =IF(H6>=1.25,1,0) | S6: =IF(I6>=1.25,1,0) | T6: =IF(F6>=1,1,0) | U6: =IF(G6>=1,1,0) | V6: =IF(H6>=1,1,0) | W6: =IF(I6>=1,1,0) | X6: =IF(T6=1,T6+X5,0) | Y6: =IF(U6=1,U6+Y5,0) | Z6: =IF(V6=1,V6+Z5,0) | AA6: =IF(W6=1,W6+AA5,0)
A7: 43160 | F7: ='2018 Summary'!F41 | G7: ='2018 Summary'!G41 | H7: ='2018 Summary'!H41 | I7: ='2018 Summary'!I41 | J7: =MAX(F7:I7) | P7: =IF(F7>=1.25,1,0) | Q7: =IF(G7>=1.25,1,0) | R7: =IF(H7>=1.25,1,0) | S7: =IF(I7>=1.25,1,0) | T7: =IF(F7>=1,1,0) | U7: =IF(G7>=1,1,0) | V7: =IF(H7>=1,1,0) | W7: =IF(I7>=1,1,0) | X7: =IF(T7=1,T7+X6,0) | Y7: =IF(U7=1,U7+Y6,0) | Z7: =IF(V7=1,V7+Z6,0) | AA7: =IF(W7=1,W7+AA6,0)
A8: 43191 | F8: ='2018 Summary'!F42 | G8: ='2018 Summary'!G42 | H8: ='2018 Summary'!H42 | I8: ='2018 Summary'!I42 | J8: =MAX(F8:I8) | P8: =IF(F8>=1.25,1,0) | Q8: =IF(G8>=1.25,1,0) | R8: =IF(H8>=1.25,1,0) | S8: =IF(I8>=1.25,1,0) | T8: =IF(F8>=1,1,0) | U8: =IF(G8>=1,1,0) | V8: =IF(H8>=1,1,0) | W8: =IF(I8>=1,1,0) | X8: =IF(T8=1,T8+X7,0) | Y8: =IF(U8=1,U8+Y7,0) | Z8: =IF(V8=1,V8+Z7,0) | AA8: =IF(W8=1,W8+AA7,0)
A9: 43221 | F9: ='2018 Summary'!F43 | G9: ='2018 Summary'!G43 | H9: ='2018 Summary'!H43 | I9: ='2018 Summary'!I43 | J9: =MAX(F9:I9) | P9: =IF(F9>=1.25,1,0) | Q9: =IF(G9>=1.25,1,0) | R9: =IF(H9>=1.25,1,0) | S9: =IF(I9>=1.25,1,0) | T9: =IF(F9>=1,1,0) | U9: =IF(G9>=1,1,0) | V9: =IF(H9>=1,1,0) | W9: =IF(I9>=1,1,0) | X9: =IF(T9=1,T9+X8,0) | Y9: =IF(U9=1,U9+Y8,0) | Z9: =IF(V9=1,V9+Z8,0) | AA9: =IF(W9=1,W9+AA8,0)
A10: 43252 | F10: ='2018 Summary'!F44 | G10: ='2018 Summary'!G44 | H10: ='2018 Summary'!H44 | I10: ='2018 Summary'!I44 | J10: =MAX(F10:I10) | P10: =IF(F10>=1.25,1,0) | Q10: =IF(G10>=1.25,1,0) | R10: =IF(H10>=1.25,1,0) | S10: =IF(I10>=1.25,1,0) | T10: =IF(F10>=1,1,0) | U10: =IF(G10>=1,1,0) | V10: =IF(H10>=1,1,0) | W10: =IF(I10>=1,1,0) | X10: =IF(T10=1,T10+X9,0) | Y10: =IF(U10=1,U10+Y9,0) | Z10: =IF(V10=1,V10+Z9,0) | AA10: =IF(W10=1,W10+AA9,0)
A11: 43282 | F11: ='2018 Summary'!F45 | G11: ='2018 Summary'!G45 | H11: ='2018 Summary'!H45 | I11: ='2018 Summary'!I45 | J11: =MAX(F11:I11) | P11: =IF(F11>=1.25,1,0) | Q11: =IF(G11>=1.25,1,0) | R11: =IF(H11>=1.25,1,0) | S11: =IF(I11>=1.25,1,0) | T11: =IF(F11>=1,1,0) | U11: =IF(G11>=1,1,0) | V11: =IF(H11>=1,1,0) | W11: =IF(I11>=1,1,0) | X11: =IF(T11=1,T11+X10,0) | Y11: =IF(U11=1,U11+Y10,0) | Z11: =IF(V11=1,V11+Z10,0) | AA11: =IF(W11=1,W11+AA10,0)
A12: 43313 | F12: ='2018 Summary'!F46 | G12: ='2018 Summary'!G46 | H12: ='2018 Summary'!H46 | I12: ='2018 Summary'!I46 | J12: =MAX(F12:I12) | P12: =IF(F12>=1.25,1,0) | Q12: =IF(G12>=1.25,1,0) | R12: =IF(H12>=1.25,1,0) | S12: =IF(I12>=1.25,1,0) | T12: =IF(F12>=1,1,0) | U12: =IF(G12>=1,1,0) | V12: =IF(H12>=1,1,0) | W12: =IF(I12>=1,1,0) | X12: =IF(T12=1,T12+X11,0) | Y12: =IF(U12=1,U12+Y11,0) | Z12: =IF(V12=1,V12+Z11,0) | AA12: =IF(W12=1,W12+AA11,0)
A13: 43344 | F13: ='2018 Summary'!F47 | G13: ='2018 Summary'!G47 | H13: ='2018 Summary'!H47 | I13: ='2018 Summary'!I47 | J13: =MAX(F13:I13) | P13: =IF(F13>=1.25,1,0) | Q13: =IF(G13>=1.25,1,0) | R13: =IF(H13>=1.25,1,0) | S13: =IF(I13>=1.25,1,0) | T13: =IF(F13>=1,1,0) | U13: =IF(G13>=1,1,0) | V13: =IF(H13>=1,1,0) | W13: =IF(I13>=1,1,0) | X13: =IF(T13=1,T13+X12,0) | Y13: =IF(U13=1,U13+Y12,0) | Z13: =IF(V13=1,V13+Z12,0) | AA13: =IF(W13=1,W13+AA12,0)
A14: 43374 | F14: ='2018 Summary'!F48 | G14: ='2018 Summary'!G48 | H14: ='2018 Summary'!H48 | I14: ='2018 Summary'!I48 | J14: =MAX(F14:I14) | P14: =IF(F14>=1.25,1,0) | Q14: =IF(G14>=1.25,1,0) | R14: =IF(H14>=1.25,1,0) | S14: =IF(I14>=1.25,1,0) | T14: =IF(F14>=1,1,0) | U14: =IF(G14>=1,1,0) | V14: =IF(H14>=1,1,0) | W14: =IF(I14>=1,1,0) | X14: =IF(T14=1,T14+X13,0) | Y14: =IF(U14=1,U14+Y13,0) | Z14: =IF(V14=1,V14+Z13,0) | AA14: =IF(W14=1,W14+AA13,0)
A15: 43405 | F15: ='2018 Summary'!F49 | G15: ='2018 Summary'!G49 | H15: ='2018 Summary'!H49 | I15: ='2018 Summary'!I49 | J15: =MAX(F15:I15) | P15: =IF(F15>=1.25,1,0) | Q15: =IF(G15>=1.25,1,0) | R15: =IF(H15>=1.25,1,0) | S15: =IF(I15>=1.25,1,0) | T15: =IF(F15>=1,1,0) | U15: =IF(G15>=1,1,0) | V15: =IF(H15>=1,1,0) | W15: =IF(I15>=1,1,0) | X15: =IF(T15=1,T15+X14,0) | Y15: =IF(U15=1,U15+Y14,0) | Z15: =IF(V15=1,V15+Z14,0) | AA15: =IF(W15=1,W15+AA14,0)
A16: 43435 | F16: ='2018 Summary'!F50 | G16: ='2018 Summary'!G50 | H16: ='2018 Summary'!H50 | I16: ='2018 Summary'!I50 | J16: =MAX(F16:I16) | P16: =IF(F16>=1.25,1,0) | Q16: =IF(G16>=1.25,1,0) | R16: =IF(H16>=1.25,1,0) | S16: =IF(I16>=1.25,1,0) | T16: =IF(F16>=1,1,0) | U16: =IF(G16>=1,1,0) | V16: =IF(H16>=1,1,0) | W16: =IF(I16>=1,1,0) | X16: =IF(T16=1,T16+X15,0) | Y16: =IF(U16=1,U16+Y15,0) | Z16: =IF(V16=1,V16+Z15,0) | AA16: =IF(W16=1,W16+AA15,0)
A17: 43466 | F17: ='2019 Summary'!F39 | G17: ='2019 Summary'!G39 | H17: ='2019 Summary'!H39 | I17: ='2019 Summary'!I39 | J17: =MAX(F17:I17) | P17: =IF(F17>=1.25,1,0) | Q17: =IF(G17>=1.25,1,0) | R17: =IF(H17>=1.25,1,0) | S17: =IF(I17>=1.25,1,0) | T17: =IF(F17>=1,1,0) | U17: =IF(G17>=1,1,0) | V17: =IF(H17>=1,1,0) | W17: =IF(I17>=1,1,0) | X17: =IF(T17=1,T17+X16,0) | Y17: =IF(U17=1,U17+Y16,0) | Z17: =IF(V17=1,V17+Z16,0) | AA17: =IF(W17=1,W17+AA16,0)
A18: 43497 | F18: ='2019 Summary'!F40 | G18: ='2019 Summary'!G40 | H18: ='2019 Summary'!H40 | I18: ='2019 Summary'!I40 | J18: =MAX(F18:I18) | P18: =IF(F18>=1.25,1,0) | Q18: =IF(G18>=1.25,1,0) | R18: =IF(H18>=1.25,1,0) | S18: =IF(I18>=1.25,1,0) | T18: =IF(F18>=1,1,0) | U18: =IF(G18>=1,1,0) | V18: =IF(H18>=1,1,0) | W18: =IF(I18>=1,1,0) | X18: =IF(T18=1,T18+X17,0) | Y18: =IF(U18=1,U18+Y17,0) | Z18: =IF(V18=1,V18+Z17,0) | AA18: =IF(W18=1,W18+AA17,0)
A19: 43525 | F19: ='2019 Summary'!F41 | G19: ='2019 Summary'!G41 | H19: ='2019 Summary'!H41 | I19: ='2019 Summary'!I41 | J19: =MAX(F19:I19) | P19: =IF(F19>=1.25,1,0) | Q19: =IF(G19>=1.25,1,0) | R19: =IF(H19>=1.25,1,0) | S19: =IF(I19>=1.25,1,0) | T19: =IF(F19>=1,1,0) | U19: =IF(G19>=1,1,0) | V19: =IF(H19>=1,1,0) | W19: =IF(I19>=1,1,0) | X19: =IF(T19=1,T19+X18,0) | Y19: =IF(U19=1,U19+Y18,0) | Z19: =IF(V19=1,V19+Z18,0) | AA19: =IF(W19=1,W19+AA18,0)
A20: 43556 | F20: ='2019 Summary'!F42 | G20: ='2019 Summary'!G42 | H20: ='2019 Summary'!H42 | I20: ='2019 Summary'!I42 | J20: =MAX(F20:I20) | K20: Curtailment | P20: =IF(F20>=1.25,1,0) | Q20: =IF(G20>=1.25,1,0) | R20: =IF(H20>=1.25,1,0) | S20: =IF(I20>=1.25,1,0) | T20: =IF(F20>=1,1,0) | U20: =IF(G20>=1,1,0) | V20: =IF(H20>=1,1,0) | W20: =IF(I20>=1,1,0) | X20: =IF(T20=1,T20+X19,0) | Y20: =IF(U20=1,U20+Y19,0) | Z20: =IF(V20=1,V20+Z19,0) | AA20: =IF(W20=1,W20+AA19,0)
A21: 43586 | F21: ='2019 Summary'!F43 | G21: ='2019 Summary'!G43 | H21: ='2019 Summary'!H43 | I21: ='2019 Summary'!I43 | J21: =MAX(F21:I21) | P21: =IF(F21>=1.25,1,0) | Q21: =IF(G21>=1.25,1,0) | R21: =IF(H21>=1.25,1,0) | S21: =IF(I21>=1.25,1,0) | T21: =IF(F21>=1,1,0) | U21: =IF(G21>=1,1,0) | V21: =IF(H21>=1,1,0) | W21: =IF(I21>=1,1,0) | X21: =IF(T21=1,T21+X20,0) | Y21: =IF(U21=1,U21+Y20,0) | Z21: =IF(V21=1,V21+Z20,0) | AA21: =IF(W21=1,W21+AA20,0)
A22: 43617 | F22: ='2019 Summary'!F44 | G22: ='2019 Summary'!G44 | H22: ='2019 Summary'!H44 | I22: ='2019 Summary'!I44 | J22: =MAX(F22:I22) | P22: =IF(F22>=1.25,1,0) | Q22: =IF(G22>=1.25,1,0) | R22: =IF(H22>=1.25,1,0) | S22: =IF(I22>=1.25,1,0) | T22: =IF(F22>=1,1,0) | U22: =IF(G22>=1,1,0) | V22: =IF(H22>=1,1,0) | W22: =IF(I22>=1,1,0) | X22: =IF(T22=1,T22+X21,0) | Y22: =IF(U22=1,U22+Y21,0) | Z22: =IF(V22=1,V22+Z21,0) | AA22: =IF(W22=1,W22+AA21,0)
A23: 43647 | F23: ='2019 Summary'!F45 | G23: ='2019 Summary'!G45 | H23: ='2019 Summary'!H45 | I23: ='2019 Summary'!I45 | J23: =MAX(F23:I23) | P23: =IF(F23>=1.25,1,0) | Q23: =IF(G23>=1.25,1,0) | R23: =IF(H23>=1.25,1,0) | S23: =IF(I23>=1.25,1,0) | T23: =IF(F23>=1,1,0) | U23: =IF(G23>=1,1,0) | V23: =IF(H23>=1,1,0) | W23: =IF(I23>=1,1,0) | X23: =IF(T23=1,T23+X22,0) | Y23: =IF(U23=1,U23+Y22,0) | Z23: =IF(V23=1,V23+Z22,0) | AA23: =IF(W23=1,W23+AA22,0)
A24: 43678 | F24: ='2019 Summary'!F46 | G24: ='2019 Summary'!G46 | H24: ='2019 Summary'!H46 | I24: ='2019 Summary'!I46 | J24: =MAX(F24:I24) | P24: =IF(F24>=1.25,1,0) | Q24: =IF(G24>=1.25,1,0) | R24: =IF(H24>=1.25,1,0) | S24: =IF(I24>=1.25,1,0) | T24: =IF(F24>=1,1,0) | U24: =IF(G24>=1,1,0) | V24: =IF(H24>=1,1,0) | W24: =IF(I24>=1,1,0) | X24: =IF(T24=1,T24+X23,0) | Y24: =IF(U24=1,U24+Y23,0) | Z24: =IF(V24=1,V24+Z23,0) | AA24: =IF(W24=1,W24+AA23,0)
A25: 43709 | F25: ='2019 Summary'!F47 | G25: ='2019 Summary'!G47 | H25: ='2019 Summary'!H47 | I25: ='2019 Summary'!I47 | J25: =MAX(F25:I25) | P25: =IF(F25>=1.25,1,0) | Q25: =IF(G25>=1.25,1,0) | R25: =IF(H25>=1.25,1,0) | S25: =IF(I25>=1.25,1,0) | T25: =IF(F25>=1,1,0) | U25: =IF(G25>=1,1,0) | V25: =IF(H25>=1,1,0) | W25: =IF(I25>=1,1,0) | X25: =IF(T25=1,T25+X24,0) | Y25: =IF(U25=1,U25+Y24,0) | Z25: =IF(V25=1,V25+Z24,0) | AA25: =IF(W25=1,W25+AA24,0)
A26: 43739 | F26: ='2019 Summary'!F48 | G26: ='2019 Summary'!G48 | H26: ='2019 Summary'!H48 | I26: ='2019 Summary'!I48 | J26: =MAX(F26:I26) | P26: =IF(F26>=1.25,1,0) | Q26: =IF(G26>=1.25,1,0) | R26: =IF(H26>=1.25,1,0) | S26: =IF(I26>=1.25,1,0) | T26: =IF(F26>=1,1,0) | U26: =IF(G26>=1,1,0) | V26: =IF(H26>=1,1,0) | W26: =IF(I26>=1,1,0) | X26: =IF(T26=1,T26+X25,0) | Y26: =IF(U26=1,U26+Y25,0) | Z26: =IF(V26=1,V26+Z25,0) | AA26: =IF(W26=1,W26+AA25,0)
A27: 43770 | F27: ='2019 Summary'!F49 | G27: ='2019 Summary'!G49 | H27: ='2019 Summary'!H49 | I27: ='2019 Summary'!I49 | J27: =MAX(F27:I27) | P27: =IF(F27>=1.25,1,0) | Q27: =IF(G27>=1.25,1,0) | R27: =IF(H27>=1.25,1,0) | S27: =IF(I27>=1.25,1,0) | T27: =IF(F27>=1,1,0) | U27: =IF(G27>=1,1,0) | V27: =IF(H27>=1,1,0) | W27: =IF(I27>=1,1,0) | X27: =IF(T27=1,T27+X26,0) | Y27: =IF(U27=1,U27+Y26,0) | Z27: =IF(V27=1,V27+Z26,0) | AA27: =IF(W27=1,W27+AA26,0)
A28: 43800 | F28: ='2019 Summary'!F50 | G28: ='2019 Summary'!G50 | H28: ='2019 Summary'!H50 | I28: ='2019 Summary'!I50 | J28: =MAX(F28:I28) | P28: =IF(F28>=1.25,1,0) | Q28: =IF(G28>=1.25,1,0) | R28: =IF(H28>=1.25,1,0) | S28: =IF(I28>=1.25,1,0) | T28: =IF(F28>=1,1,0) | U28: =IF(G28>=1,1,0) | V28: =IF(H28>=1,1,0) | W28: =IF(I28>=1,1,0) | X28: =IF(T28=1,T28+X27,0) | Y28: =IF(U28=1,U28+Y27,0) | Z28: =IF(V28=1,V28+Z27,0) | AA28: =IF(W28=1,W28+AA27,0)
A29: 43831 | F29: ='2020 Summary'!F39 | G29: ='2020 Summary'!G39 | H29: ='2020 Summary'!H39 | I29: ='2020 Summary'!I39 | J29: =MAX(F29:I29) | P29: =IF(F29>=1.25,1,0) | Q29: =IF(G29>=1.25,1,0) | R29: =IF(H29>=1.25,1,0) | S29: =IF(I29>=1.25,1,0) | T29: =IF(F29>=1,1,0) | U29: =IF(G29>=1,1,0) | V29: =IF(H29>=1,1,0) | W29: =IF(I29>=1,1,0) | X29: =IF(T29=1,T29+X28,0) | Y29: =IF(U29=1,U29+Y28,0) | Z29: =IF(V29=1,V29+Z28,0) | AA29: =IF(W29=1,W29+AA28,0)
A30: 43862 | F30: ='2020 Summary'!F40 | G30: ='2020 Summary'!G40 | H30: ='2020 Summary'!H40 | I30: ='2020 Summary'!I40 | J30: =MAX(F30:I30) | P30: =IF(F30>=1.25,1,0) | Q30: =IF(G30>=1.25,1,0) | R30: =IF(H30>=1.25,1,0) | S30: =IF(I30>=1.25,1,0) | T30: =IF(F30>=1,1,0) | U30: =IF(G30>=1,1,0) | V30: =IF(H30>=1,1,0) | W30: =IF(I30>=1,1,0) | X30: =IF(T30=1,T30+X29,0) | Y30: =IF(U30=1,U30+Y29,0) | Z30: =IF(V30=1,V30+Z29,0) | AA30: =IF(W30=1,W30+AA29,0)
A31: 43891 | F31: ='2020 Summary'!F41 | G31: ='2020 Summary'!G41 | H31: ='2020 Summary'!H41 | I31: ='2020 Summary'!I41 | J31: =MAX(F31:I31) | P31: =IF(F31>=1.25,1,0) | Q31: =IF(G31>=1.25,1,0) | R31: =IF(H31>=1.25,1,0) | S31: =IF(I31>=1.25,1,0) | T31: =IF(F31>=1,1,0) | U31: =IF(G31>=1,1,0) | V31: =IF(H31>=1,1,0) | W31: =IF(I31>=1,1,0) | X31: =IF(T31=1,T31+X30,0) | Y31: =IF(U31=1,U31+Y30,0) | Z31: =IF(V31=1,V31+Z30,0) | AA31: =IF(W31=1,W31+AA30,0)
A32: 43922 | F32: ='2020 Summary'!F42 | G32: ='2020 Summary'!G42 | H32: ='2020 Summary'!H42 | I32: ='2020 Summary'!I42 | J32: =MAX(F32:I32) | P32: =IF(F32>=1.25,1,0) | Q32: =IF(G32>=1.25,1,0) | R32: =IF(H32>=1.25,1,0) | S32: =IF(I32>=1.25,1,0) | T32: =IF(F32>=1,1,0) | U32: =IF(G32>=1,1,0) | V32: =IF(H32>=1,1,0) | W32: =IF(I32>=1,1,0) | X32: =IF(T32=1,T32+X31,0) | Y32: =IF(U32=1,U32+Y31,0) | Z32: =IF(V32=1,V32+Z31,0) | AA32: =IF(W32=1,W32+AA31,0)
A33: 43952 | F33: ='2020 Summary'!F43 | G33: ='2020 Summary'!G43 | H33: ='2020 Summary'!H43 | I33: ='2020 Summary'!I43 | J33: =MAX(F33:I33) | P33: =IF(F33>=1.25,1,0) | Q33: =IF(G33>=1.25,1,0) | R33: =IF(H33>=1.25,1,0) | S33: =IF(I33>=1.25,1,0) | T33: =IF(F33>=1,1,0) | U33: =IF(G33>=1,1,0) | V33: =IF(H33>=1,1,0) | W33: =IF(I33>=1,1,0) | X33: =IF(T33=1,T33+X32,0) | Y33: =IF(U33=1,U33+Y32,0) | Z33: =IF(V33=1,V33+Z32,0) | AA33: =IF(W33=1,W33+AA32,0)
A34: 43983 | F34: ='2020 Summary'!F44 | G34: ='2020 Summary'!G44 | H34: ='2020 Summary'!H44 | I34: ='2020 Summary'!I44 | J34: =MAX(F34:I34) | P34: =IF(F34>=1.25,1,0) | Q34: =IF(G34>=1.25,1,0) | R34: =IF(H34>=1.25,1,0) | S34: =IF(I34>=1.25,1,0) | T34: =IF(F34>=1,1,0) | U34: =IF(G34>=1,1,0) | V34: =IF(H34>=1,1,0) | W34: =IF(I34>=1,1,0) | X34: =IF(T34=1,T34+X33,0) | Y34: =IF(U34=1,U34+Y33,0) | Z34: =IF(V34=1,V34+Z33,0) | AA34: =IF(W34=1,W34+AA33,0)
A35: 44013 | F35: ='2020 Summary'!F45 | G35: ='2020 Summary'!G45 | H35: ='2020 Summary'!H45 | I35: ='2020 Summary'!I45 | J35: =MAX(F35:I35) | K35: Fireworks | P35: =IF(F35>=1.25,1,0) | Q35: =IF(G35>=1.25,1,0) | R35: =IF(H35>=1.25,1,0) | S35: =IF(I35>=1.25,1,0) | T35: =IF(F35>=1,1,0) | U35: =IF(G35>=1,1,0) | V35: =IF(H35>=1,1,0) | W35: =IF(I35>=1,1,0) | X35: =IF(T35=1,T35+X34,0) | Y35: =IF(U35=1,U35+Y34,0) | Z35: =IF(V35=1,V35+Z34,0) | AA35: =IF(W35=1,W35+AA34,0)
A36: 44044 | F36: ='2020 Summary'!F46 | G36: ='2020 Summary'!G46 | H36: ='2020 Summary'!H46 | I36: ='2020 Summary'!I46 | J36: =MAX(F36:I36) | P36: =IF(F36>=1.25,1,0) | Q36: =IF(G36>=1.25,1,0) | R36: =IF(H36>=1.25,1,0) | S36: =IF(I36>=1.25,1,0) | T36: =IF(F36>=1,1,0) | U36: =IF(G36>=1,1,0) | V36: =IF(H36>=1,1,0) | W36: =IF(I36>=1,1,0) | X36: =IF(T36=1,T36+X35,0) | Y36: =IF(U36=1,U36+Y35,0) | Z36: =IF(V36=1,V36+Z35,0) | AA36: =IF(W36=1,W36+AA35,0)
A37: 44075 | F37: ='2020 Summary'!F47 | G37: ='2020 Summary'!G47 | H37: ='2020 Summary'!H47 | I37: ='2020 Summary'!I47 | J37: =MAX(F37:I37) | L37: =RANK(F37,F$5:F$41) | M37: =RANK(G37,G$5:G$41) | N37: =RANK(H37,H$5:H$41) | O37: =RANK(I37,I$5:I$41) | P37: =IF(F37>=1.25,1,0) | Q37: =IF(G37>=1.25,1,0) | R37: =IF(H37>=1.25,1,0) | S37: =IF(I37>=1.25,1,0) | T37: =IF(F37>=1,1,0) | U37: =IF(G37>=1,1,0) | V37: =IF(H37>=1,1,0) | W37: =IF(I37>=1,1,0) | X37: =IF(T37=1,T37+X36,0) | Y37: =IF(U37=1,U37+Y36,0) | Z37: =IF(V37=1,V37+Z36,0) | AA37: =IF(W37=1,W37+AA36,0)
A38: 44105 | F38: ='2020 Summary'!F48 | G38: ='2020 Summary'!G48 | H38: ='2020 Summary'!H48 | I38: ='2020 Summary'!I48 | J38: =MAX(F38:I38) | K38: Wildfires | L38: =RANK(F38,F$5:F$41) | M38: =RANK(G38,G$5:G$41) | N38: =RANK(H38,H$5:H$41) | O38: =RANK(I38,I$5:I$41) | P38: =IF(F38>=1.25,1,0) | Q38: =IF(G38>=1.25,1,0) | R38: =IF(H38>=1.25,1,0) | S38: =IF(I38>=1.25,1,0) | T38: =IF(F38>=1,1,0) | U38: =IF(G38>=1,1,0) | V38: =IF(H38>=1,1,0) | W38: =IF(I38>=1,1,0) | X38: =IF(T38=1,T38+X37,0) | Y38: =IF(U38=1,U38+Y37,0) | Z38: =IF(V38=1,V38+Z37,0) | AA38: =IF(W38=1,W38+AA37,0)
A39: 44136 | F39: ='2020 Summary'!F49 | G39: ='2020 Summary'!G49 | H39: ='2020 Summary'!H49 | I39: ='2020 Summary'!I49 | J39: =MAX(F39:I39) | L39: =RANK(F39,F$5:F$41) | M39: =RANK(G39,G$5:G$41) | N39: =RANK(H39,H$5:H$41) | O39: =RANK(I39,I$5:I$41) | P39: =IF(F39>=1.25,1,0) | Q39: =IF(G39>=1.25,1,0) | R39: =IF(H39>=1.25,1,0) | S39: =IF(I39>=1.25,1,0) | T39: =IF(F39>=1,1,0) | U39: =IF(G39>=1,1,0) | V39: =IF(H39>=1,1,0) | W39: =IF(I39>=1,1,0) | X39: =IF(T39=1,T39+X38,0) | Y39: =IF(U39=1,U39+Y38,0) | Z39: =IF(V39=1,V39+Z38,0) | AA39: =IF(W39=1,W39+AA38,0)
A40: 44166 | F40: ='2020 Summary'!F50 | G40: ='2020 Summary'!G50 | H40: ='2020 Summary'!H50 | I40: ='2020 Summary'!I50 | J40: =MAX(F40:I40) | L40: =RANK(F40,F$5:F$41) | M40: =RANK(G40,G$5:G$41) | N40: =RANK(H40,H$5:H$41) | O40: =RANK(I40,I$5:I$41) | P40: =IF(F40>=1.25,1,0) | Q40: =IF(G40>=1.25,1,0) | R40: =IF(H40>=1.25,1,0) | S40: =IF(I40>=1.25,1,0) | T40: =IF(F40>=1,1,0) | U40: =IF(G40>=1,1,0) | V40: =IF(H40>=1,1,0) | W40: =IF(I40>=1,1,0) | X40: =IF(T40=1,T40+X39,0) | Y40: =IF(U40=1,U40+Y39,0) | Z40: =IF(V40=1,V40+Z39,0) | AA40: =IF(W40=1,W40+AA39,0)
A41: 44197 | F41: ='2021 Summary'!F39 | G41: ='2021 Summary'!G39 | H41: ='2021 Summary'!H39 | I41: ='2021 Summary'!I39 | J41: =MAX(F41:I41) | L41: =RANK(F41,F$5:F$41) | M41: =RANK(G41,G$5:G$41) | N41: =RANK(H41,H$5:H$41) | O41: =RANK(I41,I$5:I$41) | P41: =IF(F41>=1.25,1,0) | Q41: =IF(G41>=1.25,1,0) | R41: =IF(H41>=1.25,1,0) | S41: =IF(I41>=1.25,1,0) | T41: =IF(F41>=1,1,0) | U41: =IF(G41>=1,1,0) | V41: =IF(H41>=1,1,0) | W41: =IF(I41>=1,1,0) | X41: =IF(T41=1,T41+X40,0) | Y41: =IF(U41=1,U41+Y40,0) | Z41: =IF(V41=1,V41+Z40,0) | AA41: =IF(W41=1,W41+AA40,0)
A42: 44228
A43: 44256
A44: 44287
A45: 44317 | L45: =MAX(F5:F41) | M45: =MAX(G5:G41) | N45: =MAX(H5:H41) | O45: =MAX(I5:I41)
A46: 44348
A47: 44378
A48: 44409
A49: 44440
A50: 44470
A51: 44501
A52: 44531

Sheet Lead (30-Day_Avg)
C1: City of Industry Plant - Ambient Lead
C2: (units=µg/m3) | AN2: 0.075 | AU2: 0.075 | BB2: 0.075 | BI2: 0.075 | BP2: 0.075 | BW2: 0.075 | CD2: 0.075 | CQ2: 0.075
A3: Month | B3: Year | C3: Monitoring | D3: Station 1 | F3: Station 2 | I3: Station 4 | K3: Station 5 | M3: 30-day average | Q3: Daily Results | AF3: =COUNTIF($D$5:$L$734,">=0.075") | AH3: =COUNTIF($Q$5:$T$734,">=0.075")
A4: =IF(ISNUMBER(C4),MONTH(C4),"") | B4: =IF(ISNUMBER(C4),YEAR(C4),"") | C4: Dates | D4: 1A | E4: 1B | F4: 2A | G4: 2B | H4: 2D | I4: 4A | J4: 4B | K4: 5A | L4: 5B | M4: Station 1 | N4: Station 2 | O4: Station 4 | P4: Station 5 | Q4: Station 1 | R4: Station 2 | S4: Station 4 | T4: Station 5 | V4: WeekEND | W4: WeekDAY | Z4: WeekEND | AA4: WeekDAY | AB4: % WD Diff | AC4: ALLDAYS | AE4: 98th percentile | AH4: =COUNTIF($D$5:$L$734,">=0.10") | AI4: CY 2025 | AJ4: Station 1 | AK4: Station 2 | AL4: Station 4 | AM4: Station 5 | AN4: ALL Stations | AP4: CY 2024 | AQ4: Station 1 | AR4: Station 2 | AS4: Station 4 | AT4: Station 5 | AU4: ALL Stations | AW4: CY 2023 | AX4: Station 1 | AY4: Station 2 | AZ4: Station 4 | BA4: Station 5 | BB4: ALL Stations | BD4: CY 2022 | BE4: Station 1 | BF4: Station 2 | BG4: Station 4 | BH4: Station 5 | BI4: ALL Stations | BK4: CY 2021 | BL4: Station 1 | BM4: Station 2 | BN4: Station 4 | BO4: Station 5 | BP4: ALL Stations | BR4: CY 2020 | BS4: Station 1 | BT4: Station 2 | BU4: Station 4 | BV4: Station 5 | BW4: ALL Stations | BY4: CY 2019 | BZ4: Station 1 | CA4: Station 2 | CB4: Station 4 | CC4: Station 5 | CD4: ALL Stations | CG4: Station 1 | CH4: Station 2 | CI4: Station 4 | CJ4: Station 5 | CM4: Station 1 | CN4: Station 2 | CO4: Station 4 | CP4: Station 5 | CQ4: ALL Stations
A5: =IF(ISNUMBER(C5),MONTH(C5),"") | B5: =IF(ISNUMBER(C5),YEAR(C5),"") | C5: 43101 | E5: 0.0126 | G5: 0.0117 | J5: 0.0115 | L5: 0.014 | M5: =AVERAGE(D5:E5) | N5: =AVERAGE(F5:H5) | O5: =AVERAGE(I5:J5) | P5: =AVERAGE(K5:L5) | Q5: =IFERROR(AVERAGE(D5:E5),"") | R5: =IFERROR(AVERAGE(F5:H5),"") | S5: =IFERROR(AVERAGE(I5:J5),"") | T5: =IFERROR(AVERAGE(K5:L5),"") | W5: =AVERAGE(Q5:T5) | Y5: max | Z5: =MAX(V5:V3300) | AA5: =MAX(W5:W3300) | AB5: =(AA5-Z5)/Z5 | AD5: =PERCENTILE(D5:L2569,0.98) | AE5: WeekDAY | AF5: =PERCENTILE($W$5:$W$734,0.98) | AI5: max | AJ5: =MAX($D$2562:$E$2926) | AK5: =MAX($F$2562:$H$2926) | AL5: =MAX($I$2562:$J$2926) | AM5: =MAX($K$2562:$L$2926) | AN5: =MAX($D$2562:$L$2926) | AP5: max | AQ5: =MAX($D$2196:$E$2561) | AR5: =MAX($F$2196:$H$2561) | AS5: =MAX($I$2196:$J$2561) | AT5: =MAX($K$2196:$L$2561) | AU5: =MAX($D$2196:$L$2561) | AW5: max | AX5: =MAX($D$1831:$E$2195) | AY5: =MAX($F$1831:$H$2195) | AZ5: =MAX($I$1831:$J$2195) | BA5: =MAX($K$1831:$L$2195) | BB5: =MAX($D$1831:$L$2195) | BD5: max | BE5: =MAX($D$1466:$E$1830) | BF5: =MAX($F$1466:$H$1830) | BG5: =MAX($I$1466:$J$1830) | BH5: =MAX($K$1466:$L$1830) | BI5: =MAX($D$1466:$L$1830) | BK5: max | BL5: =MAX($D$1101:$E$1465) | BM5: =MAX($F$1101:$H$1465) | BN5: =MAX($I$1101:$J$1465) | BO5: =MAX($K$1101:$L$1465) | BP5: =MAX($D$1101:$L$1465) | BR5: max | BS5: =MAX($D$735:$E$1100) | BT5: =MAX($F$735:$H$1100) | BU5: =MAX($I$735:$J$1100) | BV5: =MAX($K$735:$L$1100) | BW5: =MAX($D$735:$L$1100) | BY5: max | BZ5: =MAX($D$5:$E$734) | CA5: =MAX($F$5:$H$734) | CB5: =MAX($I$5:$J$734) | CC5: =MAX($K$5:$L$734) | CD5: =MAX($D$5:$L$734) | CF5: # greater than 0.100 | CG5: =COUNTIF($D$5:$E$734,">=0.1") | CH5: =COUNTIF($F$5:$H$734,">=0.1") | CI5: =COUNTIF($I$5:$J$734,">=0.1") | CJ5: =COUNTIF($K$5:$L$734,">=0.1") | CL5: Average | CM5: =AVERAGE($D$5:$E$734) | CN5: =AVERAGE($F$5:$H$734) | CO5: =AVERAGE($I$5:$J$734) | CP5: =AVERAGE($K$5:$L$734) | CQ5: =AVERAGE($D$5:$L$734)
A6: =IF(ISNUMBER(C6),MONTH(C6),"") | B6: =IF(ISNUMBER(C6),YEAR(C6),"") | C6: =C5+1 | D6: 0.0271 | H6: 0.0238 | I6: 0.0274 | K6: 0.0352 | M6: =AVERAGE(D5:E6) | N6: =AVERAGE(F5:H6) | O6: =AVERAGE(I5:J6) | P6: =AVERAGE(K5:L6) | Q6: =IFERROR(AVERAGE(D6:E6),"") | R6: =IFERROR(AVERAGE(F6:H6),"") | S6: =IFERROR(AVERAGE(I6:J6),"") | T6: =IFERROR(AVERAGE(K6:L6),"") | W6: =AVERAGE(Q6:T6) | Y6: 95th percentile | Z6: =PERCENTILE(V5:V3300,0.9) | AA6: =PERCENTILE($W$5:$W$3300,0.9) | AB6: =(AA6-Z6)/Z6 | AC6: =PERCENTILE(V5:W2569,0.95) | AD6: =PERCENTILE(D5:L2569,0.95) | AE6: WeekEND | AF6: =PERCENTILE($V$5:$V$734,0.98) | AI6: 98th percentile | AJ6: =PERCENTILE($D$2562:$E$2926,0.98) | AK6: =PERCENTILE($F$2562:$H$2926,0.98) | AL6: =PERCENTILE($I$2562:$J$2926,0.98) | AM6: =PERCENTILE($K$2562:$L$2926,0.98) | AN6: =PERCENTILE($D$2562:$L$2926,0.98) | AP6: 98th percentile | AQ6: =PERCENTILE($D$2196:$E$2561,0.98) | AR6: =PERCENTILE($F$2196:$H$2561,0.98) | AS6: =PERCENTILE($I$2196:$J$2561,0.98) | AT6: =PERCENTILE($K$2196:$L$2561,0.98) | AU6: =PERCENTILE($D$2196:$L$2561,0.98) | AW6: 98th percentile | AX6: =PERCENTILE($D$1831:$E$2195,0.98) | AY6: =PERCENTILE($F$1831:$H$2195,0.98) | AZ6: =PERCENTILE($I$1831:$J$2195,0.98) | BA6: =PERCENTILE($K$1831:$L$2195,0.98) | BB6: =PERCENTILE($D$1831:$L$2195,0.98) | BD6: 98th percentile | BE6: =PERCENTILE($D$1466:$E$1830,0.98) | BF6: =PERCENTILE($F$1466:$H$1830,0.98) | BG6: =PERCENTILE($I$1466:$J$1830,0.98) | BH6: =PERCENTILE($K$1466:$L$1830,0.98) | BI6: =PERCENTILE($D$1466:$L$1830,0.98) | BK6: 98th percentile | BL6: =PERCENTILE($D$1101:$E$1465,0.98) | BM6: =PERCENTILE($F$1101:$H$1465,0.98) | BN6: =PERCENTILE($I$1101:$J$1465,0.98) | BO6: =PERCENTILE($K$1101:$L$1465,0.98) | BP6: =PERCENTILE($D$1101:$L$1465,0.98) | BR6: 98th percentile | BS6: =PERCENTILE($D$735:$E$1100,0.98) | BT6: =PERCENTILE($F$735:$H$1100,0.98) | BU6: =PERCENTILE($I$735:$J$1100,0.98) | BV6: =PERCENTILE($K$735:$L$1100,0.98) | BW6: =PERCENTILE($D$735:$L$1100,0.98) | BY6: 98th percentile | BZ6: =PERCENTILE($D$5:$E$734,0.98) | CA6: =PERCENTILE($F$5:$H$734,0.98) | CB6: =PERCENTILE($I$5:$J$734,0.98) | CC6: =PERCENTILE($K$5:$L$734,0.98) | CD6: =PERCENTILE($D$5:$L$734,0.98) | CF6: # greater than 0.075 | CG6: =COUNTIF($D$5:$E$734,">=0.075") | CH6: =COUNTIF($F$5:$H$734,">=0.075") | CI6: =COUNTIF($I$5:$J$734,">=0.075") | CJ6: =COUNTIF($K$5:$L$734,">=0.075") | CM6: =STDEVP($D$5:$E$734) | CN6: =STDEVP($F$5:$H$734) | CO6: =STDEVP($I$5:$J$734) | CP6: =STDEVP($K$5:$L$734) | CQ6: =STDEVP($D$5:$L$734)
A7: =IF(ISNUMBER(C7),MONTH(C7),"") | B7: =IF(ISNUMBER(C7),YEAR(C7),"") | C7: =C6+1 | E7: 0.0283 | G7: 0.0325 | J7: 0.0371 | L7: 0.0483 | M7: =AVERAGE(D5:E7) | N7: =AVERAGE(F5:H7) | O7: =AVERAGE(I5:J7) | P7: =AVERAGE(K5:L7) | Q7: =IFERROR(AVERAGE(D7:E7),"") | R7: =IFERROR(AVERAGE(F7:H7),"") | S7: =IFERROR(AVERAGE(I7:J7),"") | T7: =IFERROR(AVERAGE(K7:L7),"") | W7: =AVERAGE(Q7:T7) | Y7: 75th percentile | Z7: =PERCENTILE(V5:V3300,0.75) | AA7: =PERCENTILE(W5:W3300,0.75) | AB7: =(AA7-Z7)/Z7 | AC7: =PERCENTILE(V5:W2569,0.75) | AE7: All (no events) | AF7: =PERCENTILE($V$5:$W$734,0.98) | AH7: =PERCENTILE($D$5:$L$734,0.985) | AI7: 95th percentile | AJ7: =PERCENTILE($D$2562:$E$2926,0.95) | AK7: =PERCENTILE($F$2562:$H$2926,0.95) | AL7: =PERCENTILE($I$2562:$J$2926,0.95) | AM7: =PERCENTILE($K$2562:$L$2926,0.95) | AN7: =PERCENTILE($D$2562:$L$2926,0.95) | AP7: 95th percentile | AQ7: =PERCENTILE($D$2196:$E$2561,0.95) | AR7: =PERCENTILE($F$2196:$H$2561,0.95) | AS7: =PERCENTILE($I$2196:$J$2561,0.95) | AT7: =PERCENTILE($K$2196:$L$2561,0.95) | AU7: =PERCENTILE($D$2196:$L$2561,0.95) | AW7: 95th percentile | AX7: =PERCENTILE($D$1831:$E$2195,0.95) | AY7: =PERCENTILE($F$1831:$H$2195,0.95) | AZ7: =PERCENTILE($I$1831:$J$2195,0.95) | BA7: =PERCENTILE($K$1831:$L$2195,0.95) | BB7: =PERCENTILE($D$1831:$L$2195,0.95) | BD7: 95th percentile | BE7: =PERCENTILE($D$1466:$E$1830,0.95) | BF7: =PERCENTILE($F$1466:$H$1830,0.95) | BG7: =PERCENTILE($I$1466:$J$1830,0.95) | BH7: =PERCENTILE($K$1466:$L$1830,0.95) | BI7: =PERCENTILE($D$1466:$L$1830,0.95) | BK7: 95th percentile | BL7: =PERCENTILE($D$1101:$E$1465,0.95) | BM7: =PERCENTILE($F$1101:$H$1465,0.95) | BN7: =PERCENTILE($I$1101:$J$1465,0.95) | BO7: =PERCENTILE($K$1101:$L$1465,0.95) | BP7: =PERCENTILE($D$1101:$L$1465,0.95) | BR7: 95th percentile | BS7: =PERCENTILE($D$735:$E$1100,0.95) | BT7: =PERCENTILE($F$735:$H$1100,0.95) | BU7: =PERCENTILE($I$735:$J$1100,0.95) | BV7: =PERCENTILE($K$735:$L$1100,0.95) | BW7: =PERCENTILE($D$735:$L$1100,0.95) | BY7: 95th percentile | BZ7: =PERCENTILE($D$5:$E$734,0.95) | CA7: =PERCENTILE($F$5:$H$734,0.95) | CB7: =PERCENTILE($I$5:$J$734,0.95) | CC7: =PERCENTILE($K$5:$L$734,0.95) | CD7: =PERCENTILE($D$5:$L$734,0.95) | CF7: # greater than 0.065 | CG7: =COUNTIF($D$5:$E$734,">=0.065") | CH7: =COUNTIF($F$5:$H$734,">=0.065") | CI7: =COUNTIF($I$5:$J$734,">=0.065") | CJ7: =COUNTIF($K$5:$L$734,">=0.065")
A8: =IF(ISNUMBER(C8),MONTH(C8),"") | B8: =IF(ISNUMBER(C8),YEAR(C8),"") | C8: =C7+1 | D8: 0.0258 | F8: 0.0295 | H8: 0.0291 | I8: 0.0706 | K8: 0.0566 | M8: =AVERAGE(D5:E8) | N8: =AVERAGE(F5:H8) | O8: =AVERAGE(I5:J8) | P8: =AVERAGE(K5:L8) | Q8: =IFERROR(AVERAGE(D8:E8),"") | R8: =IFERROR(AVERAGE(F8:H8),"") | S8: =IFERROR(AVERAGE(I8:J8),"") | T8: =IFERROR(AVERAGE(K8:L8),"") | W8: =AVERAGE(Q8:T8) | Y8: average | Z8: =AVERAGE(V5:V3300) | AA8: =AVERAGE(W5:W3300) | AB8: =(AA8-Z8)/Z8 | AC8: =AVERAGE(V5:W2569) | AE8: All (w/ Events) | AF8: =PERCENTILE($D$5:$L$734,0.98) | AH8: =PERCENTILE($D$5:$L$734,0.99) | AI8: 90th percentile | AJ8: =PERCENTILE($D$2562:$E$2926,0.9) | AK8: =PERCENTILE($F$2562:$H$2926,0.9) | AL8: =PERCENTILE($I$2562:$J$2926,0.9) | AM8: =PERCENTILE($K$2562:$L$2926,0.9) | AN8: =PERCENTILE($D$2562:$L$2926,0.9) | AP8: 90th percentile | AQ8: =PERCENTILE($D$2196:$E$2561,0.9) | AR8: =PERCENTILE($F$2196:$H$2561,0.9) | AS8: =PERCENTILE($I$2196:$J$2561,0.9) | AT8: =PERCENTILE($K$2196:$L$2561,0.9) | AU8: =PERCENTILE($D$2196:$L$2561,0.9) | AW8: 90th percentile | AX8: =PERCENTILE($D$1831:$E$2195,0.9) | AY8: =PERCENTILE($F$1831:$H$2195,0.9) | AZ8: =PERCENTILE($I$1831:$J$2195,0.9) | BA8: =PERCENTILE($K$1831:$L$2195,0.9) | BB8: =PERCENTILE($D$1831:$L$2195,0.9) | BD8: 90th percentile | BE8: =PERCENTILE($D$1466:$E$1830,0.9) | BF8: =PERCENTILE($F$1466:$H$1830,0.9) | BG8: =PERCENTILE($I$1466:$J$1830,0.9) | BH8: =PERCENTILE($K$1466:$L$1830,0.9) | BI8: =PERCENTILE($D$1466:$L$1830,0.9) | BK8: 90th percentile | BL8: =PERCENTILE($D$1101:$E$1465,0.9) | BM8: =PERCENTILE($F$1101:$H$1465,0.9) | BN8: =PERCENTILE($I$1101:$J$1465,0.9) | BO8: =PERCENTILE($K$1101:$L$1465,0.9) | BP8: =PERCENTILE($D$1101:$L$1465,0.9) | BR8: 90th percentile | BS8: =PERCENTILE($D$735:$E$1100,0.9) | BT8: =PERCENTILE($F$735:$H$1100,0.9) | BU8: =PERCENTILE($I$735:$J$1100,0.9) | BV8: =PERCENTILE($K$735:$L$1100,0.9) | BW8: =PERCENTILE($D$735:$L$1100,0.9) | BY8: 90th percentile | BZ8: =PERCENTILE($D$5:$E$734,0.9) | CA8: =PERCENTILE($F$5:$H$734,0.9) | CB8: =PERCENTILE($I$5:$J$734,0.9) | CC8: =PERCENTILE($K$5:$L$734,0.9) | CD8: =PERCENTILE($D$5:$L$734,0.9)
A9: =IF(ISNUMBER(C9),MONTH(C9),"") | B9: =IF(ISNUMBER(C9),YEAR(C9),"") | C9: =C8+1 | E9: 0.0356 | G9: 0.0252 | J9: 0.032 | L9: 0.0516 | M9: =AVERAGE(D5:E9) | N9: =AVERAGE(F5:H9) | O9: =AVERAGE(I5:J9) | P9: =AVERAGE(K5:L9) | Q9: =IFERROR(AVERAGE(D9:E9),"") | R9: =IFERROR(AVERAGE(F9:H9),"") | S9: =IFERROR(AVERAGE(I9:J9),"") | T9: =IFERROR(AVERAGE(K9:L9),"") | W9: =AVERAGE(Q9:T9) | X9: =AVERAGE(Q5:T9)
A10: =IF(ISNUMBER(C10),MONTH(C10),"") | B10: =IF(ISNUMBER(C10),YEAR(C10),"") | C10: =C9+1 | D10: 0.019 | F10: 0.0126 | I10: 0.0115 | K10: 0.0195 | M10: =AVERAGE(D5:E10) | N10: =AVERAGE(F5:H10) | O10: =AVERAGE(I5:J10) | P10: =AVERAGE(K5:L10) | Q10: =IFERROR(AVERAGE(D10:E10),"") | R10: =IFERROR(AVERAGE(F10:H10),"") | S10: =IFERROR(AVERAGE(I10:J10),"") | T10: =IFERROR(AVERAGE(K10:L10),"") | V10: =AVERAGE(Q10:T10) | Z10: Station 1 | AA10: Station 2 | AB10: Station 4 | AC10: Station 5
A11: =IF(ISNUMBER(C11),MONTH(C11),"") | B11: =IF(ISNUMBER(C11),YEAR(C11),"") | C11: =C10+1 | E11: 0.0139 | G11: 0.0151 | J11: 0.0099 | L11: 0.0164 | M11: =AVERAGE(D5:E11) | N11: =AVERAGE(F5:H11) | O11: =AVERAGE(I5:J11) | P11: =AVERAGE(K5:L11) | Q11: =IFERROR(AVERAGE(D11:E11),"") | R11: =IFERROR(AVERAGE(F11:H11),"") | S11: =IFERROR(AVERAGE(I11:J11),"") | T11: =IFERROR(AVERAGE(K11:L11),"") | V11: =AVERAGE(Q11:T11) | X11: =AVERAGE(Q10:T11) | Z11: Tuesday | AA11: Monday | AB11: Friday | AC11: Thursday
A12: =IF(ISNUMBER(C12),MONTH(C12),"") | B12: =IF(ISNUMBER(C12),YEAR(C12),"") | C12: =C11+1 | D12: 0.0239 | H12: 0.0173 | I12: 0.0168 | K12: 0.0282 | M12: =AVERAGE(D5:E12) | N12: =AVERAGE(F5:H12) | O12: =AVERAGE(I5:J12) | P12: =AVERAGE(K5:L12) | Q12: =IFERROR(AVERAGE(D12:E12),"") | R12: =IFERROR(AVERAGE(F12:H12),"") | S12: =IFERROR(AVERAGE(I12:J12),"") | T12: =IFERROR(AVERAGE(K12:L12),"") | W12: =AVERAGE(Q12:T12) | Z12: Tuesday | AB12: Monday | AC12: Wednesday
A13: =IF(ISNUMBER(C13),MONTH(C13),"") | B13: =IF(ISNUMBER(C13),YEAR(C13),"") | C13: =C12+1 | E13: 0.00725 | G13: 0.0065 | J13: 0.00605 | L13: 0.0123 | M13: =AVERAGE(D5:E13) | N13: =AVERAGE(F5:H13) | O13: =AVERAGE(I5:J13) | P13: =AVERAGE(K5:L13) | Q13: =IFERROR(AVERAGE(D13:E13),"") | R13: =IFERROR(AVERAGE(F13:H13),"") | S13: =IFERROR(AVERAGE(I13:J13),"") | T13: =IFERROR(AVERAGE(K13:L13),"") | W13: =AVERAGE(Q13:T13) | AB13: Monday | AC13: Friday
A14: =IF(ISNUMBER(C14),MONTH(C14),"") | B14: =IF(ISNUMBER(C14),YEAR(C14),"") | C14: =C13+1 | D14: 0.0113 | F14: 0.00826 | H14: 0.00684 | I14: 0.0143 | K14: 0.0173 | M14: =AVERAGE(D5:E14) | N14: =AVERAGE(F5:H14) | O14: =AVERAGE(I5:J14) | P14: =AVERAGE(K5:L14) | Q14: =IFERROR(AVERAGE(D14:E14),"") | R14: =IFERROR(AVERAGE(F14:H14),"") | S14: =IFERROR(AVERAGE(I14:J14),"") | T14: =IFERROR(AVERAGE(K14:L14),"") | W14: =AVERAGE(Q14:T14) | AB14: Tuesday | AC14: Tuesday
A15: =IF(ISNUMBER(C15),MONTH(C15),"") | B15: =IF(ISNUMBER(C15),YEAR(C15),"") | C15: =C14+1 | E15: 0.0351 | G15: 0.0197 | J15: 0.0436 | L15: 0.0423 | M15: =AVERAGE(D5:E15) | N15: =AVERAGE(F5:H15) | O15: =AVERAGE(I5:J15) | P15: =AVERAGE(K5:L15) | Q15: =IFERROR(AVERAGE(D15:E15),"") | R15: =IFERROR(AVERAGE(F15:H15),"") | S15: =IFERROR(AVERAGE(I15:J15),"") | T15: =IFERROR(AVERAGE(K15:L15),"") | W15: =AVERAGE(Q15:T15) | AB15: Tuesday
A16: =IF(ISNUMBER(C16),MONTH(C16),"") | B16: =IF(ISNUMBER(C16),YEAR(C16),"") | C16: =C15+1 | D16: 0.02 | F16: 0.0276 | I16: 0.101 | K16: 0.0321 | M16: =AVERAGE(D5:E16) | N16: =AVERAGE(F5:H16) | O16: =AVERAGE(I5:J16) | P16: =AVERAGE(K5:L16) | Q16: =IFERROR(AVERAGE(D16:E16),"") | R16: =IFERROR(AVERAGE(F16:H16),"") | T16: =IFERROR(AVERAGE(K16:L16),"") | W16: =AVERAGE(Q16:T16) | X16: =AVERAGE(Q12:T16) | Y16: EVENT
A17: =IF(ISNUMBER(C17),MONTH(C17),"") | B17: =IF(ISNUMBER(C17),YEAR(C17),"") | C17: =C16+1 | E17: 0.013 | G17: 0.0153 | J17: 0.0173 | L17: 0.0189 | M17: =AVERAGE(D5:E17) | N17: =AVERAGE(F5:H17) | O17: =AVERAGE(I5:J17) | P17: =AVERAGE(K5:L17) | Q17: =IFERROR(AVERAGE(D17:E17),"") | R17: =IFERROR(AVERAGE(F17:H17),"") | S17: =IFERROR(AVERAGE(I17:J17),"") | T17: =IFERROR(AVERAGE(K17:L17),"") | V17: =AVERAGE(Q17:T17)
A18: =IF(ISNUMBER(C18),MONTH(C18),"") | B18: =IF(ISNUMBER(C18),YEAR(C18),"") | C18: =C17+1 | D18: 0.0119 | H18: 0.0104 | I18: 0.00872 | K18: 0.0155 | M18: =AVERAGE(D5:E18) | N18: =AVERAGE(F5:H18) | O18: =AVERAGE(I5:J18) | P18: =AVERAGE(K5:L18) | Q18: =IFERROR(AVERAGE(D18:E18),"") | R18: =IFERROR(AVERAGE(F18:H18),"") | S18: =IFERROR(AVERAGE(I18:J18),"") | T18: =IFERROR(AVERAGE(K18:L18),"") | V18: =AVERAGE(Q18:T18) | X18: =AVERAGE(Q17:T18) | Z18: Monday | AA18: 3
A19: =IF(ISNUMBER(C19),MONTH(C19),"") | B19: =IF(ISNUMBER(C19),YEAR(C19),"") | C19: =C18+1 | E19: 0.0304 | G19: 0.0372 | J19: 0.0288 | L19: 0.0312 | M19: =AVERAGE(D5:E19) | N19: =AVERAGE(F5:H19) | O19: =AVERAGE(I5:J19) | P19: =AVERAGE(K5:L19) | Q19: =IFERROR(AVERAGE(D19:E19),"") | R19: =IFERROR(AVERAGE(F19:H19),"") | S19: =IFERROR(AVERAGE(I19:J19),"") | T19: =IFERROR(AVERAGE(K19:L19),"") | W19: =AVERAGE(Q19:T19) | Z19: Tuesday | AA19: 5
A20: =IF(ISNUMBER(C20),MONTH(C20),"") | B20: =IF(ISNUMBER(C20),YEAR(C20),"") | C20: =C19+1 | D20: 0.0229 | F20: 0.0259 | H20: 0.024 | I20: 0.0339 | K20: 0.0332 | M20: =AVERAGE(D5:E20) | N20: =AVERAGE(F5:H20) | O20: =AVERAGE(I5:J20) | P20: =AVERAGE(K5:L20) | Q20: =IFERROR(AVERAGE(D20:E20),"") | R20: =IFERROR(AVERAGE(F20:H20),"") | S20: =IFERROR(AVERAGE(I20:J20),"") | T20: =IFERROR(AVERAGE(K20:L20),"") | W20: =AVERAGE(Q20:T20) | Z20: Wednesday | AA20: 1
A21: =IF(ISNUMBER(C21),MONTH(C21),"") | B21: =IF(ISNUMBER(C21),YEAR(C21),"") | C21: =C20+1 | E21: 0.0292 | G21: 0.0265 | J21: 0.0346 | L21: 0.0386 | M21: =AVERAGE(D5:E21) | N21: =AVERAGE(F5:H21) | O21: =AVERAGE(I5:J21) | P21: =AVERAGE(K5:L21) | Q21: =IFERROR(AVERAGE(D21:E21),"") | R21: =IFERROR(AVERAGE(F21:H21),"") | S21: =IFERROR(AVERAGE(I21:J21),"") | T21: =IFERROR(AVERAGE(K21:L21),"") | W21: =AVERAGE(Q21:T21) | Z21: Thursday | AA21: 1
A22: =IF(ISNUMBER(C22),MONTH(C22),"") | B22: =IF(ISNUMBER(C22),YEAR(C22),"") | C22: =C21+1 | D22: 0.0432 | F22: 0.0237 | I22: 0.0229 | K22: 0.057 | M22: =AVERAGE(D5:E22) | N22: =AVERAGE(F5:H22) | O22: =AVERAGE(I5:J22) | P22: =AVERAGE(K5:L22) | Q22: =IFERROR(AVERAGE(D22:E22),"") | R22: =IFERROR(AVERAGE(F22:H22),"") | S22: =IFERROR(AVERAGE(I22:J22),"") | T22: =IFERROR(AVERAGE(K22:L22),"") | W22: =AVERAGE(Q22:T22) | Z22: Friday | AA22: 2
A23: =IF(ISNUMBER(C23),MONTH(C23),"") | B23: =IF(ISNUMBER(C23),YEAR(C23),"") | C23: =C22+1 | E23: 0.0209 | G23: 0.0152 | J23: 0.0176 | L23: 0.0245 | M23: =AVERAGE(D5:E23) | N23: =AVERAGE(F5:H23) | O23: =AVERAGE(I5:J23) | P23: =AVERAGE(K5:L23) | Q23: =IFERROR(AVERAGE(D23:E23),"") | R23: =IFERROR(AVERAGE(F23:H23),"") | S23: =IFERROR(AVERAGE(I23:J23),"") | T23: =IFERROR(AVERAGE(K23:L23),"") | W23: =AVERAGE(Q23:T23) | X23: =AVERAGE(Q19:T23)
A24: =IF(ISNUMBER(C24),MONTH(C24),"") | B24: =IF(ISNUMBER(C24),YEAR(C24),"") | C24: =C23+1 | D24: 0.0126 | H24: 0.0252 | I24: 0.0105 | K24: 0.0189 | M24: =AVERAGE(D5:E24) | N24: =AVERAGE(F5:H24) | O24: =AVERAGE(I5:J24) | P24: =AVERAGE(K5:L24) | Q24: =IFERROR(AVERAGE(D24:E24),"") | R24: =IFERROR(AVERAGE(F24:H24),"") | S24: =IFERROR(AVERAGE(I24:J24),"") | T24: =IFERROR(AVERAGE(K24:L24),"") | V24: =AVERAGE(Q24:T24)
A25: =IF(ISNUMBER(C25),MONTH(C25),"") | B25: =IF(ISNUMBER(C25),YEAR(C25),"") | C25: =C24+1 | E25: 0.0101 | G25: 0.0147 | J25: 0.00726 | L25: 0.022 | M25: =AVERAGE(D5:E25) | N25: =AVERAGE(F5:H25) | O25: =AVERAGE(I5:J25) | P25: =AVERAGE(K5:L25) | Q25: =IFERROR(AVERAGE(D25:E25),"") | R25: =IFERROR(AVERAGE(F25:H25),"") | S25: =IFERROR(AVERAGE(I25:J25),"") | T25: =IFERROR(AVERAGE(K25:L25),"") | V25: =AVERAGE(Q25:T25) | X25: =AVERAGE(Q24:T25)
A26: =IF(ISNUMBER(C26),MONTH(C26),"") | B26: =IF(ISNUMBER(C26),YEAR(C26),"") | C26: =C25+1 | D26: 0.0195 | F26: 0.0216 | H26: 0.0182 | I26: 0.0201 | K26: 0.0496 | M26: =AVERAGE(D5:E26) | N26: =AVERAGE(F5:H26) | O26: =AVERAGE(I5:J26) | P26: =AVERAGE(K5:L26) | Q26: =IFERROR(AVERAGE(D26:E26),"") | R26: =IFERROR(AVERAGE(F26:H26),"") | S26: =IFERROR(AVERAGE(I26:J26),"") | T26: =IFERROR(AVERAGE(K26:L26),"") | W26: =AVERAGE(Q26:T26)
A27: =IF(ISNUMBER(C27),MONTH(C27),"") | B27: =IF(ISNUMBER(C27),YEAR(C27),"") | C27: =C26+1 | E27: 0.014 | G27: 0.0412 | J27: 0.0272 | L27: 0.0676 | M27: =AVERAGE(D5:E27) | N27: =AVERAGE(F5:H27) | O27: =AVERAGE(I5:J27) | P27: =AVERAGE(K5:L27) | Q27: =IFERROR(AVERAGE(D27:E27),"") | R27: =IFERROR(AVERAGE(F27:H27),"") | S27: =IFERROR(AVERAGE(I27:J27),"") | T27: =IFERROR(AVERAGE(K27:L27),"") | W27: =AVERAGE(Q27:T27)
A28: =IF(ISNUMBER(C28),MONTH(C28),"") | B28: =IF(ISNUMBER(C28),YEAR(C28),"") | C28: =C27+1 | D28: 0.0175 | F28: 0.0408 | I28: 0.0188 | K28: 0.0492 | M28: =AVERAGE(D5:E28) | N28: =AVERAGE(F5:H28) | O28: =AVERAGE(I5:J28) | P28: =AVERAGE(K5:L28) | Q28: =IFERROR(AVERAGE(D28:E28),"") | R28: =IFERROR(AVERAGE(F28:H28),"") | S28: =IFERROR(AVERAGE(I28:J28),"") | T28: =IFERROR(AVERAGE(K28:L28),"") | W28: =AVERAGE(Q28:T28)
A29: =IF(ISNUMBER(C29),MONTH(C29),"") | B29: =IF(ISNUMBER(C29),YEAR(C29),"") | C29: =C28+1 | E29: 0.025 | G29: 0.0275 | J29: 0.0262 | L29: 0.0431 | M29: =AVERAGE(D5:E29) | N29: =AVERAGE(F5:H29) | O29: =AVERAGE(I5:J29) | P29: =AVERAGE(K5:L29) | Q29: =IFERROR(AVERAGE(D29:E29),"") | R29: =IFERROR(AVERAGE(F29:H29),"") | S29: =IFERROR(AVERAGE(I29:J29),"") | T29: =IFERROR(AVERAGE(K29:L29),"") | W29: =AVERAGE(Q29:T29)
A30: =IF(ISNUMBER(C30),MONTH(C30),"") | B30: =IF(ISNUMBER(C30),YEAR(C30),"") | C30: =C29+1 | D30: 0.0193 | H30: 0.027 | I30: 0.0316 | K30: 0.0229 | M30: =AVERAGE(D5:E30) | N30: =AVERAGE(F5:H30) | O30: =AVERAGE(I5:J30) | P30: =AVERAGE(K5:L30) | Q30: =IFERROR(AVERAGE(D30:E30),"") | R30: =IFERROR(AVERAGE(F30:H30),"") | S30: =IFERROR(AVERAGE(I30:J30),"") | T30: =IFERROR(AVERAGE(K30:L30),"") | W30: =AVERAGE(Q30:T30) | X30: =AVERAGE(Q26:T30)
A31: =IF(ISNUMBER(C31),MONTH(C31),"") | B31: =IF(ISNUMBER(C31),YEAR(C31),"") | C31: =C30+1 | E31: 0.0137 | G31: 0.0151 | J31: 0.0136 | L31: 0.0413 | M31: =AVERAGE(D5:E31) | N31: =AVERAGE(F5:H31) | O31: =AVERAGE(I5:J31) | P31: =AVERAGE(K5:L31) | Q31: =IFERROR(AVERAGE(D31:E31),"") | R31: =IFERROR(AVERAGE(F31:H31),"") | S31: =IFERROR(AVERAGE(I31:J31),"") | T31: =IFERROR(AVERAGE(K31:L31),"") | V31: =AVERAGE(Q31:T31)
A32: =IF(ISNUMBER(C32),MONTH(C32),"") | B32: =IF(ISNUMBER(C32),YEAR(C32),"") | C32: =C31+1 | D32: 0.017 | F32: 0.0204 | H32: 0.0214 | I32: 0.0125 | K32: 0.0246 | M32: =AVERAGE(D5:E32) | N32: =AVERAGE(F5:H32) | O32: =AVERAGE(I5:J32) | P32: =AVERAGE(K5:L32) | Q32: =IFERROR(AVERAGE(D32:E32),"") | R32: =IFERROR(AVERAGE(F32:H32),"") | S32: =IFERROR(AVERAGE(I32:J32),"") | T32: =IFERROR(AVERAGE(K32:L32),"") | V32: =AVERAGE(Q32:T32) | X32: =AVERAGE(Q31:T32)
A33: =IF(ISNUMBER(C33),MONTH(C33),"") | B33: =IF(ISNUMBER(C33),YEAR(C33),"") | C33: =C32+1 | E33: 0.0237 | G33: 0.0273 | J33: 0.0273 | L33: 0.0413 | M33: =AVERAGE(D5:E33) | N33: =AVERAGE(F5:H33) | O33: =AVERAGE(I5:J33) | P33: =AVERAGE(K5:L33) | Q33: =IFERROR(AVERAGE(D33:E33),"") | R33: =IFERROR(AVERAGE(F33:H33),"") | S33: =IFERROR(AVERAGE(I33:J33),"") | T33: =IFERROR(AVERAGE(K33:L33),"") | W33: =AVERAGE(Q33:T33)
A34: =IF(ISNUMBER(C34),MONTH(C34),"") | B34: =IF(ISNUMBER(C34),YEAR(C34),"") | C34: =C33+1 | D34: 0.0301 | F34: 0.0229 | I34: 0.0362 | K34: 0.0602 | M34: =AVERAGE(D5:E34) | N34: =AVERAGE(F5:H34) | O34: =AVERAGE(I5:J34) | P34: =AVERAGE(K5:L34) | Q34: =IFERROR(AVERAGE(D34:E34),"") | R34: =IFERROR(AVERAGE(F34:H34),"") | S34: =IFERROR(AVERAGE(I34:J34),"") | T34: =IFERROR(AVERAGE(K34:L34),"") | W34: =AVERAGE(Q34:T34)
A35: =IF(ISNUMBER(C35),MONTH(C35),"") | B35: =IF(ISNUMBER(C35),YEAR(C35),"") | C35: =C34+1 | E35: 0.025 | G35: 0.0244 | J35: 0.0339 | L35: 0.0646 | M35: =AVERAGE(D6:E35) | N35: =AVERAGE(F6:H35) | O35: =AVERAGE(I6:J35) | P35: =AVERAGE(K6:L35) | Q35: =IFERROR(AVERAGE(D35:E35),"") | R35: =IFERROR(AVERAGE(F35:H35),"") | S35: =IFERROR(AVERAGE(I35:J35),"") | T35: =IFERROR(AVERAGE(K35:L35),"") | W35: =AVERAGE(Q35:T35)
A36: =IF(ISNUMBER(C36),MONTH(C36),"") | B36: =IF(ISNUMBER(C36),YEAR(C36),"") | C36: =C35+1 | D36: 0.0219 | H36: 0.0258 | I36: 0.0448 | K36: 0.0541 | M36: =AVERAGE(D7:E36) | N36: =AVERAGE(F7:H36) | O36: =AVERAGE(I7:J36) | P36: =AVERAGE(K7:L36) | Q36: =IFERROR(AVERAGE(D36:E36),"") | R36: =IFERROR(AVERAGE(F36:H36),"") | S36: =IFERROR(AVERAGE(I36:J36),"") | T36: =IFERROR(AVERAGE(K36:L36),"") | W36: =AVERAGE(Q36:T36)
A37: =IF(ISNUMBER(C37),MONTH(C37),"") | B37: =IF(ISNUMBER(C37),YEAR(C37),"") | C37: =C36+1 | E37: 0.0268 | G37: 0.0274 | J37: 0.0353 | L37: 0.0436 | M37: =AVERAGE(D8:E37) | N37: =AVERAGE(F8:H37) | O37: =AVERAGE(I8:J37) | P37: =AVERAGE(K8:L37) | Q37: =IFERROR(AVERAGE(D37:E37),"") | R37: =IFERROR(AVERAGE(F37:H37),"") | S37: =IFERROR(AVERAGE(I37:J37),"") | T37: =IFERROR(AVERAGE(K37:L37),"") | W37: =AVERAGE(Q37:T37) | X37: =AVERAGE(Q33:T37)
A38: =IF(ISNUMBER(C38),MONTH(C38),"") | B38: =IF(ISNUMBER(C38),YEAR(C38),"") | C38: =C37+1 | D38: 0.0155 | F38: 0.0157 | H38: 0.0164 | I38: 0.02 | K38: 0.0261 | M38: =AVERAGE(D9:E38) | N38: =AVERAGE(F9:H38) | O38: =AVERAGE(I9:J38) | P38: =AVERAGE(K9:L38) | Q38: =IFERROR(AVERAGE(D38:E38),"") | R38: =IFERROR(AVERAGE(F38:H38),"") | S38: =IFERROR(AVERAGE(I38:J38),"") | T38: =IFERROR(AVERAGE(K38:L38),"") | V38: =AVERAGE(Q38:T38)
A39: =IF(ISNUMBER(C39),MONTH(C39),"") | B39: =IF(ISNUMBER(C39),YEAR(C39),"") | C39: =C38+1 | E39: 0.0135 | G39: 0.014 | J39: 0.0104 | L39: 0.0225 | M39: =AVERAGE(D10:E39) | N39: =AVERAGE(F10:H39) | O39: =AVERAGE(I10:J39) | P39: =AVERAGE(K10:L39) | Q39: =IFERROR(AVERAGE(D39:E39),"") | R39: =IFERROR(AVERAGE(F39:H39),"") | S39: =IFERROR(AVERAGE(I39:J39),"") | T39: =IFERROR(AVERAGE(K39:L39),"") | V39: =AVERAGE(Q39:T39) | X39: =AVERAGE(Q38:T39)
A40: =IF(ISNUMBER(C40),MONTH(C40),"") | B40: =IF(ISNUMBER(C40),YEAR(C40),"") | C40: =C39+1 | D40: 0.0353 | F40: 0.023 | I40: 0.0308 | K40: 0.0337 | M40: =AVERAGE(D11:E40) | N40: =AVERAGE(F11:H40) | O40: =AVERAGE(I11:J40) | P40: =AVERAGE(K11:L40) | Q40: =IFERROR(AVERAGE(D40:E40),"") | R40: =IFERROR(AVERAGE(F40:H40),"") | S40: =IFERROR(AVERAGE(I40:J40),"") | T40: =IFERROR(AVERAGE(K40:L40),"") | W40: =AVERAGE(Q40:T40)
A41: =IF(ISNUMBER(C41),MONTH(C41),"") | B41: =IF(ISNUMBER(C41),YEAR(C41),"") | C41: =C40+1 | E41: 0.0182 | G41: 0.0281 | J41: 0.0311 | L41: 0.0308 | M41: =AVERAGE(D12:E41) | N41: =AVERAGE(F12:H41) | O41: =AVERAGE(I12:J41) | P41: =AVERAGE(K12:L41) | Q41: =IFERROR(AVERAGE(D41:E41),"") | R41: =IFERROR(AVERAGE(F41:H41),"") | S41: =IFERROR(AVERAGE(I41:J41),"") | T41: =IFERROR(AVERAGE(K41:L41),"") | W41: =AVERAGE(Q41:T41)
A42: =IF(ISNUMBER(C42),MONTH(C42),"") | B42: =IF(ISNUMBER(C42),YEAR(C42),"") | C42: =C41+1 | D42: 0.0163 | H42: 0.0368 | I42: 0.0336 | K42: 0.0423 | M42: =AVERAGE(D13:E42) | N42: =AVERAGE(F13:H42) | O42: =AVERAGE(I13:J42) | P42: =AVERAGE(K13:L42) | Q42: =IFERROR(AVERAGE(D42:E42),"") | R42: =IFERROR(AVERAGE(F42:H42),"") | S42: =IFERROR(AVERAGE(I42:J42),"") | T42: =IFERROR(AVERAGE(K42:L42),"") | W42: =AVERAGE(Q42:T42)
A43: =IF(ISNUMBER(C43),MONTH(C43),"") | B43: =IF(ISNUMBER(C43),YEAR(C43),"") | C43: =C42+1 | E43: 0.0134 | G43: 0.0241 | J43: 0.0234 | L43: 0.037 | M43: =AVERAGE(D14:E43) | N43: =AVERAGE(F14:H43) | O43: =AVERAGE(I14:J43) | P43: =AVERAGE(K14:L43) | Q43: =IFERROR(AVERAGE(D43:E43),"") | R43: =IFERROR(AVERAGE(F43:H43),"") | S43: =IFERROR(AVERAGE(I43:J43),"") | T43: =IFERROR(AVERAGE(K43:L43),"") | W43: =AVERAGE(Q43:T43)
A44: =IF(ISNUMBER(C44),MONTH(C44),"") | B44: =IF(ISNUMBER(C44),YEAR(C44),"") | C44: =C43+1 | D44: 0.0186 | F44: 0.0238 | H44: 0.022 | I44: 0.0255 | K44: 0.0319 | M44: =AVERAGE(D15:E44) | N44: =AVERAGE(F15:H44) | O44: =AVERAGE(I15:J44) | P44: =AVERAGE(K15:L44) | Q44: =IFERROR(AVERAGE(D44:E44),"") | R44: =IFERROR(AVERAGE(F44:H44),"") | S44: =IFERROR(AVERAGE(I44:J44),"") | T44: =IFERROR(AVERAGE(K44:L44),"") | W44: =AVERAGE(Q44:T44) | X44: =AVERAGE(Q40:T44)
A45: =IF(ISNUMBER(C45),MONTH(C45),"") | B45: =IF(ISNUMBER(C45),YEAR(C45),"") | C45: =C44+1 | E45: 0.00731 | G45: 0.00785 | J45: 0.011 | L45: 0.0165 | M45: =AVERAGE(D16:E45) | N45: =AVERAGE(F16:H45) | O45: =AVERAGE(I16:J45) | P45: =AVERAGE(K16:L45) | Q45: =IFERROR(AVERAGE(D45:E45),"") | R45: =IFERROR(AVERAGE(F45:H45),"") | S45: =IFERROR(AVERAGE(I45:J45),"") | T45: =IFERROR(AVERAGE(K45:L45),"") | V45: =AVERAGE(Q45:T45)
A46: =IF(ISNUMBER(C46),MONTH(C46),"") | B46: =IF(ISNUMBER(C46),YEAR(C46),"") | C46: =C45+1 | D46: 0.0145 | F46: 0.0134 | I46: 0.013 | K46: 0.0275 | M46: =AVERAGE(D17:E46) | N46: =AVERAGE(F17:H46) | O46: =AVERAGE(I17:J46) | P46: =AVERAGE(K17:L46) | Q46: =IFERROR(AVERAGE(D46:E46),"") | R46: =IFERROR(AVERAGE(F46:H46),"") | S46: =IFERROR(AVERAGE(I46:J46),"") | T46: =IFERROR(AVERAGE(K46:L46),"") | V46: =AVERAGE(Q46:T46) | X46: =AVERAGE(Q45:T46)
A47: =IF(ISNUMBER(C47),MONTH(C47),"") | B47: =IF(ISNUMBER(C47),YEAR(C47),"") | C47: =C46+1 | E47: 0.023 | G47: 0.0177 | J47: 0.014 | L47: 0.0421 | M47: =AVERAGE(D18:E47) | N47: =AVERAGE(F18:H47) | O47: =AVERAGE(I18:J47) | P47: =AVERAGE(K18:L47) | Q47: =IFERROR(AVERAGE(D47:E47),"") | R47: =IFERROR(AVERAGE(F47:H47),"") | S47: =IFERROR(AVERAGE(I47:J47),"") | T47: =IFERROR(AVERAGE(K47:L47),"") | W47: =AVERAGE(Q47:T47)
A48: =IF(ISNUMBER(C48),MONTH(C48),"") | B48: =IF(ISNUMBER(C48),YEAR(C48),"") | C48: =C47+1 | D48: 0.0126 | H48: 0.0268 | I48: 0.0157 | K48: 0.0558 | M48: =AVERAGE(D19:E48) | N48: =AVERAGE(F19:H48) | O48: =AVERAGE(I19:J48) | P48: =AVERAGE(K19:L48) | Q48: =IFERROR(AVERAGE(D48:E48),"") | R48: =IFERROR(AVERAGE(F48:H48),"") | S48: =IFERROR(AVERAGE(I48:J48),"") | T48: =IFERROR(AVERAGE(K48:L48),"") | W48: =AVERAGE(Q48:T48)
A49: =IF(ISNUMBER(C49),MONTH(C49),"") | B49: =IF(ISNUMBER(C49),YEAR(C49),"") | C49: =C48+1 | E49: 0.0223 | G49: 0.0159 | J49: 0.0172 | L49: 0.0464 | M49: =AVERAGE(D20:E49) | N49: =AVERAGE(F20:H49) | O49: =AVERAGE(I20:J49) | P49: =AVERAGE(K20:L49) | Q49: =IFERROR(AVERAGE(D49:E49),"") | R49: =IFERROR(AVERAGE(F49:H49),"") | S49: =IFERROR(AVERAGE(I49:J49),"") | T49: =IFERROR(AVERAGE(K49:L49),"") | W49: =AVERAGE(Q49:T49)
A50: =IF(ISNUMBER(C50),MONTH(C50),"") | B50: =IF(ISNUMBER(C50),YEAR(C50),"") | C50: =C49+1 | D50: 0.0151 | F50: 0.0211 | H50: 0.0213 | I50: 0.0185 | K50: 0.0355 | M50: =AVERAGE(D21:E50) | N50: =AVERAGE(F21:H50) | O50: =AVERAGE(I21:J50) | P50: =AVERAGE(K21:L50) | Q50: =IFERROR(AVERAGE(D50:E50),"") | R50: =IFERROR(AVERAGE(F50:H50),"") | S50: =IFERROR(AVERAGE(I50:J50),"") | T50: =IFERROR(AVERAGE(K50:L50),"") | W50: =AVERAGE(Q50:T50)
A51: =IF(ISNUMBER(C51),MONTH(C51),"") | B51: =IF(ISNUMBER(C51),YEAR(C51),"") | C51: =C50+1 | E51: 0.037 | G51: 0.0497 | J51: 0.0339 | L51: 0.0488 | M51: =AVERAGE(D22:E51) | N51: =AVERAGE(F22:H51) | O51: =AVERAGE(I22:J51) | P51: =AVERAGE(K22:L51) | Q51: =IFERROR(AVERAGE(D51:E51),"") | R51: =IFERROR(AVERAGE(F51:H51),"") | S51: =IFERROR(AVERAGE(I51:J51),"") | T51: =IFERROR(AVERAGE(K51:L51),"") | W51: =AVERAGE(Q51:T51) | X51: =AVERAGE(Q47:T51)
A52: =IF(ISNUMBER(C52),MONTH(C52),"") | B52: =IF(ISNUMBER(C52),YEAR(C52),"") | C52: =C51+1 | D52: 0.0169 | F52: 0.0395 | I52: 0.0242 | K52: 0.0618 | M52: =AVERAGE(D23:E52) | N52: =AVERAGE(F23:H52) | O52: =AVERAGE(I23:J52) | P52: =AVERAGE(K23:L52) | Q52: =IFERROR(AVERAGE(D52:E52),"") | R52: =IFERROR(AVERAGE(F52:H52),"") | S52: =IFERROR(AVERAGE(I52:J52),"") | T52: =IFERROR(AVERAGE(K52:L52),"") | V52: =AVERAGE(Q52:T52)
A53: =IF(ISNUMBER(C53),MONTH(C53),"") | B53: =IF(ISNUMBER(C53),YEAR(C53),"") | C53: =C52+1 | E53: 0.0231 | G53: 0.0145 | J53: 0.00963 | L53: 0.0307 | M53: =AVERAGE(D24:E53) | N53: =AVERAGE(F24:H53) | O53: =AVERAGE(I24:J53) | P53: =AVERAGE(K24:L53) | Q53: =IFERROR(AVERAGE(D53:E53),"") | R53: =IFERROR(AVERAGE(F53:H53),"") | S53: =IFERROR(AVERAGE(I53:J53),"") | T53: =IFERROR(AVERAGE(K53:L53),"") | V53: =AVERAGE(Q53:T53) | X53: =AVERAGE(Q52:T53)
A54: =IF(ISNUMBER(C54),MONTH(C54),"") | B54: =IF(ISNUMBER(C54),YEAR(C54),"") | C54: =C53+1 | D54: 0.0107 | H54: 0.0124 | I54: 0.00643 | K54: 0.0227 | M54: =AVERAGE(D25:E54) | N54: =AVERAGE(F25:H54) | O54: =AVERAGE(I25:J54) | P54: =AVERAGE(K25:L54) | Q54: =IFERROR(AVERAGE(D54:E54),"") | R54: =IFERROR(AVERAGE(F54:H54),"") | S54: =IFERROR(AVERAGE(I54:J54),"") | T54: =IFERROR(AVERAGE(K54:L54),"") | W54: =AVERAGE(Q54:T54)
A55: =IF(ISNUMBER(C55),MONTH(C55),"") | B55: =IF(ISNUMBER(C55),YEAR(C55),"") | C55: =C54+1 | E55: 0.0154 | G55: 0.0203 | J55: 0.0153 | L55: 0.0349 | M55: =AVERAGE(D26:E55) | N55: =AVERAGE(F26:H55) | O55: =AVERAGE(I26:J55) | P55: =AVERAGE(K26:L55) | Q55: =IFERROR(AVERAGE(D55:E55),"") | R55: =IFERROR(AVERAGE(F55:H55),"") | S55: =IFERROR(AVERAGE(I55:J55),"") | T55: =IFERROR(AVERAGE(K55:L55),"") | W55: =AVERAGE(Q55:T55)
A56: =IF(ISNUMBER(C56),MONTH(C56),"") | B56: =IF(ISNUMBER(C56),YEAR(C56),"") | C56: =C55+1 | D56: 0.074 | F56: 0.022 | H56: 0.0193 | I56: 0.0151 | K56: 0.0319 | M56: =AVERAGE(D27:E56) | N56: =AVERAGE(F27:H56) | O56: =AVERAGE(I27:J56) | P56: =AVERAGE(K27:L56) | Q56: =IFERROR(AVERAGE(D56:E56),"") | R56: =IFERROR(AVERAGE(F56:H56),"") | S56: =IFERROR(AVERAGE(I56:J56),"") | T56: =IFERROR(AVERAGE(K56:L56),"") | W56: =AVERAGE(Q56:T56)
A57: =IF(ISNUMBER(C57),MONTH(C57),"") | B57: =IF(ISNUMBER(C57),YEAR(C57),"") | C57: =C56+1 | E57: 0.0319 | G57: 0.0205 | J57: 0.0143 | L57: 0.0339 | M57: =AVERAGE(D28:E57) | N57: =AVERAGE(F28:H57) | O57: =AVERAGE(I28:J57) | P57: =AVERAGE(K28:L57) | Q57: =IFERROR(AVERAGE(D57:E57),"") | R57: =IFERROR(AVERAGE(F57:H57),"") | S57: =IFERROR(AVERAGE(I57:J57),"") | T57: =IFERROR(AVERAGE(K57:L57),"") | W57: =AVERAGE(Q57:T57)
A58: =IF(ISNUMBER(C58),MONTH(C58),"") | B58: =IF(ISNUMBER(C58),YEAR(C58),"") | C58: =C57+1 | D58: 0.0189 | F58: 0.0298 | I58: 0.021 | K58: 0.0314 | M58: =AVERAGE(D29:E58) | N58: =AVERAGE(F29:H58) | O58: =AVERAGE(I29:J58) | P58: =AVERAGE(K29:L58) | Q58: =IFERROR(AVERAGE(D58:E58),"") | R58: =IFERROR(AVERAGE(F58:H58),"") | S58: =IFERROR(AVERAGE(I58:J58),"") | T58: =IFERROR(AVERAGE(K58:L58),"") | W58: =AVERAGE(Q58:T58) | X58: =AVERAGE(Q54:T58)
A59: =IF(ISNUMBER(C59),MONTH(C59),"") | B59: =IF(ISNUMBER(C59),YEAR(C59),"") | C59: =C58+1 | E59: 0.0105 | G59: 0.0091 | J59: 0.0097 | L59: 0.0335 | M59: =AVERAGE(D30:E59) | N59: =AVERAGE(F30:H59) | O59: =AVERAGE(I30:J59) | P59: =AVERAGE(K30:L59) | Q59: =IFERROR(AVERAGE(D59:E59),"") | R59: =IFERROR(AVERAGE(F59:H59),"") | S59: =IFERROR(AVERAGE(I59:J59),"") | T59: =IFERROR(AVERAGE(K59:L59),"") | V59: =AVERAGE(Q59:T59)
A60: =IF(ISNUMBER(C60),MONTH(C60),"") | B60: =IF(ISNUMBER(C60),YEAR(C60),"") | C60: =C59+1 | D60: 0.0112 | H60: 0.0097 | I60: 0.0101 | K60: 0.0182 | M60: =AVERAGE(D31:E60) | N60: =AVERAGE(F31:H60) | O60: =AVERAGE(I31:J60) | P60: =AVERAGE(K31:L60) | Q60: =IFERROR(AVERAGE(D60:E60),"") | R60: =IFERROR(AVERAGE(F60:H60),"") | S60: =IFERROR(AVERAGE(I60:J60),"") | T60: =IFERROR(AVERAGE(K60:L60),"") | V60: =AVERAGE(Q60:T60) | X60: =AVERAGE(Q59:T60)
A61: =IF(ISNUMBER(C61),MONTH(C61),"") | B61: =IF(ISNUMBER(C61),YEAR(C61),"") | C61: =C60+1 | E61: 0.0252 | G61: 0.0149 | J61: 0.0132 | L61: 0.0326 | M61: =AVERAGE(D32:E61) | N61: =AVERAGE(F32:H61) | O61: =AVERAGE(I32:J61) | P61: =AVERAGE(K32:L61) | Q61: =IFERROR(AVERAGE(D61:E61),"") | R61: =IFERROR(AVERAGE(F61:H61),"") | S61: =IFERROR(AVERAGE(I61:J61),"") | T61: =IFERROR(AVERAGE(K61:L61),"") | W61: =AVERAGE(Q61:T61)
A62: =IF(ISNUMBER(C62),MONTH(C62),"") | B62: =IF(ISNUMBER(C62),YEAR(C62),"") | C62: =C61+1 | D62: 0.0168 | F62: 0.0134 | H62: 0.0132 | I62: 0.0182 | K62: 0.0213 | M62: =AVERAGE(D33:E62) | N62: =AVERAGE(F33:H62) | O62: =AVERAGE(I33:J62) | P62: =AVERAGE(K33:L62) | Q62: =IFERROR(AVERAGE(D62:E62),"") | R62: =IFERROR(AVERAGE(F62:H62),"") | S62: =IFERROR(AVERAGE(I62:J62),"") | T62: =IFERROR(AVERAGE(K62:L62),"") | W62: =AVERAGE(Q62:T62)
A63: =IF(ISNUMBER(C63),MONTH(C63),"") | B63: =IF(ISNUMBER(C63),YEAR(C63),"") | C63: =C62+1 | E63: 0.0162 | G63: 0.0123 | J63: 0.0171 | L63: 0.0286 | M63: =AVERAGE(D34:E63) | N63: =AVERAGE(F34:H63) | O63: =AVERAGE(I34:J63) | P63: =AVERAGE(K34:L63) | Q63: =IFERROR(AVERAGE(D63:E63),"") | R63: =IFERROR(AVERAGE(F63:H63),"") | S63: =IFERROR(AVERAGE(I63:J63),"") | T63: =IFERROR(AVERAGE(K63:L63),"") | W63: =AVERAGE(Q63:T63)
A64: =IF(ISNUMBER(C64),MONTH(C64),"") | B64: =IF(ISNUMBER(C64),YEAR(C64),"") | C64: =C63+1 | D64: 0.0191 | F64: 0.0144 | I64: 0.0164 | K64: 0.0218 | M64: =AVERAGE(D35:E64) | N64: =AVERAGE(F35:H64) | O64: =AVERAGE(I35:J64) | P64: =AVERAGE(K35:L64) | Q64: =IFERROR(AVERAGE(D64:E64),"") | R64: =IFERROR(AVERAGE(F64:H64),"") | S64: =IFERROR(AVERAGE(I64:J64),"") | T64: =IFERROR(AVERAGE(K64:L64),"") | W64: =AVERAGE(Q64:T64)
A65: =IF(ISNUMBER(C65),MONTH(C65),"") | B65: =IF(ISNUMBER(C65),YEAR(C65),"") | C65: =C64+1 | E65: 0.0061 | G65: 0.0049 | J65: 0.0068 | L65: 0.0142 | M65: =AVERAGE(D36:E65) | N65: =AVERAGE(F36:H65) | O65: =AVERAGE(I36:J65) | P65: =AVERAGE(K36:L65) | Q65: =IFERROR(AVERAGE(D65:E65),"") | R65: =IFERROR(AVERAGE(F65:H65),"") | S65: =IFERROR(AVERAGE(I65:J65),"") | T65: =IFERROR(AVERAGE(K65:L65),"") | W65: =AVERAGE(Q65:T65) | X65: =AVERAGE(Q61:T65)
A66: =IF(ISNUMBER(C66),MONTH(C66),"") | B66: =IF(ISNUMBER(C66),YEAR(C66),"") | C66: =C65+1 | D66: 0.0095 | H66: 0.0145 | I66: 0.0033 | K66: 0.0149 | M66: =AVERAGE(D37:E66) | N66: =AVERAGE(F37:H66) | O66: =AVERAGE(I37:J66) | P66: =AVERAGE(K37:L66) | Q66: =IFERROR(AVERAGE(D66:E66),"") | R66: =IFERROR(AVERAGE(F66:H66),"") | S66: =IFERROR(AVERAGE(I66:J66),"") | T66: =IFERROR(AVERAGE(K66:L66),"") | V66: =AVERAGE(Q66:T66)
A67: =IF(ISNUMBER(C67),MONTH(C67),"") | B67: =IF(ISNUMBER(C67),YEAR(C67),"") | C67: =C66+1 | E67: 0.0094 | G67: 0.0147 | J67: 0.00827 | L67: 0.0179 | M67: =AVERAGE(D38:E67) | N67: =AVERAGE(F38:H67) | O67: =AVERAGE(I38:J67) | P67: =AVERAGE(K38:L67) | Q67: =IFERROR(AVERAGE(D67:E67),"") | R67: =IFERROR(AVERAGE(F67:H67),"") | S67: =IFERROR(AVERAGE(I67:J67),"") | T67: =IFERROR(AVERAGE(K67:L67),"") | V67: =AVERAGE(Q67:T67) | X67: =AVERAGE(Q66:T67)
A68: =IF(ISNUMBER(C68),MONTH(C68),"") | B68: =IF(ISNUMBER(C68),YEAR(C68),"") | C68: =C67+1 | D68: 0.0211 | F68: 0.0152 | H68: 0.0148 | I68: 0.0192 | K68: 0.0288 | M68: =AVERAGE(D39:E68) | N68: =AVERAGE(F39:H68) | O68: =AVERAGE(I39:J68) | P68: =AVERAGE(K39:L68) | Q68: =IFERROR(AVERAGE(D68:E68),"") | R68: =IFERROR(AVERAGE(F68:H68),"") | S68: =IFERROR(AVERAGE(I68:J68),"") | T68: =IFERROR(AVERAGE(K68:L68),"") | W68: =AVERAGE(Q68:T68)
A69: =IF(ISNUMBER(C69),MONTH(C69),"") | B69: =IF(ISNUMBER(C69),YEAR(C69),"") | C69: =C68+1 | E69: 0.0142 | G69: 0.0181 | J69: 0.027 | L69: 0.0374 | M69: =AVERAGE(D40:E69) | N69: =AVERAGE(F40:H69) | O69: =AVERAGE(I40:J69) | P69: =AVERAGE(K40:L69) | Q69: =IFERROR(AVERAGE(D69:E69),"") | R69: =IFERROR(AVERAGE(F69:H69),"") | S69: =IFERROR(AVERAGE(I69:J69),"") | T69: =IFERROR(AVERAGE(K69:L69),"") | W69: =AVERAGE(Q69:T69)
A70: =IF(ISNUMBER(C70),MONTH(C70),"") | B70: =IF(ISNUMBER(C70),YEAR(C70),"") | C70: =C69+1 | D70: 0.0232 | F70: 0.0308 | I70: 0.0445 | K70: 0.0381 | M70: =AVERAGE(D41:E70) | N70: =AVERAGE(F41:H70) | O70: =AVERAGE(I41:J70) | P70: =AVERAGE(K41:L70) | Q70: =IFERROR(AVERAGE(D70:E70),"") | R70: =IFERROR(AVERAGE(F70:H70),"") | S70: =IFERROR(AVERAGE(I70:J70),"") | T70: =IFERROR(AVERAGE(K70:L70),"") | W70: =AVERAGE(Q70:T70)
A71: =IF(ISNUMBER(C71),MONTH(C71),"") | B71: =IF(ISNUMBER(C71),YEAR(C71),"") | C71: =C70+1 | E71: 0.0406 | G71: 0.0305 | J71: 0.0312 | L71: 0.0549 | M71: =AVERAGE(D42:E71) | N71: =AVERAGE(F42:H71) | O71: =AVERAGE(I42:J71) | P71: =AVERAGE(K42:L71) | Q71: =IFERROR(AVERAGE(D71:E71),"") | R71: =IFERROR(AVERAGE(F71:H71),"") | S71: =IFERROR(AVERAGE(I71:J71),"") | T71: =IFERROR(AVERAGE(K71:L71),"") | W71: =AVERAGE(Q71:T71)
A72: =IF(ISNUMBER(C72),MONTH(C72),"") | B72: =IF(ISNUMBER(C72),YEAR(C72),"") | C72: =C71+1 | D72: 0.0275 | H72: 0.0164 | I72: 0.0227 | K72: 0.0358 | M72: =AVERAGE(D43:E72) | N72: =AVERAGE(F43:H72) | O72: =AVERAGE(I43:J72) | P72: =AVERAGE(K43:L72) | Q72: =IFERROR(AVERAGE(D72:E72),"") | R72: =IFERROR(AVERAGE(F72:H72),"") | S72: =IFERROR(AVERAGE(I72:J72),"") | T72: =IFERROR(AVERAGE(K72:L72),"") | W72: =AVERAGE(Q72:T72) | X72: =AVERAGE(Q68:T72)
A73: =IF(ISNUMBER(C73),MONTH(C73),"") | B73: =IF(ISNUMBER(C73),YEAR(C73),"") | C73: =C72+1 | E73: 0.0171 | G73: 0.0046 | J73: 0.0046 | L73: 0.0108 | M73: =AVERAGE(D44:E73) | N73: =AVERAGE(F44:H73) | O73: =AVERAGE(I44:J73) | P73: =AVERAGE(K44:L73) | Q73: =IFERROR(AVERAGE(D73:E73),"") | R73: =IFERROR(AVERAGE(F73:H73),"") | S73: =IFERROR(AVERAGE(I73:J73),"") | T73: =IFERROR(AVERAGE(K73:L73),"") | V73: =AVERAGE(Q73:T73)
A74: =IF(ISNUMBER(C74),MONTH(C74),"") | B74: =IF(ISNUMBER(C74),YEAR(C74),"") | C74: =C73+1 | D74: 0.00828 | F74: 0.00394 | H74: 0.00362 | I74: 0.00253 | K74: 0.00632 | M74: =AVERAGE(D45:E74) | N74: =AVERAGE(F45:H74) | O74: =AVERAGE(I45:J74) | P74: =AVERAGE(K45:L74) | Q74: =IFERROR(AVERAGE(D74:E74),"") | R74: =IFERROR(AVERAGE(F74:H74),"") | S74: =IFERROR(AVERAGE(I74:J74),"") | T74: =IFERROR(AVERAGE(K74:L74),"") | V74: =AVERAGE(Q74:T74) | X74: =AVERAGE(Q73:T74)
A75: =IF(ISNUMBER(C75),MONTH(C75),"") | B75: =IF(ISNUMBER(C75),YEAR(C75),"") | C75: =C74+1 | E75: 0.0359 | G75: 0.0373 | J75: 0.0335 | L75: 0.019 | M75: =AVERAGE(D46:E75) | N75: =AVERAGE(F46:H75) | O75: =AVERAGE(I46:J75) | P75: =AVERAGE(K46:L75) | Q75: =IFERROR(AVERAGE(D75:E75),"") | R75: =IFERROR(AVERAGE(F75:H75),"") | S75: =IFERROR(AVERAGE(I75:J75),"") | T75: =IFERROR(AVERAGE(K75:L75),"") | W75: =AVERAGE(Q75:T75)
A76: =IF(ISNUMBER(C76),MONTH(C76),"") | B76: =IF(ISNUMBER(C76),YEAR(C76),"") | C76: =C75+1 | D76: 0.0168 | F76: 0.0263 | I76: 0.0246 | K76: 0.0178 | M76: =AVERAGE(D47:E76) | N76: =AVERAGE(F47:H76) | O76: =AVERAGE(I47:J76) | P76: =AVERAGE(K47:L76) | Q76: =IFERROR(AVERAGE(D76:E76),"") | R76: =IFERROR(AVERAGE(F76:H76),"") | S76: =IFERROR(AVERAGE(I76:J76),"") | T76: =IFERROR(AVERAGE(K76:L76),"") | W76: =AVERAGE(Q76:T76)
A77: =IF(ISNUMBER(C77),MONTH(C77),"") | B77: =IF(ISNUMBER(C77),YEAR(C77),"") | C77: =C76+1 | E77: 0.0307 | G77: 0.0266 | J77: 0.0157 | L77: 0.0233 | M77: =AVERAGE(D48:E77) | N77: =AVERAGE(F48:H77) | O77: =AVERAGE(I48:J77) | P77: =AVERAGE(K48:L77) | Q77: =IFERROR(AVERAGE(D77:E77),"") | R77: =IFERROR(AVERAGE(F77:H77),"") | S77: =IFERROR(AVERAGE(I77:J77),"") | T77: =IFERROR(AVERAGE(K77:L77),"") | W77: =AVERAGE(Q77:T77)
A78: =IF(ISNUMBER(C78),MONTH(C78),"") | B78: =IF(ISNUMBER(C78),YEAR(C78),"") | C78: =C77+1 | D78: 0.0296 | H78: 0.0155 | I78: 0.0245 | K78: 0.0198 | M78: =AVERAGE(D49:E78) | N78: =AVERAGE(F49:H78) | O78: =AVERAGE(I49:J78) | P78: =AVERAGE(K49:L78) | Q78: =IFERROR(AVERAGE(D78:E78),"") | R78: =IFERROR(AVERAGE(F78:H78),"") | S78: =IFERROR(AVERAGE(I78:J78),"") | T78: =IFERROR(AVERAGE(K78:L78),"") | W78: =AVERAGE(Q78:T78)
A79: =IF(ISNUMBER(C79),MONTH(C79),"") | B79: =IF(ISNUMBER(C79),YEAR(C79),"") | C79: =C78+1 | E79: 0.0268 | G79: 0.0192 | J79: 0.0199 | L79: 0.0236 | M79: =AVERAGE(D50:E79) | N79: =AVERAGE(F50:H79) | O79: =AVERAGE(I50:J79) | P79: =AVERAGE(K50:L79) | Q79: =IFERROR(AVERAGE(D79:E79),"") | R79: =IFERROR(AVERAGE(F79:H79),"") | S79: =IFERROR(AVERAGE(I79:J79),"") | T79: =IFERROR(AVERAGE(K79:L79),"") | W79: =AVERAGE(Q79:T79) | X79: =AVERAGE(Q75:T79)
A80: =IF(ISNUMBER(C80),MONTH(C80),"") | B80: =IF(ISNUMBER(C80),YEAR(C80),"") | C80: =C79+1 | D80: 0.0169 | F80: 0.011 | H80: 0.00982 | I80: 0.00379 | K80: 0.0117 | M80: =AVERAGE(D51:E80) | N80: =AVERAGE(F51:H80) | O80: =AVERAGE(I51:J80) | P80: =AVERAGE(K51:L80) | Q80: =IFERROR(AVERAGE(D80:E80),"") | R80: =IFERROR(AVERAGE(F80:H80),"") | S80: =IFERROR(AVERAGE(I80:J80),"") | T80: =IFERROR(AVERAGE(K80:L80),"") | V80: =AVERAGE(Q80:T80)
A81: =IF(ISNUMBER(C81),MONTH(C81),"") | B81: =IF(ISNUMBER(C81),YEAR(C81),"") | C81: =C80+1 | E81: 0.0144 | G81: 0.0101 | J81: 0.005 | L81: 0.0149 | M81: =AVERAGE(D52:E81) | N81: =AVERAGE(F52:H81) | O81: =AVERAGE(I52:J81) | P81: =AVERAGE(K52:L81) | Q81: =IFERROR(AVERAGE(D81:E81),"") | R81: =IFERROR(AVERAGE(F81:H81),"") | S81: =IFERROR(AVERAGE(I81:J81),"") | T81: =IFERROR(AVERAGE(K81:L81),"") | V81: =AVERAGE(Q81:T81) | X81: =AVERAGE(Q80:T81)
A82: =IF(ISNUMBER(C82),MONTH(C82),"") | B82: =IF(ISNUMBER(C82),YEAR(C82),"") | C82: =C81+1 | D82: 0.0251 | F82: 0.0229 | I82: 0.0285 | K82: 0.0355 | M82: =AVERAGE(D53:E82) | N82: =AVERAGE(F53:H82) | O82: =AVERAGE(I53:J82) | P82: =AVERAGE(K53:L82) | Q82: =IFERROR(AVERAGE(D82:E82),"") | R82: =IFERROR(AVERAGE(F82:H82),"") | S82: =IFERROR(AVERAGE(I82:J82),"") | T82: =IFERROR(AVERAGE(K82:L82),"") | W82: =AVERAGE(Q82:T82)
A83: =IF(ISNUMBER(C83),MONTH(C83),"") | B83: =IF(ISNUMBER(C83),YEAR(C83),"") | C83: =C82+1 | E83: 0.0247 | G83: 0.0282 | J83: 0.0303 | L83: 0.0474 | M83: =AVERAGE(D54:E83) | N83: =AVERAGE(F54:H83) | O83: =AVERAGE(I54:J83) | P83: =AVERAGE(K54:L83) | Q83: =IFERROR(AVERAGE(D83:E83),"") | R83: =IFERROR(AVERAGE(F83:H83),"") | S83: =IFERROR(AVERAGE(I83:J83),"") | T83: =IFERROR(AVERAGE(K83:L83),"") | W83: =AVERAGE(Q83:T83)
A84: =IF(ISNUMBER(C84),MONTH(C84),"") | B84: =IF(ISNUMBER(C84),YEAR(C84),"") | C84: =C83+1 | D84: 0.0164 | H84: 0.0244 | I84: 0.0232 | K84: 0.0273 | M84: =AVERAGE(D55:E84) | N84: =AVERAGE(F55:H84) | O84: =AVERAGE(I55:J84) | P84: =AVERAGE(K55:L84) | Q84: =IFERROR(AVERAGE(D84:E84),"") | R84: =IFERROR(AVERAGE(F84:H84),"") | S84: =IFERROR(AVERAGE(I84:J84),"") | T84: =IFERROR(AVERAGE(K84:L84),"") | W84: =AVERAGE(Q84:T84)
A85: =IF(ISNUMBER(C85),MONTH(C85),"") | B85: =IF(ISNUMBER(C85),YEAR(C85),"") | C85: =C84+1 | E85: 0.00839 | G85: 0.00817 | J85: 0.00608 | L85: 0.0126 | M85: =AVERAGE(D56:E85) | N85: =AVERAGE(F56:H85) | O85: =AVERAGE(I56:J85) | P85: =AVERAGE(K56:L85) | Q85: =IFERROR(AVERAGE(D85:E85),"") | R85: =IFERROR(AVERAGE(F85:H85),"") | S85: =IFERROR(AVERAGE(I85:J85),"") | T85: =IFERROR(AVERAGE(K85:L85),"") | W85: =AVERAGE(Q85:T85)
A86: =IF(ISNUMBER(C86),MONTH(C86),"") | B86: =IF(ISNUMBER(C86),YEAR(C86),"") | C86: =C85+1 | D86: 0.022 | F86: 0.0211 | H86: 0.0205 | I86: 0.0245 | K86: 0.0286 | M86: =AVERAGE(D57:E86) | N86: =AVERAGE(F57:H86) | O86: =AVERAGE(I57:J86) | P86: =AVERAGE(K57:L86) | Q86: =IFERROR(AVERAGE(D86:E86),"") | R86: =IFERROR(AVERAGE(F86:H86),"") | S86: =IFERROR(AVERAGE(I86:J86),"") | T86: =IFERROR(AVERAGE(K86:L86),"") | W86: =AVERAGE(Q86:T86) | X86: =AVERAGE(Q82:T86)
A87: =IF(ISNUMBER(C87),MONTH(C87),"") | B87: =IF(ISNUMBER(C87),YEAR(C87),"") | C87: =C86+1 | E87: 0.0164 | G87: 0.0176 | J87: 0.0063 | L87: 0.0164 | M87: =AVERAGE(D58:E87) | N87: =AVERAGE(F58:H87) | O87: =AVERAGE(I58:J87) | P87: =AVERAGE(K58:L87) | Q87: =IFERROR(AVERAGE(D87:E87),"") | R87: =IFERROR(AVERAGE(F87:H87),"") | S87: =IFERROR(AVERAGE(I87:J87),"") | T87: =IFERROR(AVERAGE(K87:L87),"") | V87: =AVERAGE(Q87:T87)
A88: =IF(ISNUMBER(C88),MONTH(C88),"") | B88: =IF(ISNUMBER(C88),YEAR(C88),"") | C88: =C87+1 | D88: 0.0129 | F88: 0.005 | I88: 0.0057 | K88: 0.0129 | M88: =AVERAGE(D59:E88) | N88: =AVERAGE(F59:H88) | O88: =AVERAGE(I59:J88) | P88: =AVERAGE(K59:L88) | Q88: =IFERROR(AVERAGE(D88:E88),"") | R88: =IFERROR(AVERAGE(F88:H88),"") | S88: =IFERROR(AVERAGE(I88:J88),"") | T88: =IFERROR(AVERAGE(K88:L88),"") | V88: =AVERAGE(Q88:T88) | X88: =AVERAGE(Q87:T88)
A89: =IF(ISNUMBER(C89),MONTH(C89),"") | B89: =IF(ISNUMBER(C89),YEAR(C89),"") | C89: =C88+1 | E89: 0.0346 | G89: 0.0196 | J89: 0.0329 | L89: 0.0432 | M89: =AVERAGE(D60:E89) | N89: =AVERAGE(F60:H89) | O89: =AVERAGE(I60:J89) | P89: =AVERAGE(K60:L89) | Q89: =IFERROR(AVERAGE(D89:E89),"") | R89: =IFERROR(AVERAGE(F89:H89),"") | S89: =IFERROR(AVERAGE(I89:J89),"") | T89: =IFERROR(AVERAGE(K89:L89),"") | W89: =AVERAGE(Q89:T89)
A90: =IF(ISNUMBER(C90),MONTH(C90),"") | B90: =IF(ISNUMBER(C90),YEAR(C90),"") | C90: =C89+1 | D90: 0.0505 | H90: 0.0384 | I90: 0.0317 | K90: 0.0311 | M90: =AVERAGE(D61:E90) | N90: =AVERAGE(F61:H90) | O90: =AVERAGE(I61:J90) | P90: =AVERAGE(K61:L90) | Q90: =IFERROR(AVERAGE(D90:E90),"") | R90: =IFERROR(AVERAGE(F90:H90),"") | S90: =IFERROR(AVERAGE(I90:J90),"") | T90: =IFERROR(AVERAGE(K90:L90),"") | W90: =AVERAGE(Q90:T90)
A91: =IF(ISNUMBER(C91),MONTH(C91),"") | B91: =IF(ISNUMBER(C91),YEAR(C91),"") | C91: =C90+1 | E91: 0.0353 | G91: 0.036 | J91: 0.04 | L91: 0.0512 | M91: =AVERAGE(D62:E91) | N91: =AVERAGE(F62:H91) | O91: =AVERAGE(I62:J91) | P91: =AVERAGE(K62:L91) | Q91: =IFERROR(AVERAGE(D91:E91),"") | R91: =IFERROR(AVERAGE(F91:H91),"") | S91: =IFERROR(AVERAGE(I91:J91),"") | T91: =IFERROR(AVERAGE(K91:L91),"") | W91: =AVERAGE(Q91:T91)
A92: =IF(ISNUMBER(C92),MONTH(C92),"") | B92: =IF(ISNUMBER(C92),YEAR(C92),"") | C92: =C91+1 | D92: 0.028 | F92: 0.0383 | H92: 0.0403 | I92: 0.0432 | K92: 0.0314 | M92: =AVERAGE(D63:E92) | N92: =AVERAGE(F63:H92) | O92: =AVERAGE(I63:J92) | P92: =AVERAGE(K63:L92) | Q92: =IFERROR(AVERAGE(D92:E92),"") | R92: =IFERROR(AVERAGE(F92:H92),"") | S92: =IFERROR(AVERAGE(I92:J92),"") | T92: =IFERROR(AVERAGE(K92:L92),"") | W92: =AVERAGE(Q92:T92)
A93: =IF(ISNUMBER(C93),MONTH(C93),"") | B93: =IF(ISNUMBER(C93),YEAR(C93),"") | C93: =C92+1 | E93: 0.0248 | G93: 0.0335 | J93: 0.0302 | L93: 0.0356 | M93: =AVERAGE(D64:E93) | N93: =AVERAGE(F64:H93) | O93: =AVERAGE(I64:J93) | P93: =AVERAGE(K64:L93) | Q93: =IFERROR(AVERAGE(D93:E93),"") | R93: =IFERROR(AVERAGE(F93:H93),"") | S93: =IFERROR(AVERAGE(I93:J93),"") | T93: =IFERROR(AVERAGE(K93:L93),"") | W93: =AVERAGE(Q93:T93) | X93: =AVERAGE(Q89:T93)
A94: =IF(ISNUMBER(C94),MONTH(C94),"") | B94: =IF(ISNUMBER(C94),YEAR(C94),"") | C94: =C93+1 | D94: 0.0158 | F94: 0.0216 | I94: 0.0126 | K94: 0.0223 | M94: =AVERAGE(D65:E94) | N94: =AVERAGE(F65:H94) | O94: =AVERAGE(I65:J94) | P94: =AVERAGE(K65:L94) | Q94: =IFERROR(AVERAGE(D94:E94),"") | R94: =IFERROR(AVERAGE(F94:H94),"") | S94: =IFERROR(AVERAGE(I94:J94),"") | T94: =IFERROR(AVERAGE(K94:L94),"") | V94: =AVERAGE(Q94:T94)
A95: =IF(ISNUMBER(C95),MONTH(C95),"") | B95: =IF(ISNUMBER(C95),YEAR(C95),"") | C95: =C94+1 | E95: 0.0218 | G95: 0.011 | J95: 0.00513 | L95: 0.0109 | M95: =AVERAGE(D66:E95) | N95: =AVERAGE(F66:H95) | O95: =AVERAGE(I66:J95) | P95: =AVERAGE(K66:L95) | Q95: =IFERROR(AVERAGE(D95:E95),"") | R95: =IFERROR(AVERAGE(F95:H95),"") | S95: =IFERROR(AVERAGE(I95:J95),"") | T95: =IFERROR(AVERAGE(K95:L95),"") | V95: =AVERAGE(Q95:T95) | X95: =AVERAGE(Q94:T95)
A96: =IF(ISNUMBER(C96),MONTH(C96),"") | B96: =IF(ISNUMBER(C96),YEAR(C96),"") | C96: =C95+1 | D96: 0.0464 | H96: 0.0242 | I96: 0.0253 | K96: 0.0265 | M96: =AVERAGE(D67:E96) | N96: =AVERAGE(F67:H96) | O96: =AVERAGE(I67:J96) | P96: =AVERAGE(K67:L96) | Q96: =IFERROR(AVERAGE(D96:E96),"") | R96: =IFERROR(AVERAGE(F96:H96),"") | S96: =IFERROR(AVERAGE(I96:J96),"") | T96: =IFERROR(AVERAGE(K96:L96),"") | W96: =AVERAGE(Q96:T96)
A97: =IF(ISNUMBER(C97),MONTH(C97),"") | B97: =IF(ISNUMBER(C97),YEAR(C97),"") | C97: =C96+1 | E97: 0.0292 | G97: 0.0463 | J97: 0.0508 | L97: 0.05 | M97: =AVERAGE(D68:E97) | N97: =AVERAGE(F68:H97) | O97: =AVERAGE(I68:J97) | P97: =AVERAGE(K68:L97) | Q97: =IFERROR(AVERAGE(D97:E97),"") | R97: =IFERROR(AVERAGE(F97:H97),"") | S97: =IFERROR(AVERAGE(I97:J97),"") | T97: =IFERROR(AVERAGE(K97:L97),"") | W97: =AVERAGE(Q97:T97)
A98: =IF(ISNUMBER(C98),MONTH(C98),"") | B98: =IF(ISNUMBER(C98),YEAR(C98),"") | C98: =C97+1 | D98: 0.0402 | F98: 0.033 | H98: 0.031 | I98: 0.0267 | K98: 0.0319 | M98: =AVERAGE(D69:E98) | N98: =AVERAGE(F69:H98) | O98: =AVERAGE(I69:J98) | P98: =AVERAGE(K69:L98) | Q98: =IFERROR(AVERAGE(D98:E98),"") | R98: =IFERROR(AVERAGE(F98:H98),"") | S98: =IFERROR(AVERAGE(I98:J98),"") | T98: =IFERROR(AVERAGE(K98:L98),"") | W98: =AVERAGE(Q98:T98)
A99: =IF(ISNUMBER(C99),MONTH(C99),"") | B99: =IF(ISNUMBER(C99),YEAR(C99),"") | C99: =C98+1 | E99: 0.0389 | G99: 0.0406 | J99: 0.0278 | L99: 0.0382 | M99: =AVERAGE(D70:E99) | N99: =AVERAGE(F70:H99) | O99: =AVERAGE(I70:J99) | P99: =AVERAGE(K70:L99) | Q99: =IFERROR(AVERAGE(D99:E99),"") | R99: =IFERROR(AVERAGE(F99:H99),"") | S99: =IFERROR(AVERAGE(I99:J99),"") | T99: =IFERROR(AVERAGE(K99:L99),"") | W99: =AVERAGE(Q99:T99)
A100: =IF(ISNUMBER(C100),MONTH(C100),"") | B100: =IF(ISNUMBER(C100),YEAR(C100),"") | C100: =C99+1 | D100: 0.0298 | F100: 0.0229 | I100: 0.021 | K100: 0.0306 | M100: =AVERAGE(D71:E100) | N100: =AVERAGE(F71:H100) | O100: =AVERAGE(I71:J100) | P100: =AVERAGE(K71:L100) | Q100: =IFERROR(AVERAGE(D100:E100),"") | R100: =IFERROR(AVERAGE(F100:H100),"") | S100: =IFERROR(AVERAGE(I100:J100),"") | T100: =IFERROR(AVERAGE(K100:L100),"") | W100: =AVERAGE(Q100:T100) | X100: =AVERAGE(Q96:T100)
...

Sheet Arsenic (Daily)
C1: City of Industry Plant - Ambient Arsenic
C2: (units=ng/m3) | AQ2: 2.5 | AX2: 2.5 | BE2: 2.5 | BL2: 2.5 | BS2: 2.5 | BZ2: 2.5
A3: Month | B3: Year | C3: Monitoring | D3: Station 1 | F3: Station 2 | I3: Station 4 | K3: Station 5 | M3: Daily Results | AA3: =COUNTIF($D$5:$L$734,">=2.5") | AC3: =COUNTIF($M$5:$P$734,">=2.5")
A4: =IF(ISNUMBER(C4),MONTH(C4),"") | B4: =IF(ISNUMBER(C4),YEAR(C4),"") | C4: Dates | D4: 1A | E4: 1B | F4: 2A | G4: 2B | H4: 2D | I4: 4A | J4: 4B | K4: 5A | L4: 5B | M4: Station 1 | N4: Station 2 | O4: Station 4 | P4: Station 5 | Q4: WeekEND | R4: WeekDAY | V4: WeekEND | W4: WeekDAY | X4: % WD Diff | Z4: 98th percentile | AE4: CY 2025 | AF4: Station 1 | AG4: Station 2 | AH4: Station 4 | AI4: Station 5 | AJ4: ALL Stations | AL4: CY 2024 | AM4: Station 1 | AN4: Station 2 | AO4: Station 4 | AP4: Station 5 | AQ4: ALL Stations | AS4: CY 2023 | AT4: Station 1 | AU4: Station 2 | AV4: Station 4 | AW4: Station 5 | AX4: ALL Stations | AZ4: CY 2022 | BA4: Station 1 | BB4: Station 2 | BC4: Station 4 | BD4: Station 5 | BE4: ALL Stations | BG4: CY 2021 | BH4: Station 1 | BI4: Station 2 | BJ4: Station 4 | BK4: Station 5 | BL4: ALL Stations | BN4: CY 2020 | BO4: Station 1 | BP4: Station 2 | BQ4: Station 4 | BR4: Station 5 | BS4: ALL Stations | BU4: CY 2019 | BV4: Station 1 | BW4: Station 2 | BX4: Station 4 | BY4: Station 5 | BZ4: ALL Stations | CC4: Station 1 | CD4: Station 2 | CE4: Station 4 | CF4: Station 5
A5: =IF(ISNUMBER(C5),MONTH(C5),"") | B5: =IF(ISNUMBER(C5),YEAR(C5),"") | C5: 43101 | E5: 10.99 | G5: 9.29 | J5: 3.608 | L5: 8.132 | S5: EVENT | T5: =MAX(T556:T994) | U5: max | V5: =MAX(Q5:Q3300) | W5: =MAX(R5:R3300) | X5: =(W5-V5)/V5 | Z5: WeekDAY | AA5: =PERCENTILE($R$5:$R$734,0.98) | AE5: max | AF5: =MAX($D$2562:$E$2926) | AG5: =MAX($F$2562:$H$2926) | AH5: =MAX($I$2562:$J$2926) | AI5: =MAX($K$2562:$L$2926) | AJ5: =MAX($D$2562:$L$2926) | AL5: max | AM5: =MAX($D$2196:$E$2561) | AN5: =MAX($F$2196:$H$2561) | AO5: =MAX($I$2196:$J$2561) | AP5: =MAX($K$2196:$L$2561) | AQ5: =MAX($D$2196:$L$2561) | AS5: max | AT5: =MAX($D$1831:$E$2195) | AU5: =MAX($F$1831:$H$2195) | AV5: =MAX($I$1831:$J$2195) | AW5: =MAX($K$1831:$L$2195) | AX5: =MAX($D$1831:$L$2195) | AZ5: max | BA5: =MAX($D$1466:$E$1830) | BB5: =MAX($F$1466:$H$1830) | BC5: =MAX($I$1466:$J$1830) | BD5: =MAX($K$1466:$L$1830) | BE5: =MAX($D$1466:$L$1830) | BG5: max | BH5: =MAX($D$1101:$E$1465) | BI5: =MAX($F$1101:$H$1465) | BJ5: =MAX($I$1101:$J$1465) | BK5: =MAX($K$1101:$L$1465) | BL5: =MAX($D$1101:$L$1465) | BN5: max | BO5: =MAX($D$735:$E$1100) | BP5: =MAX($F$735:$H$1100) | BQ5: =MAX($I$735:$J$1100) | BR5: =MAX($K$735:$L$1100) | BS5: =MAX($D$735:$L$1100) | BU5: max | BV5: =MAX($D$5:$E$734) | BW5: =MAX($F$5:$H$734) | BX5: =MAX($I$5:$J$734) | BY5: =MAX($K$5:$L$734) | BZ5: =MAX($D$5:$L$734) | CB5: # greater than 6 | CC5: =COUNTIF($D$5:$E$734,">=6") | CD5: =COUNTIF($F$5:$H$734,">=6") | CE5: =COUNTIF($I$5:$J$734,">=6") | CF5: =COUNTIF($K$5:$L$734,">=6")
A6: =IF(ISNUMBER(C6),MONTH(C6),"") | B6: =IF(ISNUMBER(C6),YEAR(C6),"") | C6: =C5+1 | D6: 2.237 | H6: 2.163 | I6: 1.974 | K6: 2.17 | M6: =IFERROR(AVERAGE(D6:E6),"") | N6: =IFERROR(AVERAGE(F6:H6),"") | O6: =IFERROR(AVERAGE(I6:J6),"") | P6: =IFERROR(AVERAGE(K6:L6),"") | R6: =AVERAGE(M6:N6) | S6: * averaged from two extractions & analyses | U6: 90th percentile | V6: =PERCENTILE($Q$5:$Q$3300,0.9) | W6: =PERCENTILE($R$5:$R$3300,0.9) | X6: =(W6-V6)/V6 | Y6: =PERCENTILE($D$5:$L$2569,0.98) | Z6: WeekEND | AA6: =PERCENTILE($Q$5:$Q$734,0.98) | AC6: =PERCENTILE($D$5:$L$734,0.985) | AE6: 98th percentile | AF6: =PERCENTILE($D$2562:$E$2926,0.98) | AG6: =PERCENTILE($F$2562:$H$2926,0.98) | AH6: =PERCENTILE($I$2562:$J$2926,0.98) | AI6: =PERCENTILE($K$2562:$L$2926,0.98) | AJ6: =PERCENTILE($D$2562:$L$2926,0.98) | AL6: 98th percentile | AM6: =PERCENTILE($D$2196:$E$2561,0.98) | AN6: =PERCENTILE($F$2196:$H$2561,0.98) | AO6: =PERCENTILE($I$2196:$J$2561,0.98) | AP6: =PERCENTILE($K$2196:$L$2561,0.98) | AQ6: =PERCENTILE($D$2196:$L$2561,0.98) | AS6: 98th percentile | AT6: =PERCENTILE($D$1831:$E$2195,0.98) | AU6: =PERCENTILE($F$1831:$H$2195,0.98) | AV6: =PERCENTILE($I$1831:$J$2195,0.98) | AW6: =PERCENTILE($K$1831:$L$2195,0.98) | AX6: =PERCENTILE($D$1831:$L$2195,0.98) | AZ6: 98th percentile | BA6: =PERCENTILE($D$1466:$E$1830,0.98) | BB6: =PERCENTILE($F$1466:$H$1830,0.98) | BC6: =PERCENTILE($I$1466:$J$1830,0.98) | BD6: =PERCENTILE($K$1466:$L$1830,0.98) | BE6: =PERCENTILE($D$1466:$L$1830,0.98) | BG6: 98th percentile | BH6: =PERCENTILE($D$1101:$E$1465,0.98) | BI6: =PERCENTILE($F$1101:$H$1465,0.98) | BJ6: =PERCENTILE($I$1101:$J$1465,0.98) | BK6: =PERCENTILE($K$1101:$L$1465,0.98) | BL6: =PERCENTILE($D$1101:$L$1465,0.98) | BN6: 98th percentile | BO6: =PERCENTILE($D$735:$E$1100,0.98) | BP6: =PERCENTILE($F$735:$H$1100,0.98) | BQ6: =PERCENTILE($I$735:$J$1100,0.98) | BR6: =PERCENTILE($K$735:$L$1100,0.98) | BS6: =PERCENTILE($D$735:$L$1100,0.98) | BU6: 98th percentile | BV6: =PERCENTILE($D$5:$E$734,0.98) | BW6: =PERCENTILE($F$5:$H$734,0.98) | BX6: =PERCENTILE($I$5:$J$734,0.98) | BY6: =PERCENTILE($K$5:$L$734,0.98) | BZ6: =PERCENTILE($D$5:$L$734,0.98) | CB6: # greater than 2.5 | CC6: =COUNTIF($D$5:$E$734,">=2.5") | CD6: =COUNTIF($F$5:$H$734,">=2.5") | CE6: =COUNTIF($I$5:$J$734,">=2.5") | CF6: =COUNTIF($K$5:$L$734,">=2.5")
A7: =IF(ISNUMBER(C7),MONTH(C7),"") | B7: =IF(ISNUMBER(C7),YEAR(C7),"") | C7: =C6+1 | E7: 1.744 | G7: 1.648 | J7: 1.749 | L7: 1.829 | M7: =IFERROR(AVERAGE(D7:E7),"") | N7: =IFERROR(AVERAGE(F7:H7),"") | O7: =IFERROR(AVERAGE(I7:J7),"") | P7: =IFERROR(AVERAGE(K7:L7),"") | R7: =AVERAGE(M7:N7) | U7: 75th percentile | V7: =PERCENTILE($Q$5:$Q$3300,0.75) | W7: =PERCENTILE($R$5:$R$3300,0.75) | X7: =(W7-V7)/V7 | Z7: All (w/ Events) | AA7: =PERCENTILE($D$5:$L$734,0.98) | AC7: =PERCENTILE($D$5:$L$734,0.99) | AE7: 95th percentile | AF7: =PERCENTILE($D$2562:$E$2926,0.95) | AG7: =PERCENTILE($F$2562:$H$2926,0.95) | AH7: =PERCENTILE($I$2562:$J$2926,0.95) | AI7: =PERCENTILE($K$2562:$L$2926,0.95) | AJ7: =PERCENTILE($D$2562:$L$2926,0.95) | AL7: 95th percentile | AM7: =PERCENTILE($D$2196:$E$2561,0.95) | AN7: =PERCENTILE($F$2196:$H$2561,0.95) | AO7: =PERCENTILE($I$2196:$J$2561,0.95) | AP7: =PERCENTILE($K$2196:$L$2561,0.95) | AQ7: =PERCENTILE($D$2196:$L$2561,0.95) | AS7: 95th percentile | AT7: =PERCENTILE($D$1831:$E$2195,0.95) | AU7: =PERCENTILE($F$1831:$H$2195,0.95) | AV7: =PERCENTILE($I$1831:$J$2195,0.95) | AW7: =PERCENTILE($K$1831:$L$2195,0.95) | AX7: =PERCENTILE($D$1831:$L$2195,0.95) | AZ7: 95th percentile | BA7: =PERCENTILE($D$1466:$E$1830,0.95) | BB7: =PERCENTILE($F$1466:$H$1830,0.95) | BC7: =PERCENTILE($I$1466:$J$1830,0.95) | BD7: =PERCENTILE($K$1466:$L$1830,0.95) | BE7: =PERCENTILE($D$1466:$L$1830,0.95) | BG7: 95th percentile | BH7: =PERCENTILE($D$1101:$E$1465,0.95) | BI7: =PERCENTILE($F$1101:$H$1465,0.95) | BJ7: =PERCENTILE($I$1101:$J$1465,0.95) | BK7: =PERCENTILE($K$1101:$L$1465,0.95) | BL7: =PERCENTILE($D$1101:$L$1465,0.95) | BN7: 95th percentile | BO7: =PERCENTILE($D$735:$E$1100,0.95) | BP7: =PERCENTILE($F$735:$H$1100,0.95) | BQ7: =PERCENTILE($I$735:$J$1100,0.95) | BR7: =PERCENTILE($K$735:$L$1100,0.95) | BS7: =PERCENTILE($D$735:$L$1100,0.95) | BU7: 95th percentile | BV7: =PERCENTILE($D$5:$E$734,0.95) | BW7: =PERCENTILE($F$5:$H$734,0.95) | BX7: =PERCENTILE($I$5:$J$734,0.95) | BY7: =PERCENTILE($K$5:$L$734,0.95) | BZ7: =PERCENTILE($D$5:$L$734,0.95) | CB7: # greater than 1.95 | CC7: =COUNTIF($D$5:$E$734,">=1.95") | CD7: =COUNTIF($F$5:$H$734,">=1.95") | CE7: =COUNTIF($I$5:$J$734,">=1.95") | CF7: =COUNTIF($K$5:$L$734,">=1.95")
A8: =IF(ISNUMBER(C8),MONTH(C8),"") | B8: =IF(ISNUMBER(C8),YEAR(C8),"") | C8: =C7+1 | D8: 1.563 | F8: 1.578 | H8: 1.578 | I8: 2.02 | K8: 1.69 | M8: =IFERROR(AVERAGE(D8:E8),"") | N8: =IFERROR(AVERAGE(F8:H8),"") | O8: =IFERROR(AVERAGE(I8:J8),"") | P8: =IFERROR(AVERAGE(K8:L8),"") | R8: =AVERAGE(M8:N8) | U8: average | V8: =AVERAGE(Q5:Q3300) | W8: =AVERAGE(R5:R3300) | X8: =(W8-V8)/V8 | AE8: 90th percentile | AF8: =PERCENTILE($D$2562:$E$2926,0.9) | AG8: =PERCENTILE($F$2562:$H$2926,0.9) | AH8: =PERCENTILE($I$2562:$J$2926,0.9) | AI8: =PERCENTILE($K$2562:$L$2926,0.9) | AJ8: =PERCENTILE($D$2562:$L$2926,0.9) | AL8: 90th percentile | AM8: =PERCENTILE($D$2196:$E$2561,0.9) | AN8: =PERCENTILE($F$2196:$H$2561,0.9) | AO8: =PERCENTILE($I$2196:$J$2561,0.9) | AP8: =PERCENTILE($K$2196:$L$2561,0.9) | AQ8: =PERCENTILE($D$2196:$L$2561,0.9) | AS8: 90th percentile | AT8: =PERCENTILE($D$1831:$E$2195,0.9) | AU8: =PERCENTILE($F$1831:$H$2195,0.9) | AV8: =PERCENTILE($I$1831:$J$2195,0.9) | AW8: =PERCENTILE($K$1831:$L$2195,0.9) | AX8: =PERCENTILE($D$1831:$L$2195,0.9) | AZ8: 90th percentile | BA8: =PERCENTILE($D$1466:$E$1830,0.9) | BB8: =PERCENTILE($F$1466:$H$1830,0.9) | BC8: =PERCENTILE($I$1466:$J$1830,0.9) | BD8: =PERCENTILE($K$1466:$L$1830,0.9) | BE8: =PERCENTILE($D$1466:$L$1830,0.9) | BG8: 90th percentile | BH8: =PERCENTILE($D$1101:$E$1465,0.9) | BI8: =PERCENTILE($F$1101:$H$1465,0.9) | BJ8: =PERCENTILE($I$1101:$J$1465,0.9) | BK8: =PERCENTILE($K$1101:$L$1465,0.9) | BL8: =PERCENTILE($D$1101:$L$1465,0.9) | BN8: 90th percentile | BO8: =PERCENTILE($D$735:$E$1100,0.9) | BP8: =PERCENTILE($F$735:$H$1100,0.9) | BQ8: =PERCENTILE($I$735:$J$1100,0.9) | BR8: =PERCENTILE($K$735:$L$1100,0.9) | BS8: =PERCENTILE($D$735:$L$1100,0.9) | BU8: 90th percentile | BV8: =PERCENTILE($D$5:$E$734,0.9) | BW8: =PERCENTILE($F$5:$H$734,0.9) | BX8: =PERCENTILE($I$5:$J$734,0.9) | BY8: =PERCENTILE($K$5:$L$734,0.9) | BZ8: =PERCENTILE($D$5:$L$734,0.9)
A9: =IF(ISNUMBER(C9),MONTH(C9),"") | B9: =IF(ISNUMBER(C9),YEAR(C9),"") | C9: =C8+1 | E9: 1.052 | G9: 1.029 | J9: 1.158 | L9: 1.254 | M9: =IFERROR(AVERAGE(D9:E9),"") | N9: =IFERROR(AVERAGE(F9:H9),"") | O9: =IFERROR(AVERAGE(I9:J9),"") | P9: =IFERROR(AVERAGE(K9:L9),"") | R9: =AVERAGE(M9:N9) | S9: =AVERAGE(L5:O9)
A10: =IF(ISNUMBER(C10),MONTH(C10),"") | B10: =IF(ISNUMBER(C10),YEAR(C10),"") | C10: =C9+1 | D10: 0.966 | F10: 0.831 | I10: 0.862 | K10: 0.99 | M10: =IFERROR(AVERAGE(D10:E10),"") | N10: =IFERROR(AVERAGE(F10:H10),"") | O10: =IFERROR(AVERAGE(I10:J10),"") | P10: =IFERROR(AVERAGE(K10:L10),"") | Q10: =AVERAGE(M10:N10) | V10: Station 1 | W10: Station 2 | X10: Station 4 | Y10: Station 5
A11: =IF(ISNUMBER(C11),MONTH(C11),"") | B11: =IF(ISNUMBER(C11),YEAR(C11),"") | C11: =C10+1 | E11: 1.078 | G11: 1.136 | J11: 0.9165 | L11: 0.9961 | M11: =IFERROR(AVERAGE(D11:E11),"") | N11: =IFERROR(AVERAGE(F11:H11),"") | O11: =IFERROR(AVERAGE(I11:J11),"") | P11: =IFERROR(AVERAGE(K11:L11),"") | Q11: =AVERAGE(M11:N11) | S11: =AVERAGE(L10:O11) | V11: Tuesday
A12: =IF(ISNUMBER(C12),MONTH(C12),"") | B12: =IF(ISNUMBER(C12),YEAR(C12),"") | C12: =C11+1 | D12: 1.337 | H12: 1.079 | I12: 0.9778 | K12: 1.178 | M12: =IFERROR(AVERAGE(D12:E12),"") | N12: =IFERROR(AVERAGE(F12:H12),"") | O12: =IFERROR(AVERAGE(I12:J12),"") | P12: =IFERROR(AVERAGE(K12:L12),"") | R12: =AVERAGE(M12:N12)
A13: =IF(ISNUMBER(C13),MONTH(C13),"") | B13: =IF(ISNUMBER(C13),YEAR(C13),"") | C13: =C12+1 | E13: 0.4883 | G13: 0.459 | J13: 0.3129 | L13: 0.4883 | M13: =IFERROR(AVERAGE(D13:E13),"") | N13: =IFERROR(AVERAGE(F13:H13),"") | O13: =IFERROR(AVERAGE(I13:J13),"") | P13: =IFERROR(AVERAGE(K13:L13),"") | R13: =AVERAGE(M13:N13)
A14: =IF(ISNUMBER(C14),MONTH(C14),"") | B14: =IF(ISNUMBER(C14),YEAR(C14),"") | C14: =C13+1 | D14: 0.7806 | F14: 0.6619 | H14: 0.5726 | I14: 0.6036 | K14: 0.7007 | M14: =IFERROR(AVERAGE(D14:E14),"") | N14: =IFERROR(AVERAGE(F14:H14),"") | O14: =IFERROR(AVERAGE(I14:J14),"") | P14: =IFERROR(AVERAGE(K14:L14),"") | R14: =AVERAGE(M14:N14)
A15: =IF(ISNUMBER(C15),MONTH(C15),"") | B15: =IF(ISNUMBER(C15),YEAR(C15),"") | C15: =C14+1 | E15: 1.561 | G15: 1.304 | J15: 1.444 | L15: 1.42 | M15: =IFERROR(AVERAGE(D15:E15),"") | N15: =IFERROR(AVERAGE(F15:H15),"") | O15: =IFERROR(AVERAGE(I15:J15),"") | P15: =IFERROR(AVERAGE(K15:L15),"") | R15: =AVERAGE(M15:N15)
A16: =IF(ISNUMBER(C16),MONTH(C16),"") | B16: =IF(ISNUMBER(C16),YEAR(C16),"") | C16: =C15+1 | D16: 1.861 | F16: 1.921 | I16: 2.53 | K16: 1.914 | M16: =IFERROR(AVERAGE(D16:E16),"") | N16: =IFERROR(AVERAGE(F16:H16),"") | O16: =IFERROR(AVERAGE(I16:J16),"") | P16: =IFERROR(AVERAGE(K16:L16),"") | R16: =AVERAGE(M16:N16) | S16: =AVERAGE(L12:O16)
A17: =IF(ISNUMBER(C17),MONTH(C17),"") | B17: =IF(ISNUMBER(C17),YEAR(C17),"") | C17: =C16+1 | E17: 1.085 | G17: 1.004 | J17: 0.9243 | L17: 1.154 | M17: =IFERROR(AVERAGE(D17:E17),"") | N17: =IFERROR(AVERAGE(F17:H17),"") | O17: =IFERROR(AVERAGE(I17:J17),"") | P17: =IFERROR(AVERAGE(K17:L17),"") | Q17: =AVERAGE(M17:N17)
A18: =IF(ISNUMBER(C18),MONTH(C18),"") | B18: =IF(ISNUMBER(C18),YEAR(C18),"") | C18: =C17+1 | D18: 0.862 | H18: 0.7981 | I18: 0.6096 | K18: 0.7297 | M18: =IFERROR(AVERAGE(D18:E18),"") | N18: =IFERROR(AVERAGE(F18:H18),"") | O18: =IFERROR(AVERAGE(I18:J18),"") | P18: =IFERROR(AVERAGE(K18:L18),"") | Q18: =AVERAGE(M18:N18) | S18: =AVERAGE(L17:O18)
A19: =IF(ISNUMBER(C19),MONTH(C19),"") | B19: =IF(ISNUMBER(C19),YEAR(C19),"") | C19: =C18+1 | E19: 1.601 | G19: 1.433 | J19: 1.407 | L19: 1.427 | M19: =IFERROR(AVERAGE(D19:E19),"") | N19: =IFERROR(AVERAGE(F19:H19),"") | O19: =IFERROR(AVERAGE(I19:J19),"") | P19: =IFERROR(AVERAGE(K19:L19),"") | R19: =AVERAGE(M19:N19)
A20: =IF(ISNUMBER(C20),MONTH(C20),"") | B20: =IF(ISNUMBER(C20),YEAR(C20),"") | C20: =C19+1 | D20: 1.631 | F20: 1.607 | H20: 1.475 | I20: 1.648 | K20: 1.685 | M20: =IFERROR(AVERAGE(D20:E20),"") | N20: =IFERROR(AVERAGE(F20:H20),"") | O20: =IFERROR(AVERAGE(I20:J20),"") | P20: =IFERROR(AVERAGE(K20:L20),"") | R20: =AVERAGE(M20:N20)
A21: =IF(ISNUMBER(C21),MONTH(C21),"") | B21: =IF(ISNUMBER(C21),YEAR(C21),"") | C21: =C20+1 | E21: 2.029 | G21: 1.705 | J21: 1.754 | L21: 1.807 | M21: =IFERROR(AVERAGE(D21:E21),"") | N21: =IFERROR(AVERAGE(F21:H21),"") | O21: =IFERROR(AVERAGE(I21:J21),"") | P21: =IFERROR(AVERAGE(K21:L21),"") | R21: =AVERAGE(M21:N21)
A22: =IF(ISNUMBER(C22),MONTH(C22),"") | B22: =IF(ISNUMBER(C22),YEAR(C22),"") | C22: =C21+1 | D22: 2.429 | F22: 1.61 | I22: 1.401 | K22: 1.875 | M22: =IFERROR(AVERAGE(D22:E22),"") | N22: =IFERROR(AVERAGE(F22:H22),"") | O22: =IFERROR(AVERAGE(I22:J22),"") | P22: =IFERROR(AVERAGE(K22:L22),"") | R22: =AVERAGE(M22:N22)
A23: =IF(ISNUMBER(C23),MONTH(C23),"") | B23: =IF(ISNUMBER(C23),YEAR(C23),"") | C23: =C22+1 | E23: 1.234 | G23: 1.067 | J23: 0.8709 | L23: 1.064 | M23: =IFERROR(AVERAGE(D23:E23),"") | N23: =IFERROR(AVERAGE(F23:H23),"") | O23: =IFERROR(AVERAGE(I23:J23),"") | P23: =IFERROR(AVERAGE(K23:L23),"") | R23: =AVERAGE(M23:N23) | S23: =AVERAGE(L19:O23)
A24: =IF(ISNUMBER(C24),MONTH(C24),"") | B24: =IF(ISNUMBER(C24),YEAR(C24),"") | C24: =C23+1 | D24: 0.5491 | H24: 0.6941 | I24: 0.4958 | K24: 0.7702 | M24: =IFERROR(AVERAGE(D24:E24),"") | N24: =IFERROR(AVERAGE(F24:H24),"") | O24: =IFERROR(AVERAGE(I24:J24),"") | P24: =IFERROR(AVERAGE(K24:L24),"") | Q24: =AVERAGE(M24:N24)
A25: =IF(ISNUMBER(C25),MONTH(C25),"") | B25: =IF(ISNUMBER(C25),YEAR(C25),"") | C25: =C24+1 | E25: 0.708 | G25: 0.857 | J25: 0.6178 | L25: 0.709 | M25: =IFERROR(AVERAGE(D25:E25),"") | N25: =IFERROR(AVERAGE(F25:H25),"") | O25: =IFERROR(AVERAGE(I25:J25),"") | P25: =IFERROR(AVERAGE(K25:L25),"") | Q25: =AVERAGE(M25:N25) | S25: =AVERAGE(L24:O25)
A26: =IF(ISNUMBER(C26),MONTH(C26),"") | B26: =IF(ISNUMBER(C26),YEAR(C26),"") | C26: =C25+1 | D26: 1.026 | F26: 0.7841 | H26: 0.8281 | I26: 0.998 | K26: 1.059 | M26: =IFERROR(AVERAGE(D26:E26),"") | N26: =IFERROR(AVERAGE(F26:H26),"") | O26: =IFERROR(AVERAGE(I26:J26),"") | P26: =IFERROR(AVERAGE(K26:L26),"") | R26: =AVERAGE(M26:N26)
A27: =IF(ISNUMBER(C27),MONTH(C27),"") | B27: =IF(ISNUMBER(C27),YEAR(C27),"") | C27: =C26+1 | E27: 1.288 | G27: 1.487 | J27: 1.326 | L27: 1.557 | M27: =IFERROR(AVERAGE(D27:E27),"") | N27: =IFERROR(AVERAGE(F27:H27),"") | O27: =IFERROR(AVERAGE(I27:J27),"") | P27: =IFERROR(AVERAGE(K27:L27),"") | R27: =AVERAGE(M27:N27)
A28: =IF(ISNUMBER(C28),MONTH(C28),"") | B28: =IF(ISNUMBER(C28),YEAR(C28),"") | C28: =C27+1 | D28: 1.058 | F28: 1.178 | I28: 0.8385 | K28: 1.157 | M28: =IFERROR(AVERAGE(D28:E28),"") | N28: =IFERROR(AVERAGE(F28:H28),"") | O28: =IFERROR(AVERAGE(I28:J28),"") | P28: =IFERROR(AVERAGE(K28:L28),"") | R28: =AVERAGE(M28:N28)
A29: =IF(ISNUMBER(C29),MONTH(C29),"") | B29: =IF(ISNUMBER(C29),YEAR(C29),"") | C29: =C28+1 | E29: 1.17 | G29: 0.9668 | J29: 0.9708 | L29: 1.069 | M29: =IFERROR(AVERAGE(D29:E29),"") | N29: =IFERROR(AVERAGE(F29:H29),"") | O29: =IFERROR(AVERAGE(I29:J29),"") | P29: =IFERROR(AVERAGE(K29:L29),"") | R29: =AVERAGE(M29:N29)
A30: =IF(ISNUMBER(C30),MONTH(C30),"") | B30: =IF(ISNUMBER(C30),YEAR(C30),"") | C30: =C29+1 | D30: 1.196 | H30: 1.089 | I30: 1.025 | K30: 1.035 | M30: =IFERROR(AVERAGE(D30:E30),"") | N30: =IFERROR(AVERAGE(F30:H30),"") | O30: =IFERROR(AVERAGE(I30:J30),"") | P30: =IFERROR(AVERAGE(K30:L30),"") | R30: =AVERAGE(M30:N30) | S30: =AVERAGE(L26:O30)
A31: =IF(ISNUMBER(C31),MONTH(C31),"") | B31: =IF(ISNUMBER(C31),YEAR(C31),"") | C31: =C30+1 | E31: 1.116 | G31: 0.9809 | J31: 0.8853 | L31: 1.266 | M31: =IFERROR(AVERAGE(D31:E31),"") | N31: =IFERROR(AVERAGE(F31:H31),"") | O31: =IFERROR(AVERAGE(I31:J31),"") | P31: =IFERROR(AVERAGE(K31:L31),"") | Q31: =AVERAGE(M31:N31)
A32: =IF(ISNUMBER(C32),MONTH(C32),"") | B32: =IF(ISNUMBER(C32),YEAR(C32),"") | C32: =C31+1 | D32: 1.246 | F32: 1.034 | H32: 1.259 | I32: 0.8595 | K32: 1.368 | M32: =IFERROR(AVERAGE(D32:E32),"") | N32: =IFERROR(AVERAGE(F32:H32),"") | O32: =IFERROR(AVERAGE(I32:J32),"") | P32: =IFERROR(AVERAGE(K32:L32),"") | Q32: =AVERAGE(M32:N32) | S32: =AVERAGE(L31:O32)
A33: =IF(ISNUMBER(C33),MONTH(C33),"") | B33: =IF(ISNUMBER(C33),YEAR(C33),"") | C33: =C32+1 | E33: 1.064 | G33: 1.064 | J33: 0.944 | L33: 1.238 | M33: =IFERROR(AVERAGE(D33:E33),"") | N33: =IFERROR(AVERAGE(F33:H33),"") | O33: =IFERROR(AVERAGE(I33:J33),"") | P33: =IFERROR(AVERAGE(K33:L33),"") | R33: =AVERAGE(M33:N33) | U33: January | V33: 2018
A34: =IF(ISNUMBER(C34),MONTH(C34),"") | B34: =IF(ISNUMBER(C34),YEAR(C34),"") | C34: =C33+1 | D34: 1.286 | F34: 1.046 | I34: 1.092 | K34: 1.262 | M34: =IFERROR(AVERAGE(D34:E34),"") | N34: =IFERROR(AVERAGE(F34:H34),"") | O34: =IFERROR(AVERAGE(I34:J34),"") | P34: =IFERROR(AVERAGE(K34:L34),"") | R34: =AVERAGE(M34:N34) | U34: Parameter | V34: Station 1 | W34: Station 2 | X34: Station 4 | Y34: Station 5
A35: =IF(ISNUMBER(C35),MONTH(C35),"") | B35: =IF(ISNUMBER(C35),YEAR(C35),"") | C35: =C34+1 | E35: 1.458 | G35: 1.322 | J35: 1.2 | L35: 1.415 | M35: =IFERROR(AVERAGE(D35:E35),"") | N35: =IFERROR(AVERAGE(F35:H35),"") | O35: =IFERROR(AVERAGE(I35:J35),"") | P35: =IFERROR(AVERAGE(K35:L35),"") | R35: =AVERAGE(M35:N35) | U35: Average | V35: =AVERAGE(D5:E35) | W35: =AVERAGE(F5:H35) | X35: =AVERAGE(I5:J35) | Y35: =AVERAGE(K5:L35)
A36: =IF(ISNUMBER(C36),MONTH(C36),"") | B36: =IF(ISNUMBER(C36),YEAR(C36),"") | C36: =C35+1 | D36: 1.84 | H36: 1.752 | I36: 1.673 | K36: 1.768 | M36: =IFERROR(AVERAGE(D36:E36),"") | N36: =IFERROR(AVERAGE(F36:H36),"") | O36: =IFERROR(AVERAGE(I36:J36),"") | P36: =IFERROR(AVERAGE(K36:L36),"") | R36: =AVERAGE(M36:N36) | U36: Maximum | V36: =MAX(D5:E35) | W36: =MAX(F5:H35) | X36: =MAX(I5:J35) | Y36: =MAX(K5:L35)
A37: =IF(ISNUMBER(C37),MONTH(C37),"") | B37: =IF(ISNUMBER(C37),YEAR(C37),"") | C37: =C36+1 | E37: 1.827 | G37: 1.643 | J37: 1.714 | L37: 1.808 | M37: =IFERROR(AVERAGE(D37:E37),"") | N37: =IFERROR(AVERAGE(F37:H37),"") | O37: =IFERROR(AVERAGE(I37:J37),"") | P37: =IFERROR(AVERAGE(K37:L37),"") | R37: =AVERAGE(M37:N37) | S37: =AVERAGE(L33:O37) | U37: # DAYS > 2.5 | V37: =COUNTIF(D5:E35,">=2.5") | W37: =COUNTIF(F5:G35,">=2.5") | X37: =COUNTIF(I5:J35,">=2.5") | Y37: =COUNTIF(I5:J35,">=2.5")
A38: =IF(ISNUMBER(C38),MONTH(C38),"") | B38: =IF(ISNUMBER(C38),YEAR(C38),"") | C38: =C37+1 | D38: 1.178 | F38: 1.21 | H38: 1.153 | I38: 1.209 | K38: 1.288 | M38: =IFERROR(AVERAGE(D38:E38),"") | N38: =IFERROR(AVERAGE(F38:H38),"") | O38: =IFERROR(AVERAGE(I38:J38),"") | P38: =IFERROR(AVERAGE(K38:L38),"") | Q38: =AVERAGE(M38:N38) | Y38: =AVERAGE(V35:Y35)
A39: =IF(ISNUMBER(C39),MONTH(C39),"") | B39: =IF(ISNUMBER(C39),YEAR(C39),"") | C39: =C38+1 | E39: 1.124 | G39: 1.046 | J39: 0.8332 | L39: 1.053 | M39: =IFERROR(AVERAGE(D39:E39),"") | N39: =IFERROR(AVERAGE(F39:H39),"") | O39: =IFERROR(AVERAGE(I39:J39),"") | P39: =IFERROR(AVERAGE(K39:L39),"") | Q39: =AVERAGE(M39:N39) | S39: =AVERAGE(L38:O39)
A40: =IF(ISNUMBER(C40),MONTH(C40),"") | B40: =IF(ISNUMBER(C40),YEAR(C40),"") | C40: =C39+1 | D40: 1.155 | F40: 1.115 | I40: 1.198 | K40: 1.301 | M40: =IFERROR(AVERAGE(D40:E40),"") | N40: =IFERROR(AVERAGE(F40:H40),"") | O40: =IFERROR(AVERAGE(I40:J40),"") | P40: =IFERROR(AVERAGE(K40:L40),"") | R40: =AVERAGE(M40:N40)
A41: =IF(ISNUMBER(C41),MONTH(C41),"") | B41: =IF(ISNUMBER(C41),YEAR(C41),"") | C41: =C40+1 | E41: 1.205 | G41: 1.304 | J41: 1.165 | L41: 1.283 | M41: =IFERROR(AVERAGE(D41:E41),"") | N41: =IFERROR(AVERAGE(F41:H41),"") | O41: =IFERROR(AVERAGE(I41:J41),"") | P41: =IFERROR(AVERAGE(K41:L41),"") | R41: =AVERAGE(M41:N41)
A42: =IF(ISNUMBER(C42),MONTH(C42),"") | B42: =IF(ISNUMBER(C42),YEAR(C42),"") | C42: =C41+1 | D42: 1.403 | H42: 1.528 | I42: 1.503 | K42: 1.501 | M42: =IFERROR(AVERAGE(D42:E42),"") | N42: =IFERROR(AVERAGE(F42:H42),"") | O42: =IFERROR(AVERAGE(I42:J42),"") | P42: =IFERROR(AVERAGE(K42:L42),"") | R42: =AVERAGE(M42:N42)
A43: =IF(ISNUMBER(C43),MONTH(C43),"") | B43: =IF(ISNUMBER(C43),YEAR(C43),"") | C43: =C42+1 | E43: 1.331 | G43: 1.534 | J43: 0.9991 | L43: 1.781 | M43: =IFERROR(AVERAGE(D43:E43),"") | N43: =IFERROR(AVERAGE(F43:H43),"") | O43: =IFERROR(AVERAGE(I43:J43),"") | P43: =IFERROR(AVERAGE(K43:L43),"") | R43: =AVERAGE(M43:N43)
A44: =IF(ISNUMBER(C44),MONTH(C44),"") | B44: =IF(ISNUMBER(C44),YEAR(C44),"") | C44: =C43+1 | D44: 1.664 | F44: 1.542 | H44: 1.309 | I44: 1.337 | K44: 1.851 | M44: =IFERROR(AVERAGE(D44:E44),"") | N44: =IFERROR(AVERAGE(F44:H44),"") | O44: =IFERROR(AVERAGE(I44:J44),"") | P44: =IFERROR(AVERAGE(K44:L44),"") | R44: =AVERAGE(M44:N44) | S44: =AVERAGE(L40:O44)
A45: =IF(ISNUMBER(C45),MONTH(C45),"") | B45: =IF(ISNUMBER(C45),YEAR(C45),"") | C45: =C44+1 | E45: 0.7084 | G45: 0.7153 | J45: 0.6273 | L45: 0.7906 | M45: =IFERROR(AVERAGE(D45:E45),"") | N45: =IFERROR(AVERAGE(F45:H45),"") | O45: =IFERROR(AVERAGE(I45:J45),"") | P45: =IFERROR(AVERAGE(K45:L45),"") | Q45: =AVERAGE(M45:N45)
A46: =IF(ISNUMBER(C46),MONTH(C46),"") | B46: =IF(ISNUMBER(C46),YEAR(C46),"") | C46: =C45+1 | D46: 1.281 | F46: 1.135 | I46: 1.059 | K46: 1.313 | M46: =IFERROR(AVERAGE(D46:E46),"") | N46: =IFERROR(AVERAGE(F46:H46),"") | O46: =IFERROR(AVERAGE(I46:J46),"") | P46: =IFERROR(AVERAGE(K46:L46),"") | Q46: =AVERAGE(M46:N46) | S46: =AVERAGE(L45:O46)
A47: =IF(ISNUMBER(C47),MONTH(C47),"") | B47: =IF(ISNUMBER(C47),YEAR(C47),"") | C47: =C46+1 | E47: 0.7949 | G47: 0.6677 | J47: 0.6734 | L47: 0.7096 | M47: =IFERROR(AVERAGE(D47:E47),"") | N47: =IFERROR(AVERAGE(F47:H47),"") | O47: =IFERROR(AVERAGE(I47:J47),"") | P47: =IFERROR(AVERAGE(K47:L47),"") | R47: =AVERAGE(M47:N47)
A48: =IF(ISNUMBER(C48),MONTH(C48),"") | B48: =IF(ISNUMBER(C48),YEAR(C48),"") | C48: =C47+1 | D48: 0.7663 | H48: 0.7517 | I48: 0.6644 | K48: 1.165 | M48: =IFERROR(AVERAGE(D48:E48),"") | N48: =IFERROR(AVERAGE(F48:H48),"") | O48: =IFERROR(AVERAGE(I48:J48),"") | P48: =IFERROR(AVERAGE(K48:L48),"") | R48: =AVERAGE(M48:N48)
A49: =IF(ISNUMBER(C49),MONTH(C49),"") | B49: =IF(ISNUMBER(C49),YEAR(C49),"") | C49: =C48+1 | E49: 0.9011 | G49: 0.915 | J49: 0.769 | L49: 0.9571 | M49: =IFERROR(AVERAGE(D49:E49),"") | N49: =IFERROR(AVERAGE(F49:H49),"") | O49: =IFERROR(AVERAGE(I49:J49),"") | P49: =IFERROR(AVERAGE(K49:L49),"") | R49: =AVERAGE(M49:N49)
A50: =IF(ISNUMBER(C50),MONTH(C50),"") | B50: =IF(ISNUMBER(C50),YEAR(C50),"") | C50: =C49+1 | D50: 1.135 | F50: 1.14 | H50: 1.168 | I50: 1.159 | K50: 1.12 | M50: =IFERROR(AVERAGE(D50:E50),"") | N50: =IFERROR(AVERAGE(F50:H50),"") | O50: =IFERROR(AVERAGE(I50:J50),"") | P50: =IFERROR(AVERAGE(K50:L50),"") | R50: =AVERAGE(M50:N50)
A51: =IF(ISNUMBER(C51),MONTH(C51),"") | B51: =IF(ISNUMBER(C51),YEAR(C51),"") | C51: =C50+1 | E51: 0.8846 | G51: 0.9602 | J51: 0.7427 | L51: 0.978 | M51: =IFERROR(AVERAGE(D51:E51),"") | N51: =IFERROR(AVERAGE(F51:H51),"") | O51: =IFERROR(AVERAGE(I51:J51),"") | P51: =IFERROR(AVERAGE(K51:L51),"") | R51: =AVERAGE(M51:N51) | S51: =AVERAGE(L47:O51)
A52: =IF(ISNUMBER(C52),MONTH(C52),"") | B52: =IF(ISNUMBER(C52),YEAR(C52),"") | C52: =C51+1 | D52: 0.8592 | F52: 0.8371 | I52: 0.7757 | K52: 1.043 | M52: =IFERROR(AVERAGE(D52:E52),"") | N52: =IFERROR(AVERAGE(F52:H52),"") | O52: =IFERROR(AVERAGE(I52:J52),"") | P52: =IFERROR(AVERAGE(K52:L52),"") | Q52: =AVERAGE(M52:N52)
A53: =IF(ISNUMBER(C53),MONTH(C53),"") | B53: =IF(ISNUMBER(C53),YEAR(C53),"") | C53: =C52+1 | E53: 1.221 | G53: 1.516 | J53: 0.9473 | L53: 1.152 | M53: =IFERROR(AVERAGE(D53:E53),"") | N53: =IFERROR(AVERAGE(F53:H53),"") | O53: =IFERROR(AVERAGE(I53:J53),"") | P53: =IFERROR(AVERAGE(K53:L53),"") | Q53: =AVERAGE(M53:N53) | S53: =AVERAGE(L52:O53)
A54: =IF(ISNUMBER(C54),MONTH(C54),"") | B54: =IF(ISNUMBER(C54),YEAR(C54),"") | C54: =C53+1 | D54: 0.7114 | H54: 0.6389 | I54: 0.5524 | K54: 0.7529 | M54: =IFERROR(AVERAGE(D54:E54),"") | N54: =IFERROR(AVERAGE(F54:H54),"") | O54: =IFERROR(AVERAGE(I54:J54),"") | P54: =IFERROR(AVERAGE(K54:L54),"") | R54: =AVERAGE(M54:N54)
A55: =IF(ISNUMBER(C55),MONTH(C55),"") | B55: =IF(ISNUMBER(C55),YEAR(C55),"") | C55: =C54+1 | E55: 0.8175 | G55: 0.9881 | J55: 0.7168 | L55: 0.8711 | M55: =IFERROR(AVERAGE(D55:E55),"") | N55: =IFERROR(AVERAGE(F55:H55),"") | O55: =IFERROR(AVERAGE(I55:J55),"") | P55: =IFERROR(AVERAGE(K55:L55),"") | R55: =AVERAGE(M55:N55)
A56: =IF(ISNUMBER(C56),MONTH(C56),"") | B56: =IF(ISNUMBER(C56),YEAR(C56),"") | C56: =C55+1 | D56: 1.239 | F56: 0.7709 | H56: 0.7151 | I56: 0.584 | K56: 0.8328 | M56: =IFERROR(AVERAGE(D56:E56),"") | N56: =IFERROR(AVERAGE(F56:H56),"") | O56: =IFERROR(AVERAGE(I56:J56),"") | P56: =IFERROR(AVERAGE(K56:L56),"") | R56: =AVERAGE(M56:N56)
A57: =IF(ISNUMBER(C57),MONTH(C57),"") | B57: =IF(ISNUMBER(C57),YEAR(C57),"") | C57: =C56+1 | E57: 0.6912 | G57: 0.7593 | J57: 0.5856 | L57: 0.689 | M57: =IFERROR(AVERAGE(D57:E57),"") | N57: =IFERROR(AVERAGE(F57:H57),"") | O57: =IFERROR(AVERAGE(I57:J57),"") | P57: =IFERROR(AVERAGE(K57:L57),"") | R57: =AVERAGE(M57:N57)
A58: =IF(ISNUMBER(C58),MONTH(C58),"") | B58: =IF(ISNUMBER(C58),YEAR(C58),"") | C58: =C57+1 | D58: 0.609 | F58: 0.911 | I58: 0.654 | K58: 0.835 | M58: =IFERROR(AVERAGE(D58:E58),"") | N58: =IFERROR(AVERAGE(F58:H58),"") | O58: =IFERROR(AVERAGE(I58:J58),"") | P58: =IFERROR(AVERAGE(K58:L58),"") | R58: =AVERAGE(M58:N58) | S58: =AVERAGE(L54:O58)
A59: =IF(ISNUMBER(C59),MONTH(C59),"") | B59: =IF(ISNUMBER(C59),YEAR(C59),"") | C59: =C58+1 | E59: 0.773 | G59: 0.89 | J59: 0.6361 | L59: 0.79 | M59: =IFERROR(AVERAGE(D59:E59),"") | N59: =IFERROR(AVERAGE(F59:H59),"") | O59: =IFERROR(AVERAGE(I59:J59),"") | P59: =IFERROR(AVERAGE(K59:L59),"") | Q59: =AVERAGE(M59:N59)
A60: =IF(ISNUMBER(C60),MONTH(C60),"") | B60: =IF(ISNUMBER(C60),YEAR(C60),"") | C60: =C59+1 | D60: 0.7514 | H60: 1.211 | I60: 0.7083 | K60: 0.8189 | M60: =IFERROR(AVERAGE(D60:E60),"") | N60: =IFERROR(AVERAGE(F60:H60),"") | O60: =IFERROR(AVERAGE(I60:J60),"") | P60: =IFERROR(AVERAGE(K60:L60),"") | Q60: =AVERAGE(M60:N60) | S60: =AVERAGE(L59:O60)
A61: =IF(ISNUMBER(C61),MONTH(C61),"") | B61: =IF(ISNUMBER(C61),YEAR(C61),"") | C61: =C60+1 | E61: 0.7613 | G61: 0.6058 | J61: 0.6295 | L61: 0.7187 | M61: =IFERROR(AVERAGE(D61:E61),"") | N61: =IFERROR(AVERAGE(F61:H61),"") | O61: =IFERROR(AVERAGE(I61:J61),"") | P61: =IFERROR(AVERAGE(K61:L61),"") | R61: =AVERAGE(M61:N61) | U61: February | V61: 2018
A62: =IF(ISNUMBER(C62),MONTH(C62),"") | B62: =IF(ISNUMBER(C62),YEAR(C62),"") | C62: =C61+1 | D62: 0.549 | F62: 0.4371 | H62: 0.6193 | I62: 0.3956 | K62: 0.5903 | M62: =IFERROR(AVERAGE(D62:E62),"") | N62: =IFERROR(AVERAGE(F62:H62),"") | O62: =IFERROR(AVERAGE(I62:J62),"") | P62: =IFERROR(AVERAGE(K62:L62),"") | R62: =AVERAGE(M62:N62) | U62: Parameter | V62: Station 1 | W62: Station 2 | X62: Station 4 | Y62: Station 5
A63: =IF(ISNUMBER(C63),MONTH(C63),"") | B63: =IF(ISNUMBER(C63),YEAR(C63),"") | C63: =C62+1 | E63: 0.9948 | G63: 0.5176 | J63: 0.5898 | L63: 0.8243 | M63: =IFERROR(AVERAGE(D63:E63),"") | N63: =IFERROR(AVERAGE(F63:H63),"") | O63: =IFERROR(AVERAGE(I63:J63),"") | P63: =IFERROR(AVERAGE(K63:L63),"") | R63: =AVERAGE(M63:N63) | U63: Average | V63: =AVERAGE(D36:E63) | W63: =AVERAGE(F36:H63) | X63: =AVERAGE(I36:J63) | Y63: =AVERAGE(K36:L63)
A64: =IF(ISNUMBER(C64),MONTH(C64),"") | B64: =IF(ISNUMBER(C64),YEAR(C64),"") | C64: =C63+1 | D64: 0.9388 | F64: 0.9394 | I64: 0.6097 | K64: 0.8364 | M64: =IFERROR(AVERAGE(D64:E64),"") | N64: =IFERROR(AVERAGE(F64:H64),"") | O64: =IFERROR(AVERAGE(I64:J64),"") | P64: =IFERROR(AVERAGE(K64:L64),"") | R64: =AVERAGE(M64:N64) | U64: Maximum | V64: =MAX(D36:E63) | W64: =MAX(F36:H63) | X64: =MAX(I36:J63) | Y64: =MAX(K36:L63)
A65: =IF(ISNUMBER(C65),MONTH(C65),"") | B65: =IF(ISNUMBER(C65),YEAR(C65),"") | C65: =C64+1 | E65: 0.441 | G65: 0.394 | J65: 0.3393 | L65: 0.427 | M65: =IFERROR(AVERAGE(D65:E65),"") | N65: =IFERROR(AVERAGE(F65:H65),"") | O65: =IFERROR(AVERAGE(I65:J65),"") | P65: =IFERROR(AVERAGE(K65:L65),"") | R65: =AVERAGE(M65:N65) | S65: =AVERAGE(L61:O65) | U65: # DAYS > 2.5 | V65: =COUNTIF(D36:E63,">=2.5") | W65: =COUNTIF(F36:G63,">=2.5") | X65: =COUNTIF(I36:J63,">=2.5") | Y65: =COUNTIF(I36:J63,">=2.5")
A66: =IF(ISNUMBER(C66),MONTH(C66),"") | B66: =IF(ISNUMBER(C66),YEAR(C66),"") | C66: =C65+1 | D66: 0.2727 | H66: 0.2393 | I66: 0.1626 | K66: 0.3124 | M66: =IFERROR(AVERAGE(D66:E66),"") | N66: =IFERROR(AVERAGE(F66:H66),"") | O66: =IFERROR(AVERAGE(I66:J66),"") | P66: =IFERROR(AVERAGE(K66:L66),"") | Q66: =AVERAGE(M66:N66) | Y66: =AVERAGE(V63:Y63)
A67: =IF(ISNUMBER(C67),MONTH(C67),"") | B67: =IF(ISNUMBER(C67),YEAR(C67),"") | C67: =C66+1 | E67: 0.4137 | G67: 0.4562 | J67: 0.3323 | L67: 0.4679 | M67: =IFERROR(AVERAGE(D67:E67),"") | N67: =IFERROR(AVERAGE(F67:H67),"") | O67: =IFERROR(AVERAGE(I67:J67),"") | P67: =IFERROR(AVERAGE(K67:L67),"") | Q67: =AVERAGE(M67:N67) | S67: =AVERAGE(L66:O67)
A68: =IF(ISNUMBER(C68),MONTH(C68),"") | B68: =IF(ISNUMBER(C68),YEAR(C68),"") | C68: =C67+1 | D68: 0.771 | F68: 0.6525 | H68: 0.605 | I68: 0.6851 | K68: 0.7502 | M68: =IFERROR(AVERAGE(D68:E68),"") | N68: =IFERROR(AVERAGE(F68:H68),"") | O68: =IFERROR(AVERAGE(I68:J68),"") | P68: =IFERROR(AVERAGE(K68:L68),"") | R68: =AVERAGE(M68:N68)
A69: =IF(ISNUMBER(C69),MONTH(C69),"") | B69: =IF(ISNUMBER(C69),YEAR(C69),"") | C69: =C68+1 | E69: 0.6238 | G69: 0.859 | J69: 0.7581 | L69: 0.8544 | M69: =IFERROR(AVERAGE(D69:E69),"") | N69: =IFERROR(AVERAGE(F69:H69),"") | O69: =IFERROR(AVERAGE(I69:J69),"") | P69: =IFERROR(AVERAGE(K69:L69),"") | R69: =AVERAGE(M69:N69)
A70: =IF(ISNUMBER(C70),MONTH(C70),"") | B70: =IF(ISNUMBER(C70),YEAR(C70),"") | C70: =C69+1 | D70: 1.145 | F70: 1.074 | I70: 1.215 | K70: 1.356 | M70: =IFERROR(AVERAGE(D70:E70),"") | N70: =IFERROR(AVERAGE(F70:H70),"") | O70: =IFERROR(AVERAGE(I70:J70),"") | P70: =IFERROR(AVERAGE(K70:L70),"") | R70: =AVERAGE(M70:N70)
A71: =IF(ISNUMBER(C71),MONTH(C71),"") | B71: =IF(ISNUMBER(C71),YEAR(C71),"") | C71: =C70+1 | E71: 1.36 | G71: 1.313 | J71: 1.096 | L71: 1.34 | M71: =IFERROR(AVERAGE(D71:E71),"") | N71: =IFERROR(AVERAGE(F71:H71),"") | O71: =IFERROR(AVERAGE(I71:J71),"") | P71: =IFERROR(AVERAGE(K71:L71),"") | R71: =AVERAGE(M71:N71)
A72: =IF(ISNUMBER(C72),MONTH(C72),"") | B72: =IF(ISNUMBER(C72),YEAR(C72),"") | C72: =C71+1 | D72: 0.998 | H72: 0.689 | I72: 0.784 | K72: 0.916 | M72: =IFERROR(AVERAGE(D72:E72),"") | N72: =IFERROR(AVERAGE(F72:H72),"") | O72: =IFERROR(AVERAGE(I72:J72),"") | P72: =IFERROR(AVERAGE(K72:L72),"") | R72: =AVERAGE(M72:N72) | S72: =AVERAGE(L68:O72)
A73: =IF(ISNUMBER(C73),MONTH(C73),"") | B73: =IF(ISNUMBER(C73),YEAR(C73),"") | C73: =C72+1 | E73: 0.36 | G73: 0.305 | J73: 0.2286 | L73: 0.825 | M73: =IFERROR(AVERAGE(D73:E73),"") | N73: =IFERROR(AVERAGE(F73:H73),"") | O73: =IFERROR(AVERAGE(I73:J73),"") | P73: =IFERROR(AVERAGE(K73:L73),"") | Q73: =AVERAGE(M73:N73)
A74: =IF(ISNUMBER(C74),MONTH(C74),"") | B74: =IF(ISNUMBER(C74),YEAR(C74),"") | C74: =C73+1 | D74: 0.5166 | F74: 0.3021 | H74: 0.261 | I74: 0.206 | K74: 0.3149 | M74: =IFERROR(AVERAGE(D74:E74),"") | N74: =IFERROR(AVERAGE(F74:H74),"") | O74: =IFERROR(AVERAGE(I74:J74),"") | P74: =IFERROR(AVERAGE(K74:L74),"") | Q74: =AVERAGE(M74:N74) | S74: =AVERAGE(L73:O74)
A75: =IF(ISNUMBER(C75),MONTH(C75),"") | B75: =IF(ISNUMBER(C75),YEAR(C75),"") | C75: =C74+1 | E75: 0.8397 | G75: 0.8029 | J75: 0.6705 | L75: 0.7007 | M75: =IFERROR(AVERAGE(D75:E75),"") | N75: =IFERROR(AVERAGE(F75:H75),"") | O75: =IFERROR(AVERAGE(I75:J75),"") | P75: =IFERROR(AVERAGE(K75:L75),"") | R75: =AVERAGE(M75:N75)
A76: =IF(ISNUMBER(C76),MONTH(C76),"") | B76: =IF(ISNUMBER(C76),YEAR(C76),"") | C76: =C75+1 | D76: 0.796 | F76: 1.423 | I76: 0.605 | K76: 0.756 | M76: =IFERROR(AVERAGE(D76:E76),"") | N76: =IFERROR(AVERAGE(F76:H76),"") | O76: =IFERROR(AVERAGE(I76:J76),"") | P76: =IFERROR(AVERAGE(K76:L76),"") | R76: =AVERAGE(M76:N76)
A77: =IF(ISNUMBER(C77),MONTH(C77),"") | B77: =IF(ISNUMBER(C77),YEAR(C77),"") | C77: =C76+1 | E77: 0.569 | G77: 1.86 | J77: 0.229 | L77: 0.386 | M77: =IFERROR(AVERAGE(D77:E77),"") | N77: =IFERROR(AVERAGE(F77:H77),"") | O77: =IFERROR(AVERAGE(I77:J77),"") | P77: =IFERROR(AVERAGE(K77:L77),"") | R77: =AVERAGE(M77:N77)
A78: =IF(ISNUMBER(C78),MONTH(C78),"") | B78: =IF(ISNUMBER(C78),YEAR(C78),"") | C78: =C77+1 | D78: 0.8095 | H78: 0.579 | I78: 0.3755 | K78: 0.4714 | M78: =IFERROR(AVERAGE(D78:E78),"") | N78: =IFERROR(AVERAGE(F78:H78),"") | O78: =IFERROR(AVERAGE(I78:J78),"") | P78: =IFERROR(AVERAGE(K78:L78),"") | R78: =AVERAGE(M78:N78)
A79: =IF(ISNUMBER(C79),MONTH(C79),"") | B79: =IF(ISNUMBER(C79),YEAR(C79),"") | C79: =C78+1 | E79: 0.554 | G79: 0.885 | J79: 0.371 | L79: 0.564 | M79: =IFERROR(AVERAGE(D79:E79),"") | N79: =IFERROR(AVERAGE(F79:H79),"") | O79: =IFERROR(AVERAGE(I79:J79),"") | P79: =IFERROR(AVERAGE(K79:L79),"") | R79: =AVERAGE(M79:N79) | S79: =AVERAGE(L75:O79)
A80: =IF(ISNUMBER(C80),MONTH(C80),"") | B80: =IF(ISNUMBER(C80),YEAR(C80),"") | C80: =C79+1 | D80: 0.3795 | F80: 0.3994 | H80: 0.3638 | I80: 0.1757 | K80: 0.2582 | M80: =IFERROR(AVERAGE(D80:E80),"") | N80: =IFERROR(AVERAGE(F80:H80),"") | O80: =IFERROR(AVERAGE(I80:J80),"") | P80: =IFERROR(AVERAGE(K80:L80),"") | Q80: =AVERAGE(M80:N80)
A81: =IF(ISNUMBER(C81),MONTH(C81),"") | B81: =IF(ISNUMBER(C81),YEAR(C81),"") | C81: =C80+1 | E81: 0.465 | G81: 0.57 | J81: 0.3633 | L81: 0.474 | M81: =IFERROR(AVERAGE(D81:E81),"") | N81: =IFERROR(AVERAGE(F81:H81),"") | O81: =IFERROR(AVERAGE(I81:J81),"") | P81: =IFERROR(AVERAGE(K81:L81),"") | Q81: =AVERAGE(M81:N81) | S81: =AVERAGE(L80:O81)
A82: =IF(ISNUMBER(C82),MONTH(C82),"") | B82: =IF(ISNUMBER(C82),YEAR(C82),"") | C82: =C81+1 | D82: 0.7567 | F82: 0.9108 | I82: 0.7075 | K82: 0.791 | M82: =IFERROR(AVERAGE(D82:E82),"") | N82: =IFERROR(AVERAGE(F82:H82),"") | O82: =IFERROR(AVERAGE(I82:J82),"") | P82: =IFERROR(AVERAGE(K82:L82),"") | R82: =AVERAGE(M82:N82)
A83: =IF(ISNUMBER(C83),MONTH(C83),"") | B83: =IF(ISNUMBER(C83),YEAR(C83),"") | C83: =C82+1 | E83: 1.19 | G83: 1.473 | J83: 1.005 | L83: 1.155 | M83: =IFERROR(AVERAGE(D83:E83),"") | N83: =IFERROR(AVERAGE(F83:H83),"") | O83: =IFERROR(AVERAGE(I83:J83),"") | P83: =IFERROR(AVERAGE(K83:L83),"") | R83: =AVERAGE(M83:N83)
A84: =IF(ISNUMBER(C84),MONTH(C84),"") | B84: =IF(ISNUMBER(C84),YEAR(C84),"") | C84: =C83+1 | D84: 1.294 | H84: 1.076 | I84: 1 | K84: 1.365 | M84: =IFERROR(AVERAGE(D84:E84),"") | N84: =IFERROR(AVERAGE(F84:H84),"") | O84: =IFERROR(AVERAGE(I84:J84),"") | P84: =IFERROR(AVERAGE(K84:L84),"") | R84: =AVERAGE(M84:N84)
A85: =IF(ISNUMBER(C85),MONTH(C85),"") | B85: =IF(ISNUMBER(C85),YEAR(C85),"") | C85: =C84+1 | E85: 0.7672 | G85: 0.7427 | J85: 0.5275 | L85: 0.6462 | M85: =IFERROR(AVERAGE(D85:E85),"") | N85: =IFERROR(AVERAGE(F85:H85),"") | O85: =IFERROR(AVERAGE(I85:J85),"") | P85: =IFERROR(AVERAGE(K85:L85),"") | R85: =AVERAGE(M85:N85)
A86: =IF(ISNUMBER(C86),MONTH(C86),"") | B86: =IF(ISNUMBER(C86),YEAR(C86),"") | C86: =C85+1 | D86: 0.5727 | F86: 0.4062 | H86: 0.4038 | I86: 0.3485 | K86: 0.4725 | M86: =IFERROR(AVERAGE(D86:E86),"") | N86: =IFERROR(AVERAGE(F86:H86),"") | O86: =IFERROR(AVERAGE(I86:J86),"") | P86: =IFERROR(AVERAGE(K86:L86),"") | R86: =AVERAGE(M86:N86) | S86: =AVERAGE(L82:O86)
A87: =IF(ISNUMBER(C87),MONTH(C87),"") | B87: =IF(ISNUMBER(C87),YEAR(C87),"") | C87: =C86+1 | E87: 0.2857 | G87: 0.3857 | J87: 0.2901 | L87: 0.3019 | M87: =IFERROR(AVERAGE(D87:E87),"") | N87: =IFERROR(AVERAGE(F87:H87),"") | O87: =IFERROR(AVERAGE(I87:J87),"") | P87: =IFERROR(AVERAGE(K87:L87),"") | Q87: =AVERAGE(M87:N87)
A88: =IF(ISNUMBER(C88),MONTH(C88),"") | B88: =IF(ISNUMBER(C88),YEAR(C88),"") | C88: =C87+1 | D88: 0.472 | F88: 0.298 | I88: 0.222 | K88: 0.323 | M88: =IFERROR(AVERAGE(D88:E88),"") | N88: =IFERROR(AVERAGE(F88:H88),"") | O88: =IFERROR(AVERAGE(I88:J88),"") | P88: =IFERROR(AVERAGE(K88:L88),"") | Q88: =AVERAGE(M88:N88) | S88: =AVERAGE(L87:O88)
A89: =IF(ISNUMBER(C89),MONTH(C89),"") | B89: =IF(ISNUMBER(C89),YEAR(C89),"") | C89: =C88+1 | E89: 0.7848 | G89: 0.6868 | J89: 0.6382 | L89: 0.8636 | M89: =IFERROR(AVERAGE(D89:E89),"") | N89: =IFERROR(AVERAGE(F89:H89),"") | O89: =IFERROR(AVERAGE(I89:J89),"") | P89: =IFERROR(AVERAGE(K89:L89),"") | R89: =AVERAGE(M89:N89)
A90: =IF(ISNUMBER(C90),MONTH(C90),"") | B90: =IF(ISNUMBER(C90),YEAR(C90),"") | C90: =C89+1 | D90: 1.258 | H90: 1.196 | I90: 1.038 | K90: 1.044 | M90: =IFERROR(AVERAGE(D90:E90),"") | N90: =IFERROR(AVERAGE(F90:H90),"") | O90: =IFERROR(AVERAGE(I90:J90),"") | P90: =IFERROR(AVERAGE(K90:L90),"") | R90: =AVERAGE(M90:N90)
A91: =IF(ISNUMBER(C91),MONTH(C91),"") | B91: =IF(ISNUMBER(C91),YEAR(C91),"") | C91: =C90+1 | E91: 1.295 | G91: 1.77 | J91: 1.114 | L91: 1.137 | M91: =IFERROR(AVERAGE(D91:E91),"") | N91: =IFERROR(AVERAGE(F91:H91),"") | O91: =IFERROR(AVERAGE(I91:J91),"") | P91: =IFERROR(AVERAGE(K91:L91),"") | R91: =AVERAGE(M91:N91)
A92: =IF(ISNUMBER(C92),MONTH(C92),"") | B92: =IF(ISNUMBER(C92),YEAR(C92),"") | C92: =C91+1 | D92: 1.342 | F92: 1.331 | H92: 1.298 | I92: 1.256 | K92: 1.322 | M92: =IFERROR(AVERAGE(D92:E92),"") | N92: =IFERROR(AVERAGE(F92:H92),"") | O92: =IFERROR(AVERAGE(I92:J92),"") | P92: =IFERROR(AVERAGE(K92:L92),"") | R92: =AVERAGE(M92:N92) | U92: March | V92: 2018
A93: =IF(ISNUMBER(C93),MONTH(C93),"") | B93: =IF(ISNUMBER(C93),YEAR(C93),"") | C93: =C92+1 | E93: 1.474 | G93: 1.428 | J93: 1.278 | L93: 1.488 | M93: =IFERROR(AVERAGE(D93:E93),"") | N93: =IFERROR(AVERAGE(F93:H93),"") | O93: =IFERROR(AVERAGE(I93:J93),"") | P93: =IFERROR(AVERAGE(K93:L93),"") | R93: =AVERAGE(M93:N93) | S93: =AVERAGE(L89:O93) | U93: Parameter | V93: Station 1 | W93: Station 2 | X93: Station 4 | Y93: Station 5
A94: =IF(ISNUMBER(C94),MONTH(C94),"") | B94: =IF(ISNUMBER(C94),YEAR(C94),"") | C94: =C93+1 | D94: 1.17 | F94: 1.244 | I94: 0.9091 | K94: 1.057 | M94: =IFERROR(AVERAGE(D94:E94),"") | N94: =IFERROR(AVERAGE(F94:H94),"") | O94: =IFERROR(AVERAGE(I94:J94),"") | P94: =IFERROR(AVERAGE(K94:L94),"") | Q94: =AVERAGE(M94:N94) | U94: Average | V94: =AVERAGE(D64:E94) | W94: =AVERAGE(F64:H94) | X94: =AVERAGE(I64:J94) | Y94: =AVERAGE(K64:L94)
A95: =IF(ISNUMBER(C95),MONTH(C95),"") | B95: =IF(ISNUMBER(C95),YEAR(C95),"") | C95: =C94+1 | E95: 0.7121 | G95: 0.5484 | J95: 0.4357 | L95: 0.5458 | M95: =IFERROR(AVERAGE(D95:E95),"") | N95: =IFERROR(AVERAGE(F95:H95),"") | O95: =IFERROR(AVERAGE(I95:J95),"") | P95: =IFERROR(AVERAGE(K95:L95),"") | Q95: =AVERAGE(M95:N95) | S95: =AVERAGE(L94:O95) | U95: Maximum | V95: =MAX(D64:E94) | W95: =MAX(F64:H94) | X95: =MAX(I64:J94) | Y95: =MAX(K64:L94)
A96: =IF(ISNUMBER(C96),MONTH(C96),"") | B96: =IF(ISNUMBER(C96),YEAR(C96),"") | C96: =C95+1 | D96: 0.9691 | H96: 0.8185 | I96: 0.6544 | K96: 0.6834 | M96: =IFERROR(AVERAGE(D96:E96),"") | N96: =IFERROR(AVERAGE(F96:H96),"") | O96: =IFERROR(AVERAGE(I96:J96),"") | P96: =IFERROR(AVERAGE(K96:L96),"") | R96: =AVERAGE(M96:N96) | U96: # DAYS > 2.5 | V96: =COUNTIF(D64:E94,">=2.5") | W96: =COUNTIF(F64:G94,">=2.5") | X96: =COUNTIF(I64:J94,">=2.5") | Y96: =COUNTIF(I64:J94,">=2.5")
A97: =IF(ISNUMBER(C97),MONTH(C97),"") | B97: =IF(ISNUMBER(C97),YEAR(C97),"") | C97: =C96+1 | E97: 0.88 | G97: 1.012 | J97: 0.9429 | L97: 0.9467 | M97: =IFERROR(AVERAGE(D97:E97),"") | N97: =IFERROR(AVERAGE(F97:H97),"") | O97: =IFERROR(AVERAGE(I97:J97),"") | P97: =IFERROR(AVERAGE(K97:L97),"") | R97: =AVERAGE(M97:N97) | Y97: =AVERAGE(V94:Y94)
A98: =IF(ISNUMBER(C98),MONTH(C98),"") | B98: =IF(ISNUMBER(C98),YEAR(C98),"") | C98: =C97+1 | D98: 1.45 | F98: 1.291 | H98: 1.244 | I98: 1.144 | K98: 1.357 | M98: =IFERROR(AVERAGE(D98:E98),"") | N98: =IFERROR(AVERAGE(F98:H98),"") | O98: =IFERROR(AVERAGE(I98:J98),"") | P98: =IFERROR(AVERAGE(K98:L98),"") | R98: =AVERAGE(M98:N98)
A99: =IF(ISNUMBER(C99),MONTH(C99),"") | B99: =IF(ISNUMBER(C99),YEAR(C99),"") | C99: =C98+1 | E99: 1.138 | G99: 1.036 | J99: 0.83 | L99: 0.9701 | M99: =IFERROR(AVERAGE(D99:E99),"") | N99: =IFERROR(AVERAGE(F99:H99),"") | O99: =IFERROR(AVERAGE(I99:J99),"") | P99: =IFERROR(AVERAGE(K99:L99),"") | R99: =AVERAGE(M99:N99)
A100: =IF(ISNUMBER(C100),MONTH(C100),"") | B100: =IF(ISNUMBER(C100),YEAR(C100),"") | C100: =C99+1 | D100: 0.974 | F100: 0.828 | I100: 0.731 | K100: 0.828 | M100: =IFERROR(AVERAGE(D100:E100),"") | N100: =IFERROR(AVERAGE(F100:H100),"") | O100: =IFERROR(AVERAGE(I100:J100),"") | P100: =IFERROR(AVERAGE(K100:L100),"") | R100: =AVERAGE(M100:N100) | S100: =AVERAGE(L96:O100)
...

Sheet TSP (6 day)
A1: City of Industry Plant - Ambient TSP
A2: (units=ng/m3)
A3: Monitoring | B3: Station 1 | C3: Station 2 | E3: Station 4 | F3: Station 5 | H3: Station 1 | I3: Station 2 | K3: Station 4 | L3: Station 5 | N3: Parameter | O3: Station 1 | P3: Station 2 | Q3: Station 4 | R3: Station 5 | S3: ALL Stations
A4: Dates | B4: 1A | C4: 2A | D4: 2D | E4: 4A | F4: 5A | H4: 1A | I4: 2A | J4: 2D | K4: 4A | L4: 5A | N4: Maximum | O4: =MAX(B$5:B$369) | P4: =MAX(C$5:D$369) | Q4: =MAX(E$5:E$369) | R4: =MAX(F$5:F$369) | S4: =MAX(B5:F369)
A5: 44202 | B5: 84.2 | C5: 72.9 | D5: 74.2 | E5: 92.3 | F5: 88.2 | H5: 3.899 | I5: 1.458 | J5: 1.391 | K5: 1.359 | L5: 1.59 | N5: 95th Percentile | O5: =PERCENTILE(B$5:B$369,0.95) | P5: =PERCENTILE(C$5:D$369,0.95) | Q5: =PERCENTILE(E$5:E$369,0.95) | R5: =PERCENTILE(F$5:F$369,0.95) | S5: =PERCENTILE(B5:F369,0.95)
A6: =6+A5 | B6: 86.5 | C6: 67.9 | D6: 65.9 | E6: 84.7 | F6: 88.4 | H6: 4.894 | I6: 1.398 | J6: 1.299 | K6: 0.9815 | L6: 2.847 | N6: Average | O6: =AVERAGE(B$5:B$369) | P6: =AVERAGE(C$5:D$369) | Q6: =AVERAGE(E$5:E$369) | R6: =AVERAGE(F$5:F$369) | S6: =AVERAGE(B5:F369)
A7: =6+A6 | B7: 116 | C7: 81.5 | D7: 81.6 | E7: 97.5 | F7: 105 | H7: 1.359 | I7: 1.194 | J7: 1.114 | K7: 1.079 | L7: 1.184
A8: =6+A7 | B8: 18.6 | C8: 14.6 | D8: 14.1 | E8: 16.3 | F8: 21.7 | H8: 0.7404 | I8: 0.6872 | J8: 0.5894 | K8: 0.4981 | L8: 0.7475
A9: =6+A8 | B9: 32.7 | C9: 26.1 | D9: 25.7 | E9: 34.7 | F9: 36.6 | H9: 1.028 | I9: 0.6893 | J9: 0.5805 | K9: 0.4802 | L9: 0.6612
A10: =6+A9 | B10: 57.5 | C10: 54.4 | D10: 53.6 | E10: 67.4 | F10: 111 | H10: 1.295 | I10: 0.9888 | J10: 0.9244 | K10: 0.9779 | L10: 1.067
A11: =6+A10 | B11: 80.7 | C11: 77.7 | D11: 75.5 | E11: 98.9 | F11: 91 | H11: 2.609 | I11: 1.512 | J11: 1.413 | K11: 1.498 | L11: 1.496
A12: =6+A11 | B12: 66 | C12: 64.2 | D12: 63.5 | E12: 77.9 | F12: 71.3 | H12: 0.9522 | I12: 0.8683 | J12: 0.8683 | K12: 0.9903 | L12: 1.092
A13: =6+A12 | B13: 81.1 | C13: 65.6 | D13: 64.1 | E13: 80.5 | F13: 82.3 | H13: 1.333 | I13: 1.123 | J13: 1.088 | K13: 1.267 | L13: 1.345
A14: =6+A13 | B14: 76.7 | C14: 69.2 | D14: 68 | E14: 73.5 | F14: 83.3 | H14: 1.003 | I14: 1.105 | J14: 0.9277 | K14: 0.7272 | L14: 1.11
A15: =6+A14 | B15: 27.2 | C15: 24.3 | D15: 24.9 | E15: 28.9 | F15: 34.8 | H15: 0.4182 | I15: 0.3983 | J15: 0.2979 | K15: 0.3663 | L15: 0.4626
A16: =6+A15 | B16: 39.2 | C16: 27.9 | D16: 28.3 | E16: 33.9 | F16: 32.8 | H16: 0.5089 | I16: 0.5331 | J16: 0.4266 | K16: 0.4036 | L16: 0.5768
A17: =6+A16 | B17: 46.7 | C17: 43.6 | D17: 44.8 | E17: 59.8 | F17: 66.4 | H17: 1.129 | I17: 0.7646 | J17: 0.7807 | K17: 0.7387 | L17: 0.8042
A18: =6+A17 | B18: 50.7 | C18: 49.1 | D18: 46.1 | E18: 55.8 | F18: 54 | H18: 0.6806 | I18: 0.6407 | J18: 0.5799 | K18: 0.6186 | L18: 0.7985
... A54: =6+A53 | B54: 59 | C54: 46.1 | D54: 50.5 | E54: 67.1 | F54: 63.5 | H54: 3.838 | I54: 1.29 | J54: 1.329 | K54: 1.109 | L54: 1.455
A55: =6+A54 | B55: 58.4 | C55: 55.4 | D55: 57.6 | E55: 76.2 | F55: 81.3
A56: =6+A55 | B56: 67.3 | C56: 65.1 | D56: 66.9 | E56: 82.5 | F56: 81.1
A57: =6+A56 | B57: 49.3 | C57: 45.1 | D57: 46.5 | E57: 57.4 | F57: 54
A58: =6+A57 | B58: 103 | C58: 97.1 | D58: 98.3 | E58: 101 | F58: 112
A59: =6+A58 | B59: 70.9 | C59: 66.9 | D59: 67.3 | E59: 76.7 | F59: 76.8
A60: =6+A59 | B60: 77.9 | C60: 75.5 | D60: 76.9 | E60: 93.6 | F60: 102
A61: =6+A60 | B61: 72.2 | C61: 62.5 | D61: 64.1 | E61: 6.01 | F61: 81.6
A62: =6+A61 | B62: 16.1 | C62: 12.1 | D62: 13.5 | E62: 18.7 | F62: 32.9
A63: =6+A62 | B63: 92.3 | C63: 81 | D63: 82.7 | E63: 106 | F63: 97.4
A64: =6+A63 | B64: 17.6 | C64: 16.4 | D64: 16.1 | E64: 21 | F64: 23
A65: =6+A64 | B65: 33.3 | C65: 28.6 | D65: 30.7 | E65: 30.9 | F65: 35.9 | H65: 0.757 | I65: 0.707 | J65: 0.7523 | K65: 0.59 | L65: 0.721
A66: =6+A65 | B66: 57.7 | C66: 54.7 | D66: 56.3 | E66: 75.1 | F66: 64.9 | H66: 2.312 | I66: 1.014 | J66: 1.019 | K66: 1.071 | L66: 1.016
A67: =6+A66 | B67: 108 | C67: 96.2 | D67: 95.1 | E67: 113 | F67: 120 | H67: 5.345 | I67: 1.882 | J67: 1.817 | K67: 1.567 | L67: 2.058
A68: =6+A67 | B68: 61.8 | C68: 61.9 | D68: 62.8 | E68: 104 | F68: 99.7 | H68: 2.427 | I68: 0.995 | J68: 1.05 | K68: 1.017 | L68: 1.167
A69: =6+A68 | B69: 180 | C69: 65 | D69: 63.4 | E69: 84.9 | F69: 78.2 | H69: 1.49 | I69: 0.886 | J69: 0.912 | K69: 0.98 | L69: 1.198
A70: =6+A69 | B70: 80.5 | C70: 73.1 | D70: 75 | E70: 99.5 | F70: 86.9 | H70: 2.359 | I70: 1.179 | J70: 1.079 | K70: 1.209 | L70: 1.246
A71: =6+A70 | B71: 47 | C71: 33.1 | D71: 39.5 | E71: 40.5 | F71: 48.4 | H71: 0.878 | I71: 0.686 | J71: 0.713 | K71: 0.644 | L71: 1.006
A72: =6+A71 | B72: 63.4 | C72: 52 | D72: 50 | E72: 58.4 | F72: 58.8 | H72: 0.969 | I72: 0.813 | J72: 0.87 | K72: 0.857 | L72: 0.917
A73: =6+A72 | B73: 59.4 | C73: 52.5 | D73: 54.6 | E73: 63.4 | F73: 69.8 | H73: 2.388 | I73: 0.997 | J73: 1.049 | K73: 0.826 | L73: 1.125
A74: =6+A73 | B74: 38.8 | C74: 39.5 | D74: 39.8 | E74: 51 | F74: 55.1 | H74: 0.932 | I74: 1.148 | J74: 1.183 | K74: 0.808 | L74: 0.871
A75: =6+A74 | B75: 68.5 | C75: 77.6 | D75: 77.6 | E75: 90 | F75: 85.4 | H75: 2.562 | I75: 1.596 | J75: 1.558 | K75: 1.056 | L75: 1.418
A76: =6+A75 | B76: 57 | C76: 51.9 | D76: 53.2 | E76: 67.8 | F76: 71.8 | H76: 2.566 | I76: 1.149 | J76: 1.158 | K76: 0.924 | L76: 1.148
... A79: =6+A78 | B79: 55 | C79: 53.1 | D79: 54.9 | E79: 60.3 | F79: 64.2 | H79: 0.959 | I79: 0.769 | J79: 0.785 | K79: 0.777 | L79: 0.975
A80: =6+A79
A81: =6+A80
A82: =6+A81
A83: =6+A82
A84: =6+A83
A85: =6+A84
A86: =6+A85
A87: =6+A86
A88: =6+A87
A89: =6+A88
A90: =6+A89
A91: =6+A90
... A120: =6+A119
A121: =6+A120 | B121: 40.1 | C121: 35 | D121: 34.4 | E121: 42.7 | F121: 42.5
A122: =6+A121 | B122: 61.6 | C122: 53.3 | D122: 48.9 | E122: 64.4 | F122: 62.4
A123: =6+A122 | B123: 65.4 | C123: 73 | D123: 63.6 | E123: 90.7 | F123: 83.3
A124: =6+A123 | B124: 85.4 | C124: 68.5 | D124: 68.4 | E124: 114 | F124: 87.3
A125: =6+A124 | B125: 63.1 | C125: 59.1 | D125: 61.4 | E125: 80.4 | F125: 74.2
A126: =6+A125 | B126: 31.7 | C126: 27.4 | D126: 29 | E126: 38.1 | F126: 32.8
A127: =6+A126 | B127: 50 | C127: 44.3 | D127: 46.1 | E127: 59.6 | F127: 59.3
A128: =6+A127 | B128: 39 | C128: 34.9 | D128: 36 | E128: 53.3 | F128: 39.2
A129: =6+A128 | B129: 79 | C129: 41.1 | D129: 40.4 | E129: 75.2 | F129: 55.9
A130: =6+A129 | B130: 120 | C130: 116 | D130: 116 | E130: 174 | F130: 145
A131: =6+A130 | B131: 64.7 | C131: 53.2 | D131: 53.8 | E131: 89 | F131: 74.7
A132: =6+A131 | B132: 51 | C132: 53.2 | D132: 56.3 | E132: 76.3 | F132: 71.1
... A145: =6+A144 | B145: 79.8 | C145: 75.9 | D145: 76.7 | E145: 107 | F145: 95.1
A146: =6+A145 | B146: 26.2 | D146: 82.6 | E146: 57.8 | F146: 38.8
A147: =6+A146 | B147: 36 | C147: 35.6 | D147: 20.3 | E147: 68.5 | F147: 47.2
A148: =6+A147 | B148: 40.3 | C148: 38.5 | D148: 56.9 | E148: 43.7 | F148: 43.1
A149: =6+A148 | B149: 53.1 | C149: 49.1 | D149: 52.1 | E149: 68.6 | F149: 60.3
A150: =6+A149 | B150: 45.9 | C150: 31.7 | D150: 29.2 | E150: 57.6 | F150: 45
A151: =6+A150 | B151: 51.6 | C151: 44.6 | D151: 44 | E151: 69 | F151: 59.4
A152: =6+A151 | B152: 29.6 | C152: 28 | D152: 27.7 | E152: 46.7 | F152: 42.6
A153: =6+A152 | B153: 37.6 | C153: 37.9 | D153: 33.9 | E153: 55.9 | F153: 56.4
A154: =6+A153 | B154: 36.3 | C154: 199 | D154: 30.9 | E154: 55.6 | F154: 41.2
A155: =6+A154 | B155: 36.5 | C155: 33.9 | D155: 34.5 | E155: 40.2 | F155: 42.4
A156: =6+A155 | B156: 54.6 | C156: 54 | D156: 55.6 | E156: 70.7 | F156: 64.5
A157: =6+A156 | B157: 58.6 | C157: 54.2 | D157: 53.9 | E157: 67.5 | F157: 107
A158: =6+A157 | B158: 58.2 | C158: 55 | D158: 55.8 | E158: 76.4 | F158: 83.6
... A204: =6+A203 | B204: 14.1 | C204: 12 | D204: 12.7 | E204: 19.1 | F204: 18.2
A205: =6+A204 | B205: 35.1 | C205: 34.2 | E205: 73.7 | F205: 59
A206: =6+A205 | B206: 57.6 | C206: 55.7 | D206: 55.9 | E206: 102 | F206: 68
A207: =6+A206 | B207: 62 | C207: 57.9 | D207: 60 | E207: 95.8 | F207: 72.3
A208: =6+A207 | B208: 55 | C208: 49.7 | D208: 54.2 | E208: 80.3 | F208: 66.2
A209: =6+A208 | B209: 43.5 | C209: 2.69 | D209: 41.6 | E209: 73.4 | F209: 52.8
A210: =6+A209 | B210: 38.1 | C210: 34.7 | D210: 35.5 | E210: 55.1 | F210: 50.5
A211: =6+A210 | B211: 21.4 | C211: 29.1 | D211: 33.4 | E211: 31.8 | F211: 46.6
A212: =6+A211 | B212: 38.1 | C212: 35.8 | D212: 29.3 | E212: 46 | F212: 46.4
A213: =6+A212 | B213: 32.7 | C213: 30.9 | D213: 32.1 | E213: 60.5 | F213: 41.8
A214: =6+A213 | B214: 51.8 | C214: 48.8 | D214: 47.7 | E214: 90.4 | F214: 67.3
A215: =6+A214 | B215: 89.2 | C215: 84.1 | D215: 86.6 | E215: 125 | F215: 99.6
A216: =6+A215 | B216: 66.3 | C216: 63.1 | D216: 62.7 | E216: 112 | F216: 78.2
A217: =6+A216 | B217: 55.7 | C217: 58 | D217: 74.5 | E217: 91.9 | F217: 61.4
... A247: =6+A246 | B247: 76.4 | C247: 68.1 | D247: 69.8 | E247: 79.8 | F247: 83.8
A248: =6+A247 | B248: 97.1 | C248: 89.3 | D248: 86.9 | E248: 121 | F248: 117 | G248: =TEXT(WEEKDAY(A248),"dddd")
A249: =6+A248 | B249: 202 | C249: 187 | D249: 189 | E249: 228 | F249: 224 | G249: =TEXT(WEEKDAY(A249),"dddd")
A250: =6+A249 | B250: 107 | C250: 104 | D250: 103 | E250: 125 | F250: 119 | G250: =TEXT(WEEKDAY(A250),"dddd")
A251: =6+A250 | B251: 133 | C251: 113 | D251: 120 | E251: 159 | F251: 163 | G251: =TEXT(WEEKDAY(A251),"dddd")
...

Sheet Sheet1
B2: Ambient Lead | G2: Ambient Arsenic
B3: Pb = | C3: 0.05 | G3: As = | H3: 2
B4: Station #1 | C4: Station #2 | D4: Station #4 | E4: Station #5 | F4: ALL | G4: Station #1 | H4: Station #2 | I4: Station #4 | J4: Station #5 | K4: ALL
A5: 44927 | B5: =COUNTIF('Lead (30-Day_Avg)'!Q1831:Q1861,">="&$C$3) | C5: =COUNTIF('Lead (30-Day_Avg)'!R1831:R1861,">="&$C$3) | D5: =COUNTIF('Lead (30-Day_Avg)'!S1831:S1861,">="&$C$3) | E5: =COUNTIF('Lead (30-Day_Avg)'!T1831:T1861,">="&$C$3) | F5: =SUM(B5:E5) | G5: =COUNTIF('Arsenic (Daily)'!M1831:M1861,">="&$H$3) | H5: =COUNTIF('Arsenic (Daily)'!N1831:N1861,">="&$H$3) | I5: =COUNTIF('Arsenic (Daily)'!O1831:O1861,">="&$H$3) | J5: =COUNTIF('Arsenic (Daily)'!P1831:P1861,">="&$H$3) | K5: =SUM(G5:J5)
A6: 44958 | B6: =COUNTIF('Lead (30-Day_Avg)'!Q1862:Q1889,">="&$C$3) | C6: =COUNTIF('Lead (30-Day_Avg)'!R1862:R1889,">="&$C$3) | D6: =COUNTIF('Lead (30-Day_Avg)'!S1862:S1889,">="&$C$3) | E6: =COUNTIF('Lead (30-Day_Avg)'!T1862:T1889,">="&$C$3) | F6: =SUM(B6:E6) | G6: =COUNTIF('Arsenic (Daily)'!M1862:M1889,">="&$H$3) | H6: =COUNTIF('Arsenic (Daily)'!N1862:N1889,">="&$H$3) | I6: =COUNTIF('Arsenic (Daily)'!O1862:O1889,">="&$H$3) | J6: =COUNTIF('Arsenic (Daily)'!P1862:P1889,">="&$H$3) | K6: =SUM(G6:J6)
A7: 44986 | B7: =COUNTIF('Lead (30-Day_Avg)'!Q1890:Q1920,">="&$C$3) | C7: =COUNTIF('Lead (30-Day_Avg)'!R1890:R1920,">="&$C$3) | D7: =COUNTIF('Lead (30-Day_Avg)'!S1890:S1920,">="&$C$3) | E7: =COUNTIF('Lead (30-Day_Avg)'!T1890:T1920,">="&$C$3) | F7: =SUM(B7:E7) | G7: =COUNTIF('Arsenic (Daily)'!M1890:M1920,">="&$H$3) | H7: =COUNTIF('Arsenic (Daily)'!N1890:N1920,">="&$H$3) | I7: =COUNTIF('Arsenic (Daily)'!O1890:O1920,">="&$H$3) | J7: =COUNTIF('Arsenic (Daily)'!P1890:P1920,">="&$H$3) | K7: =SUM(G7:J7)
A8: 45017 | B8: =COUNTIF('Lead (30-Day_Avg)'!Q1921:Q1950,">="&$C$3) | C8: =COUNTIF('Lead (30-Day_Avg)'!R1921:R1950,">="&$C$3) | D8: =COUNTIF('Lead (30-Day_Avg)'!S1921:S1950,">="&$C$3) | E8: =COUNTIF('Lead (30-Day_Avg)'!T1921:T1950,">="&$C$3) | F8: =SUM(B8:E8) | G8: =COUNTIF('Arsenic (Daily)'!M1921:M1950,">="&$H$3) | H8: =COUNTIF('Arsenic (Daily)'!N1921:N1950,">="&$H$3) | I8: =COUNTIF('Arsenic (Daily)'!O1921:O1950,">="&$H$3) | J8: =COUNTIF('Arsenic (Daily)'!P1921:P1950,">="&$H$3) | K8: =SUM(G8:J8)
A9: 45047 | B9: =COUNTIF('Lead (30-Day_Avg)'!Q1951:Q1981,">="&$C$3) | C9: =COUNTIF('Lead (30-Day_Avg)'!R1951:R1981,">="&$C$3) | D9: =COUNTIF('Lead (30-Day_Avg)'!S1951:S1981,">="&$C$3) | E9: =COUNTIF('Lead (30-Day_Avg)'!T1951:T1981,">="&$C$3) | F9: =SUM(B9:E9) | G9: =COUNTIF('Arsenic (Daily)'!M1951:M1981,">="&$H$3) | H9: =COUNTIF('Arsenic (Daily)'!N1951:N1981,">="&$H$3) | I9: =COUNTIF('Arsenic (Daily)'!O1951:O1981,">="&$H$3) | J9: =COUNTIF('Arsenic (Daily)'!P1951:P1981,">="&$H$3) | K9: =SUM(G9:J9)
A10: 45078 | B10: =COUNTIF('Lead (30-Day_Avg)'!Q1982:Q2011,">="&$C$3) | C10: =COUNTIF('Lead (30-Day_Avg)'!R1982:R2011,">="&$C$3) | D10: =COUNTIF('Lead (30-Day_Avg)'!S1982:S2011,">="&$C$3) | E10: =COUNTIF('Lead (30-Day_Avg)'!T1982:T2011,">="&$C$3) | F10: =SUM(B10:E10) | G10: =COUNTIF('Arsenic (Daily)'!M1982:M2011,">="&$H$3) | H10: =COUNTIF('Arsenic (Daily)'!N1982:N2011,">="&$H$3) | I10: =COUNTIF('Arsenic (Daily)'!O1982:O2011,">="&$H$3) | J10: =COUNTIF('Arsenic (Daily)'!P1982:P2011,">="&$H$3) | K10: =SUM(G10:J10)
A11: 45108 | B11: =COUNTIF('Lead (30-Day_Avg)'!Q2012:Q2042,">="&$C$3) | C11: =COUNTIF('Lead (30-Day_Avg)'!R2012:R2042,">="&$C$3) | D11: =COUNTIF('Lead (30-Day_Avg)'!S2012:S2042,">="&$C$3) | E11: =COUNTIF('Lead (30-Day_Avg)'!T2012:T2042,">="&$C$3) | F11: =SUM(B11:E11) | G11: =COUNTIF('Arsenic (Daily)'!M2012:M2042,">="&$H$3) | H11: =COUNTIF('Arsenic (Daily)'!N2012:N2042,">="&$H$3) | I11: =COUNTIF('Arsenic (Daily)'!O2012:O2042,">="&$H$3) | J11: =COUNTIF('Arsenic (Daily)'!P2012:P2042,">="&$H$3) | K11: =SUM(G11:J11)
A12: 45139 | B12: =COUNTIF('Lead (30-Day_Avg)'!Q2043:Q2073,">="&$C$3) | C12: =COUNTIF('Lead (30-Day_Avg)'!R2043:R2073,">="&$C$3) | D12: =COUNTIF('Lead (30-Day_Avg)'!S2043:S2073,">="&$C$3) | E12: =COUNTIF('Lead (30-Day_Avg)'!T2043:T2073,">="&$C$3) | F12: =SUM(B12:E12) | G12: =COUNTIF('Arsenic (Daily)'!M2043:M2073,">="&$H$3) | H12: =COUNTIF('Arsenic (Daily)'!N2043:N2073,">="&$H$3) | I12: =COUNTIF('Arsenic (Daily)'!O2043:O2073,">="&$H$3) | J12: =COUNTIF('Arsenic (Daily)'!P2043:P2073,">="&$H$3) | K12: =SUM(G12:J12)
A13: 45170 | B13: =COUNTIF('Lead (30-Day_Avg)'!Q2074:Q2103,">="&$C$3) | C13: =COUNTIF('Lead (30-Day_Avg)'!R2074:R2103,">="&$C$3) | D13: =COUNTIF('Lead (30-Day_Avg)'!S2074:S2103,">="&$C$3) | E13: =COUNTIF('Lead (30-Day_Avg)'!T2074:T2103,">="&$C$3) | F13: =SUM(B13:E13) | G13: =COUNTIF('Arsenic (Daily)'!M2074:M2103,">="&$H$3) | H13: =COUNTIF('Arsenic (Daily)'!N2074:N2103,">="&$H$3) | I13: =COUNTIF('Arsenic (Daily)'!O2074:O2103,">="&$H$3) | J13: =COUNTIF('Arsenic (Daily)'!P2074:P2103,">="&$H$3) | K13: =SUM(G13:J13)
A14: 45200 | B14: =COUNTIF('Lead (30-Day_Avg)'!Q2104:Q2134,">="&$C$3) | C14: =COUNTIF('Lead (30-Day_Avg)'!R2104:R2134,">="&$C$3) | D14: =COUNTIF('Lead (30-Day_Avg)'!S2104:S2134,">="&$C$3) | E14: =COUNTIF('Lead (30-Day_Avg)'!T2104:T2134,">="&$C$3) | F14: =SUM(B14:E14) | G14: =COUNTIF('Arsenic (Daily)'!M2104:M2134,">="&$H$3) | H14: =COUNTIF('Arsenic (Daily)'!N2104:N2134,">="&$H$3) | I14: =COUNTIF('Arsenic (Daily)'!O2104:O2134,">="&$H$3) | J14: =COUNTIF('Arsenic (Daily)'!P2104:P2134,">="&$H$3) | K14: =SUM(G14:J14)
A15: 45231 | B15: =COUNTIF('Lead (30-Day_Avg)'!Q2135:Q2164,">="&$C$3) | C15: =COUNTIF('Lead (30-Day_Avg)'!R2135:R2164,">="&$C$3) | D15: =COUNTIF('Lead (30-Day_Avg)'!S2135:S2164,">="&$C$3) | E15: =COUNTIF('Lead (30-Day_Avg)'!T2135:T2164,">="&$C$3) | F15: =SUM(B15:E15) | G15: =COUNTIF('Arsenic (Daily)'!M2135:M2164,">="&$H$3) | H15: =COUNTIF('Arsenic (Daily)'!N2135:N2164,">="&$H$3) | I15: =COUNTIF('Arsenic (Daily)'!O2135:O2164,">="&$H$3) | J15: =COUNTIF('Arsenic (Daily)'!P2135:P2164,">="&$H$3) | K15: =SUM(G15:J15)
A16: 45261 | B16: =COUNTIF('Lead (30-Day_Avg)'!Q2165:Q2195,">="&$C$3) | C16: =COUNTIF('Lead (30-Day_Avg)'!R2165:R2195,">="&$C$3) | D16: =COUNTIF('Lead (30-Day_Avg)'!S2165:S2195,">="&$C$3) | E16: =COUNTIF('Lead (30-Day_Avg)'!T2165:T2195,">="&$C$3) | F16: =SUM(B16:E16) | G16: =COUNTIF('Arsenic (Daily)'!M2165:M2195,">="&$H$3) | H16: =COUNTIF('Arsenic (Daily)'!N2165:N2195,">="&$H$3) | I16: =COUNTIF('Arsenic (Daily)'!O2165:O2195,">="&$H$3) | J16: =COUNTIF('Arsenic (Daily)'!P2165:P2195,">="&$H$3) | K16: =SUM(G16:J16)
A17: 45292 | B17: =COUNTIF('Lead (30-Day_Avg)'!Q2196:Q2226,">="&$C$3) | C17: =COUNTIF('Lead (30-Day_Avg)'!R2196:R2226,">="&$C$3) | D17: =COUNTIF('Lead (30-Day_Avg)'!S2196:S2226,">="&$C$3) | E17: =COUNTIF('Lead (30-Day_Avg)'!T2196:T2226,">="&$C$3) | F17: =SUM(B17:E17) | G17: =COUNTIF('Arsenic (Daily)'!M2196:M2226,">="&$H$3) | H17: =COUNTIF('Arsenic (Daily)'!N2196:N2226,">="&$H$3) | I17: =COUNTIF('Arsenic (Daily)'!O2196:O2226,">="&$H$3) | J17: =COUNTIF('Arsenic (Daily)'!P2196:P2226,">="&$H$3) | K17: =SUM(G17:J17)
A18: 45323 | B18: =COUNTIF('Lead (30-Day_Avg)'!Q2227:Q2255,">="&$C$3) | C18: =COUNTIF('Lead (30-Day_Avg)'!R2227:R2255,">="&$C$3) | D18: =COUNTIF('Lead (30-Day_Avg)'!S2227:S2255,">="&$C$3) | E18: =COUNTIF('Lead (30-Day_Avg)'!T2227:T2255,">="&$C$3) | F18: =SUM(B18:E18) | G18: =COUNTIF('Arsenic (Daily)'!M2227:M2255,">="&$H$3) | H18: =COUNTIF('Arsenic (Daily)'!N2227:N2255,">="&$H$3) | I18: =COUNTIF('Arsenic (Daily)'!O2227:O2255,">="&$H$3) | J18: =COUNTIF('Arsenic (Daily)'!P2227:P2255,">="&$H$3) | K18: =SUM(G18:J18)
A19: 45352 | B19: =COUNTIF('Lead (30-Day_Avg)'!Q2256:Q2286,">="&$C$3) | C19: =COUNTIF('Lead (30-Day_Avg)'!R2256:R2286,">="&$C$3) | D19: =COUNTIF('Lead (30-Day_Avg)'!S2256:S2286,">="&$C$3) | E19: =COUNTIF('Lead (30-Day_Avg)'!T2256:T2286,">="&$C$3) | F19: =SUM(B19:E19) | G19: =COUNTIF('Arsenic (Daily)'!M2256:M2286,">="&$H$3) | H19: =COUNTIF('Arsenic (Daily)'!N2256:N2286,">="&$H$3) | I19: =COUNTIF('Arsenic (Daily)'!O2256:O2286,">="&$H$3) | J19: =COUNTIF('Arsenic (Daily)'!P2256:P2286,">="&$H$3) | K19: =SUM(G19:J19)
A20: 45383 | B20: =COUNTIF('Lead (30-Day_Avg)'!Q2287:Q2316,">="&$C$3) | C20: =COUNTIF('Lead (30-Day_Avg)'!R2287:R2316,">="&$C$3) | D20: =COUNTIF('Lead (30-Day_Avg)'!S2287:S2316,">="&$C$3) | E20: =COUNTIF('Lead (30-Day_Avg)'!T2287:T2316,">="&$C$3) | F20: =SUM(B20:E20) | G20: =COUNTIF('Arsenic (Daily)'!M2287:M2316,">="&$H$3) | H20: =COUNTIF('Arsenic (Daily)'!N2287:N2316,">="&$H$3) | I20: =COUNTIF('Arsenic (Daily)'!O2287:O2316,">="&$H$3) | J20: =COUNTIF('Arsenic (Daily)'!P2287:P2316,">="&$H$3) | K20: =SUM(G20:J20)
A21: 45413 | F21: =SUM(B21:E21) | K21: =SUM(G21:J21)
A22: 45444 | F22: =SUM(B22:E22) | K22: =SUM(G22:J22)
A23: 45474 | F23: =SUM(B23:E23) | K23: =SUM(G23:J23)
A24: 45505 | F24: =SUM(B24:E24) | K24: =SUM(G24:J24)
A25: 45536 | F25: =SUM(B25:E25) | K25: =SUM(G25:J25)
A26: 45566 | F26: =SUM(B26:E26) | K26: =SUM(G26:J26)
A27: 45597 | F27: =SUM(B27:E27) | K27: =SUM(G27:J27)
A28: 45627 | F28: =SUM(B28:E28) | K28: =SUM(G28:J28)

Sheet Summary of Monthly Averages
A1: Monthly Averages
B3: Lead | G3: Arsenic
A4: Month | B4: Monitor #1 | C4: Monitor #2 | D4: Monitor #4 | E4: Monitor #5 | G4: Monitor #1 | H4: Monitor #2 | I4: Monitor #4 | J4: Monitor #5
A5: 44197 | B5: ='Lead (30-Day_Avg)'!AA1131 | C5: ='Lead (30-Day_Avg)'!AB1131 | D5: ='Lead (30-Day_Avg)'!AC1131 | E5: ='Lead (30-Day_Avg)'!AD1131 | G5: ='Arsenic (Daily)'!V1131 | H5: ='Arsenic (Daily)'!W1131 | I5: ='Arsenic (Daily)'!X1131 | J5: ='Arsenic (Daily)'!Y1131 | L5: 0.015872258 | M5: 0.013442222 | N5: 0.016110645 | O5: 0.02379129 | Q5: 0.022306452 | R5: 0.028437838 | S5: 0.02438871 | T5: 0.032609677 | V5: 0.011676129 | W5: 0.014078889 | X5: 0.02013871 | Y5: 0.021626774
A6: 44228 | B6: ='Lead (30-Day_Avg)'!AA1160 | C6: ='Lead (30-Day_Avg)'!AB1160 | D6: ='Lead (30-Day_Avg)'!AC1160 | E6: ='Lead (30-Day_Avg)'!AD1160 | G6: ='Arsenic (Daily)'!V1159 | H6: ='Arsenic (Daily)'!W1159 | I6: ='Arsenic (Daily)'!X1159 | J6: ='Arsenic (Daily)'!Y1159 | L6: 0.024778571 | M6: 0.0243 | N6: 0.020097857 | O6: 0.034053571 | Q6: 0.021742857 | R6: 0.02184 | S6: 0.024484286 | T6: 0.030428571 | V6: 0.0149575 | W6: 0.019400303 | X6: 0.018483214 | Y6: 0.019890714
A7: 44256 | B7: ='Lead (30-Day_Avg)'!AA1190 | C7: ='Lead (30-Day_Avg)'!AB1190 | D7: ='Lead (30-Day_Avg)'!AC1190 | E7: ='Lead (30-Day_Avg)'!AD1190 | G7: ='Arsenic (Daily)'!V1190 | H7: ='Arsenic (Daily)'!W1190 | I7: ='Arsenic (Daily)'!X1190 | J7: ='Arsenic (Daily)'!Y1190 | L7: 0.021413226 | M7: 0.020284595 | N7: 0.015837742 | O7: 0.029819355 | Q7: 0.033496774 | R7: 0.039814167 | S7: 0.027242903 | T7: 0.043854839 | V7: 0.016371613 | W7: 0.021736111 | X7: 0.018420323 | Y7: 0.018745484
A8: 44287 | B8: ='Lead (30-Day_Avg)'!AA1220 | C8: ='Lead (30-Day_Avg)'!AB1220 | D8: ='Lead (30-Day_Avg)'!AC1220 | E8: ='Lead (30-Day_Avg)'!AD1220 | G8: ='Arsenic (Daily)'!V1221 | H8: ='Arsenic (Daily)'!W1221 | I8: ='Arsenic (Daily)'!X1221 | J8: ='Arsenic (Daily)'!Y1221 | L8: 0.027296 | M8: 0.019958857 | N8: 0.015501333 | O8: 0.03649 | Q8: 0.023407 | R8: 0.026082857 | S8: 0.018233 | T8: 0.027798 | V8: 0.02207 | W8: 0.024111765 | X8: 0.019343667 | Y8: 0.020136667
A9: 44317 | B9: ='Lead (30-Day_Avg)'!AA1251 | C9: ='Lead (30-Day_Avg)'!AB1251 | D9: ='Lead (30-Day_Avg)'!AC1251 | E9: ='Lead (30-Day_Avg)'!AD1251 | G9: ='Arsenic (Daily)'!V1251 | H9: ='Arsenic (Daily)'!W1251 | I9: ='Arsenic (Daily)'!X1251 | J9: ='Arsenic (Daily)'!Y1251 | L9: 0.024207742 | M9: 0.017669444 | N9: 0.013143871 | O9: 0.053606452 | Q9: 0.026606774 | R9: 0.025784324 | S9: 0.017643871 | T9: 0.029954839 | V9: 0.025964516 | W9: 0.020923056 | X9: 0.018523871 | Y9: 0.021206452
A10: 44348 | B10: ='Lead (30-Day_Avg)'!AA1281 | C10: ='Lead (30-Day_Avg)'!AB1281 | D10: ='Lead (30-Day_Avg)'!AC1281 | E10: ='Lead (30-Day_Avg)'!AD1281 | G10: ='Arsenic (Daily)'!V1282 | H10: ='Arsenic (Daily)'!W1282 | I10: ='Arsenic (Daily)'!X1282 | J10: ='Arsenic (Daily)'!Y1282 | L10: 0.024455667 | M10: 0.018167143 | N10: 0.015058 | O10: 0.02755 | Q10: 0.023830667 | R10: 0.023745429 | S10: 0.020742 | T10: 0.026086667 | V10: 0.027142 | W10: 0.017142857 | X10: 0.016923333 | Y10: 0.021779
A11: 44378 | B11: ='Lead (30-Day_Avg)'!AA1312 | C11: ='Lead (30-Day_Avg)'!AB1312 | D11: ='Lead (30-Day_Avg)'!AC1312 | E11: ='Lead (30-Day_Avg)'!AD1312 | G11: ='Arsenic (Daily)'!V1312 | H11: ='Arsenic (Daily)'!W1312 | I11: ='Arsenic (Daily)'!X1312 | J11: ='Arsenic (Daily)'!Y1312 | L11: 0.02336129 | M11: 0.021655833 | N11: 0.017727742 | O11: 0.026664516 | Q11: 0.027306667 | R11: 0.029208611 | S11: 0.02261129 | T11: 0.029874194 | V11: 0.030696111 | W11: 0.045104762 | X11: 0.026771667 | Y11: 0.027661111
A12: 44409 | B12: ='Lead (30-Day_Avg)'!AA1343 | C12: ='Lead (30-Day_Avg)'!AB1343 | D12: ='Lead (30-Day_Avg)'!AC1343 | E12: ='Lead (30-Day_Avg)'!AD1343 | G12: ='Arsenic (Daily)'!V1343 | H12: ='Arsenic (Daily)'!W1343 | I12: ='Arsenic (Daily)'!X1343 | J12: ='Arsenic (Daily)'!Y1343 | L12: 0.02617871 | M12: 0.034865833 | N12: 0.018267097 | O12: 0.046336129 | Q12: 0.03096129 | R12: 0.031926111 | S12: 0.024876452 | T12: 0.027164516
A13: 44440 | B13: ='Lead (30-Day_Avg)'!AA1373 | C13: ='Lead (30-Day_Avg)'!AB1373 | D13: ='Lead (30-Day_Avg)'!AC1373 | E13: ='Lead (30-Day_Avg)'!AD1373 | G13: ='Arsenic (Daily)'!V1374 | H13: ='Arsenic (Daily)'!W1374 | I13: ='Arsenic (Daily)'!X1374 | J13: ='Arsenic (Daily)'!Y1374 | L13: 0.027496667 | M13: 0.030077143 | N13: 0.020620667 | O13: 0.02668 | Q13: 0.040500333 | R13: 0.026494286 | S13: 0.021061667 | T13: 0.028933333
A14: 44470 | B14: ='Lead (30-Day_Avg)'!AA1404 | C14: ='Lead (30-Day_Avg)'!AB1404 | D14: ='Lead (30-Day_Avg)'!AC1404 | E14: ='Lead (30-Day_Avg)'!AD1404 | G14: ='Arsenic (Daily)'!V1404 | H14: ='Arsenic (Daily)'!W1404 | I14: ='Arsenic (Daily)'!X1404 | J14: ='Arsenic (Daily)'!Y1404 | L14: 0.023888387 | M14: 0.021844444 | N14: 0.022013226 | O14: 0.033025806 | Q14: 0.021142258 | R14: 0.020799167 | S14: 0.018010323 | T14: 0.024836774
A15: 44501 | B15: ='Lead (30-Day_Avg)'!AA1434 | C15: ='Lead (30-Day_Avg)'!AB1434 | D15: ='Lead (30-Day_Avg)'!AC1434 | E15: ='Lead (30-Day_Avg)'!AD1434 | G15: ='Arsenic (Daily)'!V1435 | H15: ='Arsenic (Daily)'!W1435 | I15: ='Arsenic (Daily)'!X1435 | J15: ='Arsenic (Daily)'!Y1435 | L15: 0.024606667 | M15: 0.031071429 | N15: 0.028073333 | O15: 0.048643333 | Q15: 0.023042667 | R15: 0.027936286 | S15: 0.021515667 | T15: 0.02956
A16: 44531 | B16: ='Lead (30-Day_Avg)'!AA1465 | C16: ='Lead (30-Day_Avg)'!AB1465 | D16: ='Lead (30-Day_Avg)'!AC1465 | E16: ='Lead (30-Day_Avg)'!AD1465 | G16: ='Arsenic (Daily)'!V1465 | H16: ='Arsenic (Daily)'!W1465 | I16: ='Arsenic (Daily)'!X1465 | J16: ='Arsenic (Daily)'!Y1465 | L16: 0.014766129 | M16: 0.017349167 | N16: 0.018109355 | O16: 0.025303548 | Q16: 0.01531871 | R16: 0.020271944 | S16: 0.02188 | T16: 0.019248065
A17: 44562 | B17: ='Lead (30-Day_Avg)'!AA1496 | C17: ='Lead (30-Day_Avg)'!AB1496 | D17: ='Lead (30-Day_Avg)'!AC1496 | E17: ='Lead (30-Day_Avg)'!AD1496 | G17: ='Arsenic (Daily)'!V1496 | H17: ='Arsenic (Daily)'!W1496 | I17: ='Arsenic (Daily)'!X1496 | J17: ='Arsenic (Daily)'!Y1496
A18: 44593 | B18: ='Lead (30-Day_Avg)'!AA1525 | C18: ='Lead (30-Day_Avg)'!AB1525 | D18: ='Lead (30-Day_Avg)'!AC1525 | E18: ='Lead (30-Day_Avg)'!AD1525 | G18: ='Arsenic (Daily)'!V1524 | H18: ='Arsenic (Daily)'!W1524 | I18: ='Arsenic (Daily)'!X1524 | J18: ='Arsenic (Daily)'!Y1524
A19: 44621 | B19: ='Lead (30-Day_Avg)'!AA1555 | C19: ='Lead (30-Day_Avg)'!AB1555 | D19: ='Lead (30-Day_Avg)'!AC1555 | E19: ='Lead (30-Day_Avg)'!AD1555 | G19: ='Arsenic (Daily)'!V1555 | H19: ='Arsenic (Daily)'!W1555 | I19: ='Arsenic (Daily)'!X1555 | J19: ='Arsenic (Daily)'!Y1555
A20: 44652 | B20: ='Lead (30-Day_Avg)'!AA1585 | C20: ='Lead (30-Day_Avg)'!AB1585 | D20: ='Lead (30-Day_Avg)'!AC1585 | E20: ='Lead (30-Day_Avg)'!AD1585 | G20: ='Arsenic (Daily)'!V1586 | H20: ='Arsenic (Daily)'!W1586 | I20: ='Arsenic (Daily)'!X1586 | J20: ='Arsenic (Daily)'!Y1586 | M20: 0.013442222 | N20: 0.028437838 | O20: 0.014078889
A21: 44682 | B21: ='Lead (30-Day_Avg)'!AA1616 | C21: ='Lead (30-Day_Avg)'!AB1616 | D21: ='Lead (30-Day_Avg)'!AC1616 | E21: ='Lead (30-Day_Avg)'!AD1616 | G21: ='Arsenic (Daily)'!V1616 | H21: ='Arsenic (Daily)'!W1616 | I21: ='Arsenic (Daily)'!X1616 | J21: ='Arsenic (Daily)'!Y1616 | M21: 0.0243 | N21: 0.02184 | O21: 0.019400303
A22: 44713 | B22: ='Lead (30-Day_Avg)'!AA1646 | C22: ='Lead (30-Day_Avg)'!AB1646 | D22: ='Lead (30-Day_Avg)'!AC1646 | E22: ='Lead (30-Day_Avg)'!AD1646 | G22: ='Arsenic (Daily)'!V1647 | H22: ='Arsenic (Daily)'!W1647 | I22: ='Arsenic (Daily)'!X1647 | J22: ='Arsenic (Daily)'!Y1647 | M22: 0.020284595 | N22: 0.039814167 | O22: 0.021736111
A23: 44743 | B23: ='Lead (30-Day_Avg)'!AA1677 | C23: ='Lead (30-Day_Avg)'!AB1677 | D23: ='Lead (30-Day_Avg)'!AC1677 | E23: ='Lead (30-Day_Avg)'!AD1677 | G23: ='Arsenic (Daily)'!V1677 | H23: ='Arsenic (Daily)'!W1677 | I23: ='Arsenic (Daily)'!X1677 | J23: ='Arsenic (Daily)'!Y1677 | M23: 0.019958857 | N23: 0.026082857 | O23: 0.024111765
A24: 44774 | B24: ='Lead (30-Day_Avg)'!AA1708 | C24: ='Lead (30-Day_Avg)'!AB1708 | D24: ='Lead (30-Day_Avg)'!AC1708 | E24: ='Lead (30-Day_Avg)'!AD1708 | G24: ='Arsenic (Daily)'!V1708 | H24: ='Arsenic (Daily)'!W1708 | I24: ='Arsenic (Daily)'!X1708 | J24: ='Arsenic (Daily)'!Y1708 | M24: 0.017669444 | N24: 0.025784324 | O24: 0.020923056
A25: 44805 | B25: ='Lead (30-Day_Avg)'!AA1738 | C25: ='Lead (30-Day_Avg)'!AB1738 | D25: ='Lead (30-Day_Avg)'!AC1738 | E25: ='Lead (30-Day_Avg)'!AD1738 | G25: ='Arsenic (Daily)'!V1739 | H25: ='Arsenic (Daily)'!W1739 | I25: ='Arsenic (Daily)'!X1739 | J25: ='Arsenic (Daily)'!Y1739 | M25: 0.018167143 | N25: 0.023745429 | O25: 0.017142857
A26: 44835 | B26: ='Lead (30-Day_Avg)'!AA1769 | C26: ='Lead (30-Day_Avg)'!AB1769 | D26: ='Lead (30-Day_Avg)'!AC1769 | E26: ='Lead (30-Day_Avg)'!AD1769 | G26: ='Arsenic (Daily)'!V1769 | H26: ='Arsenic (Daily)'!W1769 | I26: ='Arsenic (Daily)'!X1769 | J26: ='Arsenic (Daily)'!Y1769 | M26: 0.021655833 | N26: 0.029208611 | O26: 0.045104762
A27: 44866 | B27: ='Lead (30-Day_Avg)'!AA1799 | C27: ='Lead (30-Day_Avg)'!AB1799 | D27: ='Lead (30-Day_Avg)'!AC1799 | E27: ='Lead (30-Day_Avg)'!AD1799 | G27: ='Arsenic (Daily)'!V1800 | H27: ='Arsenic (Daily)'!W1800 | I27: ='Arsenic (Daily)'!X1800 | J27: ='Arsenic (Daily)'!Y1800 | M27: 0.034865833 | N27: 0.031926111
A28: 44896 | B28: ='Lead (30-Day_Avg)'!AA1830 | C28: ='Lead (30-Day_Avg)'!AB1830 | D28: ='Lead (30-Day_Avg)'!AC1830 | E28: ='Lead (30-Day_Avg)'!AD1830 | G28: ='Arsenic (Daily)'!V1830 | H28: ='Arsenic (Daily)'!W1830 | I28: ='Arsenic (Daily)'!X1830 | J28: ='Arsenic (Daily)'!Y1830 | M28: 0.030077143 | N28: 0.026494286
A29: 44927 | B29: ='Lead (30-Day_Avg)'!AA1861 | C29: ='Lead (30-Day_Avg)'!AB1861 | D29: ='Lead (30-Day_Avg)'!AC1861 | E29: ='Lead (30-Day_Avg)'!AD1861 | G29: ='Arsenic (Daily)'!V1861 | H29: ='Arsenic (Daily)'!W1861 | I29: ='Arsenic (Daily)'!X1861 | J29: ='Arsenic (Daily)'!Y1861 | M29: 0.021844444 | N29: 0.020799167
A30: 44958 | B30: ='Lead (30-Day_Avg)'!AA1890 | C30: ='Lead (30-Day_Avg)'!AB1890 | D30: ='Lead (30-Day_Avg)'!AC1890 | E30: ='Lead (30-Day_Avg)'!AD1890 | G30: ='Arsenic (Daily)'!V1889 | H30: ='Arsenic (Daily)'!W1889 | I30: ='Arsenic (Daily)'!X1889 | J30: ='Arsenic (Daily)'!Y1889 | M30: 0.031071429 | N30: 0.027936286
A31: 44986 | B31: ='Lead (30-Day_Avg)'!AA1920 | C31: ='Lead (30-Day_Avg)'!AB1920 | D31: ='Lead (30-Day_Avg)'!AC1920 | E31: ='Lead (30-Day_Avg)'!AD1920 | G31: ='Arsenic (Daily)'!V1920 | H31: ='Arsenic (Daily)'!W1920 | I31: ='Arsenic (Daily)'!X1920 | J31: ='Arsenic (Daily)'!Y1920 | M31: 0.017349167 | N31: 0.020271944
A32: 45017 | B32: ='Lead (30-Day_Avg)'!AA1950 | C32: ='Lead (30-Day_Avg)'!AB1950 | D32: ='Lead (30-Day_Avg)'!AC1950 | E32: ='Lead (30-Day_Avg)'!AD1950 | G32: ='Arsenic (Daily)'!V1951 | H32: ='Arsenic (Daily)'!W1951 | I32: ='Arsenic (Daily)'!X1951 | J32: ='Arsenic (Daily)'!Y1951
A33: 45047 | B33: ='Lead (30-Day_Avg)'!AA1981 | C33: ='Lead (30-Day_Avg)'!AB1981 | D33: ='Lead (30-Day_Avg)'!AC1981 | E33: ='Lead (30-Day_Avg)'!AD1981 | G33: ='Arsenic (Daily)'!V1981 | H33: ='Arsenic (Daily)'!W1981 | I33: ='Arsenic (Daily)'!X1981 | J33: ='Arsenic (Daily)'!Y1981
A34: 45078 | B34: ='Lead (30-Day_Avg)'!AA2011 | C34: ='Lead (30-Day_Avg)'!AB2011 | D34: ='Lead (30-Day_Avg)'!AC2011 | E34: ='Lead (30-Day_Avg)'!AD2011 | G34: ='Arsenic (Daily)'!V2012 | H34: ='Arsenic (Daily)'!W2012 | I34: ='Arsenic (Daily)'!X2012 | J34: ='Arsenic (Daily)'!Y2012
