Workbook
Name Date_Range_Pb_2014: 'Lead (30-Day_Avg)'!#REF!
Name Date_Range_Pb_2014: 'Lead (30-Day_Avg)'!#REF!
Name Date_Range_Pb_2014: 'Lead (30-Day_Avg)'!#REF!
Name Date_Range_Pb_2014: 'Lead (30-Day_Avg)'!#REF!
Name Date_Range_Pb_2014: 'Lead (30-Day_Avg)'!#REF!
Name Lead_Table_2014: 'Lead (30-Day_Avg)'!#REF!
Name Lead_Table_2014: 'Lead (30-Day_Avg)'!#REF!
Name Lead_Table_2014: 'Lead (30-Day_Avg)'!#REF!
Name Lead_Table_2014: 'Lead (30-Day_Avg)'!#REF!
Name Lead_Table_2014: 'Lead (30-Day_Avg)'!#REF!
Name Month_Num_Arsenic: 'Arsenic (Daily)'!#REF!
Name Month_Num_Arsenic: 'Arsenic (Daily)'!#REF!
Name Month_Num_Arsenic: 'Arsenic (Daily)'!#REF!
Name Month_Num_Arsenic: 'Arsenic (Daily)'!#REF!
Name Month_Num_Arsenic: 'Arsenic (Daily)'!#REF!
Name Month_Num_Lead: 'Lead (30-Day_Avg)'!#REF!
Name Month_Num_Lead: 'Lead (30-Day_Avg)'!#REF!
Name Month_Num_Lead: 'Lead (30-Day_Avg)'!#REF!
Name Month_Num_Lead: 'Lead (30-Day_Avg)'!#REF!
Name Month_Num_Lead: 'Lead (30-Day_Avg)'!#REF!
Name Reporting_Limit_Table: #REF!
Name Reporting_Limit_Table: #REF!
Name Reporting_Limit_Table: #REF!
Name Reporting_Limit_Table: #REF!
Name Reporting_Limit_Table: #REF!
Name Station_1_As_2014: 'Arsenic (Daily)'!#REF!
Name Station_1_As_2014: 'Arsenic (Daily)'!#REF!
Name Station_1_As_2014: 'Arsenic (Daily)'!#REF!
Name Station_1_As_2014: 'Arsenic (Daily)'!#REF!
Name Station_1_As_2014: 'Arsenic (Daily)'!#REF!
Name Station_1_Pb_2014: 'Lead (30-Day_Avg)'!#REF!
Name Station_1_Pb_2014: 'Lead (30-Day_Avg)'!#REF!
Name Station_1_Pb_2014: 'Lead (30-Day_Avg)'!#REF!
Name Station_1_Pb_2014: 'Lead (30-Day_Avg)'!#REF!
Name Station_1_Pb_2014: 'Lead (30-Day_Avg)'!#REF!
Name Station_2_As_2014: 'Arsenic (Daily)'!#REF!
Name Station_2_As_2014: 'Arsenic (Daily)'!#REF!
Name Station_2_As_2014: 'Arsenic (Daily)'!#REF!
Name Station_2_As_2014: 'Arsenic (Daily)'!#REF!
Name Station_2_As_2014: 'Arsenic (Daily)'!#REF!
Name Station_2_Pb_2014: 'Lead (30-Day_Avg)'!#REF!
Name Station_2_Pb_2014: 'Lead (30-Day_Avg)'!#REF!
Name Station_2_Pb_2014: 'Lead (30-Day_Avg)'!#REF!
Name Station_2_Pb_2014: 'Lead (30-Day_Avg)'!#REF!
Name Station_2_Pb_2014: 'Lead (30-Day_Avg)'!#REF!
Name Station_4_As_2014: 'Arsenic (Daily)'!#REF!
Name Station_4_As_2014: 'Arsenic (Daily)'!#REF!
Name Station_4_As_2014: 'Arsenic (Daily)'!#REF!
Name Station_4_As_2014: 'Arsenic (Daily)'!#REF!
Name Station_4_As_2014: 'Arsenic (Daily)'!#REF!
Name Station_4_Pb_2014: 'Lead (30-Day_Avg)'!#REF!
Name Station_4_Pb_2014: 'Lead (30-Day_Avg)'!#REF!
Name Station_4_Pb_2014: 'Lead (30-Day_Avg)'!#REF!
Name Station_4_Pb_2014: 'Lead (30-Day_Avg)'!#REF!
Name Station_4_Pb_2014: 'Lead (30-Day_Avg)'!#REF!
Name Station_5_As_2014: 'Arsenic (Daily)'!#REF!
Name Station_5_As_2014: 'Arsenic (Daily)'!#REF!
Name Station_5_As_2014: 'Arsenic (Daily)'!#REF!
Name Station_5_As_2014: 'Arsenic (Daily)'!#REF!
Name Station_5_As_2014: 'Arsenic (Daily)'!#REF!

Sheet 2018 Summary
A1: Weekend / Weekday Ambient Monitor Results
C4: Lead (µg/m3) | F4: Arsenic (ng/m3)
A5: Parameter | B5: WeekEND | C5: WeekDAY | D5: % WD Diff | E5: WeekEND | F5: WeekDAY | G5: % WD Diff
A6: Maximum: | B6: ='Lead (30-Day_Avg)'!Z5 -> 0.1439475 | C6: ='Lead (30-Day_Avg)'!AA5 -> 0.194825 | D6: =(C6-B6)/B6 -> 0.35344483 | E6: ='Arsenic (Daily)'!V5 -> 3.848 | F6: ='Arsenic (Daily)'!W5 -> 5.832875 | G6: =(F6-E6)/E6 -> 0.51581991
A7: 90th percentile: | B7: ='Lead (30-Day_Avg)'!Z6 -> 0.026462972 | C7: ='Lead (30-Day_Avg)'!AA6 -> 0.051125 | D7: =(C7-B7)/B7 -> 0.93194473 | E7: ='Arsenic (Daily)'!V6 -> 1.297 | F7: ='Arsenic (Daily)'!W6 -> 1.7136451 | G7: =(F7-E7)/E7 -> 0.32123752
A8: 75th percentile: | B8: ='Lead (30-Day_Avg)'!Z7 -> 0.020052822 | C8: ='Lead (30-Day_Avg)'!AA7 -> 0.03815 | D8: =(C8-B8)/B8 -> 0.90247535 | E8: ='Arsenic (Daily)'!V7 -> 1.0465813 | F8: ='Arsenic (Daily)'!W7 -> 1.3592797 | G8: =(F8-E8)/E8 -> 0.29878087
A9: Average: | B9: ='Lead (30-Day_Avg)'!Z8 -> 0.017377401 | C9: ='Lead (30-Day_Avg)'!AA8 -> 0.03235197 | D9: =(C9-B9)/B9 -> 0.86172659 | E9: ='Arsenic (Daily)'!V8 -> 0.84828132 | F9: ='Arsenic (Daily)'!W8 -> 1.1258336 | G9: =(F9-E9)/E9 -> 0.32719369
A12: Excluding extraordinary events (looking at "normal" operations only).
A15: LEAD
C16: Averages | G16: Maximum
A17: Month | B17: Station 1 | C17: Station 2 | D17: Station 4 | E17: Station 5 | F17: Station 1 | G17: Station 2 | H17: Station 4 | I17: Station 5
A18: January | B18: ='Lead (30-Day_Avg)'!AA400 -> 0.020225806 | C18: ='Lead (30-Day_Avg)'!AB400 -> 0.023955556 | D18: ='Lead (30-Day_Avg)'!AC400 -> 0.027339677 | E18: ='Lead (30-Day_Avg)'!AD400 -> 0.030751613 | F18: ='Lead (30-Day_Avg)'!AA401 -> 0.0489 | G18: ='Lead (30-Day_Avg)'!AB401 -> 0.115 | H18: ='Lead (30-Day_Avg)'!AC401 -> 0.0629 | I18: ='Lead (30-Day_Avg)'!AD401 -> 0.0569 | J18: =AVERAGE(B18:E18) -> 0.025568163 | K18: =(J18-$B$33)/$B$33 -> -0.045211828
A19: February | B19: ='Lead (30-Day_Avg)'!AA428 -> 0.034275 | C19: ='Lead (30-Day_Avg)'!AB428 -> 0.023180909 | D19: ='Lead (30-Day_Avg)'!AC428 -> 0.020457143 | E19: ='Lead (30-Day_Avg)'!AD428 -> 0.024435714 | F19: ='Lead (30-Day_Avg)'!AA429 -> 0.4 | G19: ='Lead (30-Day_Avg)'!AB429 -> 0.058 | H19: ='Lead (30-Day_Avg)'!AC429 -> 0.0458 | I19: ='Lead (30-Day_Avg)'!AD429 -> 0.0462 | J19: =AVERAGE(B19:E19) -> 0.025587192 | K19: =(J19-$B$33)/$B$33 -> -0.04450125
A20: March | B20: ='Lead (30-Day_Avg)'!AA459 -> 0.027303226 | C20: ='Lead (30-Day_Avg)'!AB459 -> 0.023790833 | D20: ='Lead (30-Day_Avg)'!AC459 -> 0.023975161 | E20: ='Lead (30-Day_Avg)'!AD459 -> 0.025377419 | F20: ='Lead (30-Day_Avg)'!AA460 -> 0.097 | G20: ='Lead (30-Day_Avg)'!AB460 -> 0.0474 | H20: ='Lead (30-Day_Avg)'!AC460 -> 0.0714 | I20: ='Lead (30-Day_Avg)'!AD460 -> 0.0454 | J20: =AVERAGE(B20:E20) -> 0.02511166 | K20: =(J20-$B$33)/$B$33 -> -0.062258957
A21: April | B21: ='Lead (30-Day_Avg)'!AA489 -> 0.03312 | C21: ='Lead (30-Day_Avg)'!AB489 -> 0.026265714 | D21: ='Lead (30-Day_Avg)'!AC489 -> 0.12723167 | E21: ='Lead (30-Day_Avg)'!AD489 -> 0.0277 | F21: ='Lead (30-Day_Avg)'!AA490 -> 0.16 | G21: ='Lead (30-Day_Avg)'!AB490 -> 0.0947 | H21: ='Lead (30-Day_Avg)'!AC490 -> 3.145 | I21: ='Lead (30-Day_Avg)'!AD490 -> 0.0496 | J21: =AVERAGE(B21:E21) -> 0.053579345 | K21: =(J21-$B$33)/$B$33 -> 1.0008056
A22: May | B22: ='Lead (30-Day_Avg)'!AA520 -> 0.028093548 | C22: ='Lead (30-Day_Avg)'!AB520 -> 0.020872222 | D22: ='Lead (30-Day_Avg)'!AC520 -> 0.021795484 | E22: ='Lead (30-Day_Avg)'!AD520 -> 0.029919355 | F22: ='Lead (30-Day_Avg)'!AA521 -> 0.0523 | G22: ='Lead (30-Day_Avg)'!AB521 -> 0.049 | H22: ='Lead (30-Day_Avg)'!AC521 -> 0.176 | I22: ='Lead (30-Day_Avg)'!AD521 -> 0.119 | J22: =AVERAGE(B22:E22) -> 0.025170152 | K22: =(J22-$B$33)/$B$33 -> -0.060074685
A23: June | B23: ='Lead (30-Day_Avg)'!AA550 -> 0.02999 | C23: ='Lead (30-Day_Avg)'!AB550 -> 0.01992 | D23: ='Lead (30-Day_Avg)'!AC550 -> 0.018500667 | E23: ='Lead (30-Day_Avg)'!AD550 -> 0.021396667 | F23: ='Lead (30-Day_Avg)'!AA551 -> 0.0935 | G23: ='Lead (30-Day_Avg)'!AB551 -> 0.046 | H23: ='Lead (30-Day_Avg)'!AC551 -> 0.0618 | I23: ='Lead (30-Day_Avg)'!AD551 -> 0.0354 | J23: =AVERAGE(B23:E23) -> 0.022451833 | K23: =(J23-$B$33)/$B$33 -> -0.16158447
A24: July | B24: ='Lead (30-Day_Avg)'!AA581 -> 0.023290323 | C24: ='Lead (30-Day_Avg)'!AB581 -> 0.022496667 | D24: ='Lead (30-Day_Avg)'!AC581 -> 0.018733548 | E24: ='Lead (30-Day_Avg)'!AD581 -> 0.021112903 | F24: ='Lead (30-Day_Avg)'!AA582 -> 0.047 | G24: ='Lead (30-Day_Avg)'!AB582 -> 0.0391 | H24: ='Lead (30-Day_Avg)'!AC582 -> 0.0437 | I24: ='Lead (30-Day_Avg)'!AD582 -> 0.034 | J24: =AVERAGE(B24:E24) -> 0.02140836 | K24: =(J24-$B$33)/$B$33 -> -0.20055074
A25: August | B25: ='Lead (30-Day_Avg)'!AA612 -> 0.024664516 | C25: ='Lead (30-Day_Avg)'!AB612 -> 0.024602778 | D25: ='Lead (30-Day_Avg)'!AC612 -> 0.020794194 | E25: ='Lead (30-Day_Avg)'!AD612 -> 0.021948387 | F25: ='Lead (30-Day_Avg)'!AA613 -> 0.0518 | G25: ='Lead (30-Day_Avg)'!AB613 -> 0.0431 | H25: ='Lead (30-Day_Avg)'!AC613 -> 0.0446 | I25: ='Lead (30-Day_Avg)'!AD613 -> 0.0321 | J25: =AVERAGE(B25:E25) -> 0.023002469 | K25: =(J25-$B$33)/$B$33 -> -0.14102218
A26: September | B26: ='Lead (30-Day_Avg)'!AA642 -> 0.022075862 | C26: ='Lead (30-Day_Avg)'!AB642 -> 0.019264857 | D26: ='Lead (30-Day_Avg)'!AC642 -> 0.022983 | E26: ='Lead (30-Day_Avg)'!AD642 -> 0.02582 | F26: ='Lead (30-Day_Avg)'!AA643 -> 0.0346 | G26: ='Lead (30-Day_Avg)'!AB643 -> 0.0518 | H26: ='Lead (30-Day_Avg)'!AC643 -> 0.127 | I26: ='Lead (30-Day_Avg)'!AD643 -> 0.0442 | J26: =AVERAGE(B26:E26) -> 0.02253593 | K26: =(J26-$B$33)/$B$33 -> -0.15844407
A27: October | B27: ='Lead (30-Day_Avg)'!AA673 -> 0.024912903 | C27: ='Lead (30-Day_Avg)'!AB673 -> 0.027980556 | D27: ='Lead (30-Day_Avg)'!AC673 -> 0.026790323 | E27: ='Lead (30-Day_Avg)'!AD673 -> 0.039992903 | F27: ='Lead (30-Day_Avg)'!AA674 -> 0.0852 | G27: ='Lead (30-Day_Avg)'!AB674 -> 0.0732 | H27: ='Lead (30-Day_Avg)'!AC674 -> 0.0756 | I27: ='Lead (30-Day_Avg)'!AD674 -> 0.229 | J27: =AVERAGE(B27:E27) -> 0.029919171 | K27: =(J27-$B$33)/$B$33 -> 0.11726723
A28: November | B28: ='Lead (30-Day_Avg)'!AA703 -> 0.02031 | C28: ='Lead (30-Day_Avg)'!AB703 -> 0.023934286 | D28: ='Lead (30-Day_Avg)'!AC703 -> 0.022763333 | E28: ='Lead (30-Day_Avg)'!AD703 -> 0.026626667 | F28: ='Lead (30-Day_Avg)'!AA704 -> 0.048 | G28: ='Lead (30-Day_Avg)'!AB704 -> 0.0689 | H28: ='Lead (30-Day_Avg)'!AC704 -> 0.0773 | I28: ='Lead (30-Day_Avg)'!AD704 -> 0.0485 | J28: =AVERAGE(B28:E28) -> 0.023408571 | K28: =(J28-$B$33)/$B$33 -> -0.12585714
A29: December | B29: ='Lead (30-Day_Avg)'!AA734 -> 0.014403226 | C29: ='Lead (30-Day_Avg)'!AB734 -> 0.015713784 | D29: ='Lead (30-Day_Avg)'!AC734 -> 0.024961613 | E29: ='Lead (30-Day_Avg)'!AD734 -> 0.020625806 | F29: ='Lead (30-Day_Avg)'!AA735 -> 0.044 | G29: ='Lead (30-Day_Avg)'!AB735 -> 0.0518 | H29: ='Lead (30-Day_Avg)'!AC735 -> 0.0655 | I29: ='Lead (30-Day_Avg)'!AD735 -> 0.0419 | J29: =AVERAGE(B29:E29) -> 0.018926107 | K29: =(J29-$B$33)/$B$33 -> -0.29324515
B31: ='Lead (30-Day_Avg)'!AA741 -> 0.025143407 | C31: ='Lead (30-Day_Avg)'!AB741 -> 0.022647887 | D31: ='Lead (30-Day_Avg)'!AC741 -> 0.031269178 | E31: ='Lead (30-Day_Avg)'!AD741 -> 0.026334466 | F31: ='Lead (30-Day_Avg)'!AA742 -> 0.4 | G31: ='Lead (30-Day_Avg)'!AB742 -> 0.115 | H31: ='Lead (30-Day_Avg)'!AC742 -> 3.145 | I31: ='Lead (30-Day_Avg)'!AD742 -> 0.229
B33: ='Lead (30-Day_Avg)'!AA744 -> 0.026778885
A36: ARSENIC
C37: Averages | G37: Maximum
A38: Month | B38: Station 1 | C38: Station 2 | D38: Station 4 | E38: Station 5 | F38: Station 1 | G38: Station 2 | H38: Station 4 | I38: Station 5
A39: January | B39: ='Arsenic (Daily)'!V35 -> 1.6030323 | C39: ='Arsenic (Daily)'!W35 -> 1.4038778 | D39: ='Arsenic (Daily)'!X35 -> 1.2265581 | E39: ='Arsenic (Daily)'!Y35 -> 1.4970645 | F39: ='Arsenic (Daily)'!V36 -> 10.99 | G39: ='Arsenic (Daily)'!W36 -> 9.29 | H39: ='Arsenic (Daily)'!X36 -> 3.608 | I39: ='Arsenic (Daily)'!Y36 -> 8.132 | J39: =AVERAGE(B39:E39) -> 1.4326332 | K39: =(J39-$B$54)/$B$54 -> 0.35412302
A40: February | B40: ='Arsenic (Daily)'!V63 -> 1.0420036 | C40: ='Arsenic (Daily)'!W63 -> 1.0304879 | D40: ='Arsenic (Daily)'!X63 -> 0.89647143 | E40: ='Arsenic (Daily)'!Y63 -> 1.0923321 | F40: ='Arsenic (Daily)'!V64 -> 1.84 | G40: ='Arsenic (Daily)'!W64 -> 1.752 | H40: ='Arsenic (Daily)'!X64 -> 1.714 | I40: ='Arsenic (Daily)'!Y64 -> 1.851 | J40: =AVERAGE(B40:E40) -> 1.0153238 | K40: =(J40-$B$54)/$B$54 -> -0.040317287
A41: March | B41: ='Arsenic (Daily)'!V94 -> 0.80372258 | C41: ='Arsenic (Daily)'!W94 -> 0.82285 | D41: ='Arsenic (Daily)'!X94 -> 0.63034194 | E41: ='Arsenic (Daily)'!Y94 -> 0.77344194 | F41: ='Arsenic (Daily)'!V95 -> 1.474 | G41: ='Arsenic (Daily)'!W95 -> 1.86 | H41: ='Arsenic (Daily)'!X95 -> 1.278 | I41: ='Arsenic (Daily)'!Y95 -> 1.488 | J41: =AVERAGE(B41:E41) -> 0.75758911 | K41: =(J41-$B$54)/$B$54 -> -0.28392774
A42: April | B42: ='Arsenic (Daily)'!V125 -> 0.97844 | C42: ='Arsenic (Daily)'!W125 -> 0.98598857 | D42: ='Arsenic (Daily)'!X125 -> 0.82104667 | E42: ='Arsenic (Daily)'!Y125 -> 0.96965 | F42: ='Arsenic (Daily)'!V126 -> 1.45 | G42: ='Arsenic (Daily)'!W126 -> 1.378 | H42: ='Arsenic (Daily)'!X126 -> 1.32 | I42: ='Arsenic (Daily)'!Y126 -> 1.704 | J42: =AVERAGE(B42:E42) -> 0.93878131 | K42: =(J42-$B$54)/$B$54 -> -0.11266511
A43: May | B43: ='Arsenic (Daily)'!V155 -> 0.8812129 | C43: ='Arsenic (Daily)'!W155 -> 0.84896944 | D43: ='Arsenic (Daily)'!X155 -> 0.68919677 | E43: ='Arsenic (Daily)'!Y155 -> 0.86710323 | F43: ='Arsenic (Daily)'!V156 -> 1.915 | G43: ='Arsenic (Daily)'!W156 -> 1.552 | H43: ='Arsenic (Daily)'!X156 -> 1.807 | I43: ='Arsenic (Daily)'!Y156 -> 1.852 | J43: =AVERAGE(B43:E43) -> 0.82162059 | K43: =(J43-$B$54)/$B$54 -> -0.22340527
A44: June | B44: ='Arsenic (Daily)'!V186 -> 1.33064 | C44: ='Arsenic (Daily)'!W186 -> 1.1071571 | D44: ='Arsenic (Daily)'!X186 -> 0.78369333 | E44: ='Arsenic (Daily)'!Y186 -> 0.91445 | F44: ='Arsenic (Daily)'!V187 -> 8.973 | G44: ='Arsenic (Daily)'!W187 -> 1.996 | H44: ='Arsenic (Daily)'!X187 -> 1.263 | I44: ='Arsenic (Daily)'!Y187 -> 1.506 | J44: =AVERAGE(B44:E44) -> 1.0339851 | K44: =(J44-$B$54)/$B$54 -> -0.02267859
A45: July | B45: ='Arsenic (Daily)'!V216 -> 1.480829 | C45: ='Arsenic (Daily)'!W216 -> 1.538625 | D45: ='Arsenic (Daily)'!X216 -> 1.0962 | E45: ='Arsenic (Daily)'!Y216 -> 1.2611548 | F45: ='Arsenic (Daily)'!V217 -> 3.83 | G45: ='Arsenic (Daily)'!W217 -> 5.133 | H45: ='Arsenic (Daily)'!X217 -> 3.421 | I45: ='Arsenic (Daily)'!Y217 -> 3.673 | J45: =AVERAGE(B45:E45) -> 1.3442022 | K45: =(J45-$B$54)/$B$54 -> 0.27053821
A46: August | B46: ='Arsenic (Daily)'!V247 -> 1.3591097 | C46: ='Arsenic (Daily)'!W247 -> 1.2067472 | D46: ='Arsenic (Daily)'!X247 -> 0.95609677 | E46: ='Arsenic (Daily)'!Y247 -> 1.1385935 | F46: ='Arsenic (Daily)'!V248 -> 4.197 | G46: ='Arsenic (Daily)'!W248 -> 2.194 | H46: ='Arsenic (Daily)'!X248 -> 1.725 | I46: ='Arsenic (Daily)'!Y248 -> 2.396 | J46: =AVERAGE(B46:E46) -> 1.1651368 | K46: =(J46-$B$54)/$B$54 -> 0.10128582
A47: September | B47: ='Arsenic (Daily)'!V278 -> 1.3191333 | C47: ='Arsenic (Daily)'!W278 -> 1.2964 | D47: ='Arsenic (Daily)'!X278 -> 1.06708 | E47: ='Arsenic (Daily)'!Y278 -> 1.2148667 | F47: ='Arsenic (Daily)'!V279 -> 4.04 | G47: ='Arsenic (Daily)'!W279 -> 3.656 | H47: ='Arsenic (Daily)'!X279 -> 3.335 | I47: ='Arsenic (Daily)'!Y279 -> 3.974 | J47: =AVERAGE(B47:E47) -> 1.22437 | K47: =(J47-$B$54)/$B$54 -> 0.15727296
A48: October | B48: ='Arsenic (Daily)'!V308 -> 1.1526516 | C48: ='Arsenic (Daily)'!W308 -> 1.1786568 | D48: ='Arsenic (Daily)'!X308 -> 1.007671 | E48: ='Arsenic (Daily)'!Y308 -> 1.0550484 | F48: ='Arsenic (Daily)'!V309 -> 1.765 | G48: ='Arsenic (Daily)'!W309 -> 2.335 | H48: ='Arsenic (Daily)'!X309 -> 1.947 | I48: ='Arsenic (Daily)'!Y309 -> 1.759 | J48: =AVERAGE(B48:E48) -> 1.0985069 | K48: =(J48-$B$54)/$B$54 -> 0.038307344
A49: November | B49: ='Arsenic (Daily)'!V339 -> 1.2221033 | C49: ='Arsenic (Daily)'!W339 -> 1.1164829 | D49: ='Arsenic (Daily)'!X339 -> 1.10671 | E49: ='Arsenic (Daily)'!Y339 -> 1.2580233 | F49: ='Arsenic (Daily)'!V340 -> 1.914 | G49: ='Arsenic (Daily)'!W340 -> 1.855 | H49: ='Arsenic (Daily)'!X340 -> 1.971 | I49: ='Arsenic (Daily)'!Y340 -> 3.453 | J49: =AVERAGE(B49:E49) -> 1.1758299 | K49: =(J49-$B$54)/$B$54 -> 0.1113929
A50: December | B50: ='Arsenic (Daily)'!V369 -> 1.016471 | C50: ='Arsenic (Daily)'!W369 -> 1.0189278 | D50: ='Arsenic (Daily)'!X369 -> 1.0546548 | E50: ='Arsenic (Daily)'!Y369 -> 1.037071 | F50: ='Arsenic (Daily)'!V370 -> 2.007 | G50: ='Arsenic (Daily)'!W370 -> 1.866 | H50: ='Arsenic (Daily)'!X370 -> 1.766 | I50: ='Arsenic (Daily)'!Y370 -> 1.853 | J50: =AVERAGE(B50:E50) -> 1.0317811 | K50: =(J50-$B$54)/$B$54 -> -0.02476179
B52: ='Arsenic (Daily)'!V376 -> 1.1832699 | C52: ='Arsenic (Daily)'!W376 -> 1.1304397 | D52: ='Arsenic (Daily)'!X376 -> 0.94503945 | E52: ='Arsenic (Daily)'!Y376 -> 1.0898871 | F52: ='Arsenic (Daily)'!V377 -> 10.99 | G52: ='Arsenic (Daily)'!W377 -> 9.29 | H52: ='Arsenic (Daily)'!X377 -> 3.608 | I52: ='Arsenic (Daily)'!Y377 -> 8.132
B54: ='Arsenic (Daily)'!V379 -> 1.0579786
A57: 98th percentile | B57: Station 1 | C57: Station 2 | D57: Station 4 | E57: Station 5 | F57: ALL Stations
A58: Lead (µg/m3) | B58: ='Lead (30-Day_Avg)'!BZ6 -> 0.063444 | C58: ='Lead (30-Day_Avg)'!CA6 -> 0.059696 | D58: ='Lead (30-Day_Avg)'!CB6 -> 0.065878 | E58: ='Lead (30-Day_Avg)'!CC6 -> 0.0646 | F58: ='Lead (30-Day_Avg)'!CD6 -> 0.0641 | G58: 0.075 | H58: =(G58-F58)/F58 -> 0.1700468
A59: Arsenic (ng/m3) | B59: ='Arsenic (Daily)'!BV6 -> 2.0356 | C59: ='Arsenic (Daily)'!BW6 -> 2.00776 | D59: ='Arsenic (Daily)'!BX6 -> 1.7511 | E59: ='Arsenic (Daily)'!BY6 -> 1.8551 | F59: ='Arsenic (Daily)'!BZ6 -> 1.9212 | G59: 2.5 | H59: =(G59-F59)/F59 -> 0.30127004
A62: 98th percentile | B62: Station 1 | C62: Station 2 | D62: Station 4 | E62: Station 5 | F62: ALL Stations | G62: Proposed Limit
A63: Lead (µg/m3) | B63: 0.063554 | C63: 0.060162 | D63: 0.0664 | E63: 0.0646 | F63: 0.064348 | G63: 0.075
A64: Arsenic (ng/m3) | B64: 2.04546 | C64: 2.02384 | D64: 1.749 | E64: 1.858 | F64: 1.93282 | G64: 2.5

Sheet 2019 Summary
A1: Weekend / Weekday Ambient Monitor Results
C4: Lead (µg/m3) | F4: Arsenic (ng/m3)
A5: Parameter | B5: WeekEND | C5: WeekDAY | D5: % WD Diff | E5: WeekEND | F5: WeekDAY | G5: % WD Diff
A6: Maximum: | B6: ='Lead (30-Day_Avg)'!Z5 -> 0.1439475 | C6: ='Lead (30-Day_Avg)'!AA5 -> 0.194825 | D6: =(C6-B6)/B6 -> 0.35344483 | E6: ='Arsenic (Daily)'!V5 -> 3.848 | F6: ='Arsenic (Daily)'!W5 -> 5.832875 | G6: =(F6-E6)/E6 -> 0.51581991
A7: 90th percentile: | B7: ='Lead (30-Day_Avg)'!Z6 -> 0.026462972 | C7: ='Lead (30-Day_Avg)'!AA6 -> 0.051125 | D7: =(C7-B7)/B7 -> 0.93194473 | E7: ='Arsenic (Daily)'!V6 -> 1.297 | F7: ='Arsenic (Daily)'!W6 -> 1.7136451 | G7: =(F7-E7)/E7 -> 0.32123752
A8: 75th percentile: | B8: ='Lead (30-Day_Avg)'!Z7 -> 0.020052822 | C8: ='Lead (30-Day_Avg)'!AA7 -> 0.03815 | D8: =(C8-B8)/B8 -> 0.90247535 | E8: ='Arsenic (Daily)'!V7 -> 1.0465813 | F8: ='Arsenic (Daily)'!W7 -> 1.3592797 | G8: =(F8-E8)/E8 -> 0.29878087
A9: Average: | B9: ='Lead (30-Day_Avg)'!Z8 -> 0.017377401 | C9: ='Lead (30-Day_Avg)'!AA8 -> 0.03235197 | D9: =(C9-B9)/B9 -> 0.86172659 | E9: ='Arsenic (Daily)'!V8 -> 0.84828132 | F9: ='Arsenic (Daily)'!W8 -> 1.1258336 | G9: =(F9-E9)/E9 -> 0.32719369
A12: Excluding extraordinary events (looking at "normal" operations only).
A15: LEAD
C16: Averages | G16: Maximum
A17: Month | B17: Station 1 | C17: Station 2 | D17: Station 4 | E17: Station 5 | F17: Station 1 | G17: Station 2 | H17: Station 4 | I17: Station 5
A18: January | B18: ='Lead (30-Day_Avg)'!AA400 -> 0.020225806 | C18: ='Lead (30-Day_Avg)'!AB400 -> 0.023955556 | D18: ='Lead (30-Day_Avg)'!AC400 -> 0.027339677 | E18: ='Lead (30-Day_Avg)'!AD400 -> 0.030751613 | F18: ='Lead (30-Day_Avg)'!AA401 -> 0.0489 | G18: ='Lead (30-Day_Avg)'!AB401 -> 0.115 | H18: ='Lead (30-Day_Avg)'!AC401 -> 0.0629 | I18: ='Lead (30-Day_Avg)'!AD401 -> 0.0569 | J18: =AVERAGE(B18:E18) -> 0.025568163 | K18: =(J18-$B$33)/$B$33 -> -0.045211828
A19: February | B19: ='Lead (30-Day_Avg)'!AA428 -> 0.034275 | C19: ='Lead (30-Day_Avg)'!AB428 -> 0.023180909 | D19: ='Lead (30-Day_Avg)'!AC428 -> 0.020457143 | E19: ='Lead (30-Day_Avg)'!AD428 -> 0.024435714 | F19: ='Lead (30-Day_Avg)'!AA429 -> 0.4 | G19: ='Lead (30-Day_Avg)'!AB429 -> 0.058 | H19: ='Lead (30-Day_Avg)'!AC429 -> 0.0458 | I19: ='Lead (30-Day_Avg)'!AD429 -> 0.0462 | J19: =AVERAGE(B19:E19) -> 0.025587192 | K19: =(J19-$B$33)/$B$33 -> -0.04450125
A20: March | B20: ='Lead (30-Day_Avg)'!AA459 -> 0.027303226 | C20: ='Lead (30-Day_Avg)'!AB459 -> 0.023790833 | D20: ='Lead (30-Day_Avg)'!AC459 -> 0.023975161 | E20: ='Lead (30-Day_Avg)'!AD459 -> 0.025377419 | F20: ='Lead (30-Day_Avg)'!AA460 -> 0.097 | G20: ='Lead (30-Day_Avg)'!AB460 -> 0.0474 | H20: ='Lead (30-Day_Avg)'!AC460 -> 0.0714 | I20: ='Lead (30-Day_Avg)'!AD460 -> 0.0454 | J20: =AVERAGE(B20:E20) -> 0.02511166 | K20: =(J20-$B$33)/$B$33 -> -0.062258957
A21: April | B21: ='Lead (30-Day_Avg)'!AA489 -> 0.03312 | C21: ='Lead (30-Day_Avg)'!AB489 -> 0.026265714 | D21: ='Lead (30-Day_Avg)'!AC489 -> 0.12723167 | E21: ='Lead (30-Day_Avg)'!AD489 -> 0.0277 | F21: ='Lead (30-Day_Avg)'!AA490 -> 0.16 | G21: ='Lead (30-Day_Avg)'!AB490 -> 0.0947 | H21: ='Lead (30-Day_Avg)'!AC490 -> 3.145 | I21: ='Lead (30-Day_Avg)'!AD490 -> 0.0496 | J21: =AVERAGE(B21:E21) -> 0.053579345 | K21: =(J21-$B$33)/$B$33 -> 1.0008056
A22: May | B22: ='Lead (30-Day_Avg)'!AA520 -> 0.028093548 | C22: ='Lead (30-Day_Avg)'!AB520 -> 0.020872222 | D22: ='Lead (30-Day_Avg)'!AC520 -> 0.021795484 | E22: ='Lead (30-Day_Avg)'!AD520 -> 0.029919355 | F22: ='Lead (30-Day_Avg)'!AA521 -> 0.0523 | G22: ='Lead (30-Day_Avg)'!AB521 -> 0.049 | H22: ='Lead (30-Day_Avg)'!AC521 -> 0.176 | I22: ='Lead (30-Day_Avg)'!AD521 -> 0.119 | J22: =AVERAGE(B22:E22) -> 0.025170152 | K22: =(J22-$B$33)/$B$33 -> -0.060074685
A23: June | B23: ='Lead (30-Day_Avg)'!AA550 -> 0.02999 | C23: ='Lead (30-Day_Avg)'!AB550 -> 0.01992 | D23: ='Lead (30-Day_Avg)'!AC550 -> 0.018500667 | E23: ='Lead (30-Day_Avg)'!AD550 -> 0.021396667 | F23: ='Lead (30-Day_Avg)'!AA551 -> 0.0935 | G23: ='Lead (30-Day_Avg)'!AB551 -> 0.046 | H23: ='Lead (30-Day_Avg)'!AC551 -> 0.0618 | I23: ='Lead (30-Day_Avg)'!AD551 -> 0.0354 | J23: =AVERAGE(B23:E23) -> 0.022451833 | K23: =(J23-$B$33)/$B$33 -> -0.16158447
A24: July | B24: ='Lead (30-Day_Avg)'!AA581 -> 0.023290323 | C24: ='Lead (30-Day_Avg)'!AB581 -> 0.022496667 | D24: ='Lead (30-Day_Avg)'!AC581 -> 0.018733548 | E24: ='Lead (30-Day_Avg)'!AD581 -> 0.021112903 | F24: ='Lead (30-Day_Avg)'!AA582 -> 0.047 | G24: ='Lead (30-Day_Avg)'!AB582 -> 0.0391 | H24: ='Lead (30-Day_Avg)'!AC582 -> 0.0437 | I24: ='Lead (30-Day_Avg)'!AD582 -> 0.034 | J24: =AVERAGE(B24:E24) -> 0.02140836 | K24: =(J24-$B$33)/$B$33 -> -0.20055074
A25: August | B25: ='Lead (30-Day_Avg)'!AA612 -> 0.024664516 | C25: ='Lead (30-Day_Avg)'!AB612 -> 0.024602778 | D25: ='Lead (30-Day_Avg)'!AC612 -> 0.020794194 | E25: ='Lead (30-Day_Avg)'!AD612 -> 0.021948387 | F25: ='Lead (30-Day_Avg)'!AA613 -> 0.0518 | G25: ='Lead (30-Day_Avg)'!AB613 -> 0.0431 | H25: ='Lead (30-Day_Avg)'!AC613 -> 0.0446 | I25: ='Lead (30-Day_Avg)'!AD613 -> 0.0321 | J25: =AVERAGE(B25:E25) -> 0.023002469 | K25: =(J25-$B$33)/$B$33 -> -0.14102218
A26: September | B26: ='Lead (30-Day_Avg)'!AA642 -> 0.022075862 | C26: ='Lead (30-Day_Avg)'!AB642 -> 0.019264857 | D26: ='Lead (30-Day_Avg)'!AC642 -> 0.022983 | E26: ='Lead (30-Day_Avg)'!AD642 -> 0.02582 | F26: ='Lead (30-Day_Avg)'!AA643 -> 0.0346 | G26: ='Lead (30-Day_Avg)'!AB643 -> 0.0518 | H26: ='Lead (30-Day_Avg)'!AC643 -> 0.127 | I26: ='Lead (30-Day_Avg)'!AD643 -> 0.0442 | J26: =AVERAGE(B26:E26) -> 0.02253593 | K26: =(J26-$B$33)/$B$33 -> -0.15844407
A27: October | B27: ='Lead (30-Day_Avg)'!AA673 -> 0.024912903 | C27: ='Lead (30-Day_Avg)'!AB673 -> 0.027980556 | D27: ='Lead (30-Day_Avg)'!AC673 -> 0.026790323 | E27: ='Lead (30-Day_Avg)'!AD673 -> 0.039992903 | F27: ='Lead (30-Day_Avg)'!AA674 -> 0.0852 | G27: ='Lead (30-Day_Avg)'!AB674 -> 0.0732 | H27: ='Lead (30-Day_Avg)'!AC674 -> 0.0756 | I27: ='Lead (30-Day_Avg)'!AD674 -> 0.229 | J27: =AVERAGE(B27:E27) -> 0.029919171 | K27: =(J27-$B$33)/$B$33 -> 0.11726723
A28: November | B28: ='Lead (30-Day_Avg)'!AA703 -> 0.02031 | C28: ='Lead (30-Day_Avg)'!AB703 -> 0.023934286 | D28: ='Lead (30-Day_Avg)'!AC703 -> 0.022763333 | E28: ='Lead (30-Day_Avg)'!AD703 -> 0.026626667 | F28: ='Lead (30-Day_Avg)'!AA704 -> 0.048 | G28: ='Lead (30-Day_Avg)'!AB704 -> 0.0689 | H28: ='Lead (30-Day_Avg)'!AC704 -> 0.0773 | I28: ='Lead (30-Day_Avg)'!AD704 -> 0.0485 | J28: =AVERAGE(B28:E28) -> 0.023408571 | K28: =(J28-$B$33)/$B$33 -> -0.12585714
A29: December | B29: ='Lead (30-Day_Avg)'!AA734 -> 0.014403226 | C29: ='Lead (30-Day_Avg)'!AB734 -> 0.015713784 | D29: ='Lead (30-Day_Avg)'!AC734 -> 0.024961613 | E29: ='Lead (30-Day_Avg)'!AD734 -> 0.020625806 | F29: ='Lead (30-Day_Avg)'!AA735 -> 0.044 | G29: ='Lead (30-Day_Avg)'!AB735 -> 0.0518 | H29: ='Lead (30-Day_Avg)'!AC735 -> 0.0655 | I29: ='Lead (30-Day_Avg)'!AD735 -> 0.0419 | J29: =AVERAGE(B29:E29) -> 0.018926107 | K29: =(J29-$B$33)/$B$33 -> -0.29324515
B31: ='Lead (30-Day_Avg)'!AA741 -> 0.025143407 | C31: ='Lead (30-Day_Avg)'!AB741 -> 0.022647887 | D31: ='Lead (30-Day_Avg)'!AC741 -> 0.031269178 | E31: ='Lead (30-Day_Avg)'!AD741 -> 0.026334466 | F31: ='Lead (30-Day_Avg)'!AA742 -> 0.4 | G31: ='Lead (30-Day_Avg)'!AB742 -> 0.115 | H31: ='Lead (30-Day_Avg)'!AC742 -> 3.145 | I31: ='Lead (30-Day_Avg)'!AD742 -> 0.229
B33: ='Lead (30-Day_Avg)'!AA744 -> 0.026778885
A36: ARSENIC
C37: Averages | G37: Maximum
A38: Month | B38: Station 1 | C38: Station 2 | D38: Station 4 | E38: Station 5 | F38: Station 1 | G38: Station 2 | H38: Station 4 | I38: Station 5
A39: January | B39: ='Arsenic (Daily)'!V400 -> 0.78667742 | C39: ='Arsenic (Daily)'!W400 -> 0.92845556 | D39: ='Arsenic (Daily)'!X400 -> 0.84016129 | E39: ='Arsenic (Daily)'!Y400 -> 0.92447419 | F39: ='Arsenic (Daily)'!V401 -> 1.627 | G39: ='Arsenic (Daily)'!W401 -> 1.922 | H39: ='Arsenic (Daily)'!X401 -> 1.741 | I39: ='Arsenic (Daily)'!Y401 -> 1.846 | J39: =AVERAGE(B39:E39) -> 0.86994211 | K39: =(J39-$B$54)/$B$54 -> -0.068429166
A40: February | B40: ='Arsenic (Daily)'!V428 -> 0.62503214 | C40: ='Arsenic (Daily)'!W428 -> 0.64321818 | D40: ='Arsenic (Daily)'!X428 -> 0.58290714 | E40: ='Arsenic (Daily)'!Y428 -> 0.60734643 | F40: ='Arsenic (Daily)'!V429 -> 1.068 | G40: ='Arsenic (Daily)'!W429 -> 1.149 | H40: ='Arsenic (Daily)'!X429 -> 1.1 | I40: ='Arsenic (Daily)'!Y429 -> 1.12 | J40: =AVERAGE(B40:E40) -> 0.61462597 | K40: =(J40-$B$54)/$B$54 -> -0.34183249
A41: March | B41: ='Arsenic (Daily)'!V459 -> 0.92136129 | C41: ='Arsenic (Daily)'!W459 -> 1.0422528 | D41: ='Arsenic (Daily)'!X459 -> 0.70154839 | E41: ='Arsenic (Daily)'!Y459 -> 0.87112903 | F41: ='Arsenic (Daily)'!V460 -> 1.623 | G41: ='Arsenic (Daily)'!W460 -> 2.032 | H41: ='Arsenic (Daily)'!X460 -> 1.45 | I41: ='Arsenic (Daily)'!Y460 -> 1.69 | J41: =AVERAGE(B41:E41) -> 0.88407287 | K41: =(J41-$B$54)/$B$54 -> -0.053297353
A42: April | B42: ='Arsenic (Daily)'!V490 -> 0.99646 | C42: ='Arsenic (Daily)'!W490 -> 1.0071686 | D42: ='Arsenic (Daily)'!X490 -> 1.6759567 | E42: ='Arsenic (Daily)'!Y490 -> 0.90370333 | F42: ='Arsenic (Daily)'!V491 -> 2.044 | G42: ='Arsenic (Daily)'!W491 -> 2.264 | H42: ='Arsenic (Daily)'!X491 -> 28.43 | I42: ='Arsenic (Daily)'!Y491 -> 1.916 | J42: =AVERAGE(B42:E42) -> 1.1458221 | K42: =(J42-$B$54)/$B$54 -> 0.22699484
A43: May | B43: ='Arsenic (Daily)'!V520 -> 0.84092258 | C43: ='Arsenic (Daily)'!W520 -> 0.76303056 | D43: ='Arsenic (Daily)'!X520 -> 0.60766129 | E43: ='Arsenic (Daily)'!Y520 -> 0.71750968 | F43: ='Arsenic (Daily)'!V521 -> 1.807 | G43: ='Arsenic (Daily)'!W521 -> 1.666 | H43: ='Arsenic (Daily)'!X521 -> 1.354 | I43: ='Arsenic (Daily)'!Y521 -> 1.516 | J43: =AVERAGE(B43:E43) -> 0.73228103 | K43: =(J43-$B$54)/$B$54 -> -0.21584249
A44: June | B44: ='Arsenic (Daily)'!V551 -> 0.96904 | C44: ='Arsenic (Daily)'!W551 -> 0.99971143 | D44: ='Arsenic (Daily)'!X551 -> 0.71663667 | E44: ='Arsenic (Daily)'!Y551 -> 0.75157667 | F44: ='Arsenic (Daily)'!V552 -> 3.303 | G44: ='Arsenic (Daily)'!W552 -> 3.865 | H44: ='Arsenic (Daily)'!X552 -> 1.195 | I44: ='Arsenic (Daily)'!Y552 -> 1.63 | J44: =AVERAGE(B44:E44) -> 0.85924119 | K44: =(J44-$B$54)/$B$54 -> -0.079888168
A45: July | B45: ='Arsenic (Daily)'!V581 -> 0.96095161 | C45: ='Arsenic (Daily)'!W581 -> 0.98111111 | D45: ='Arsenic (Daily)'!X581 -> 0.86676774 | E45: ='Arsenic (Daily)'!Y581 -> 0.94854839 | F45: ='Arsenic (Daily)'!V582 -> 1.956 | G45: ='Arsenic (Daily)'!W582 -> 1.982 | H45: ='Arsenic (Daily)'!X582 -> 1.849 | I45: ='Arsenic (Daily)'!Y582 -> 1.847 | J45: =AVERAGE(B45:E45) -> 0.93934471 | K45: =(J45-$B$54)/$B$54 -> 0.0058900742
A46: August | B46: ='Arsenic (Daily)'!V612 -> 0.99222581 | C46: ='Arsenic (Daily)'!W612 -> 1.0531139 | D46: ='Arsenic (Daily)'!X612 -> 0.8927129 | E46: ='Arsenic (Daily)'!Y612 -> 0.97637097 | F46: ='Arsenic (Daily)'!V613 -> 1.468 | G46: ='Arsenic (Daily)'!W613 -> 1.652 | H46: ='Arsenic (Daily)'!X613 -> 1.386 | I46: ='Arsenic (Daily)'!Y613 -> 1.505 | J46: =AVERAGE(B46:E46) -> 0.97860589 | K46: =(J46-$B$54)/$B$54 -> 0.047932606
A47: September | B47: ='Arsenic (Daily)'!V643 -> 0.98188276 | C47: ='Arsenic (Daily)'!W643 -> 0.97715143 | D47: ='Arsenic (Daily)'!X643 -> 0.89391 | E47: ='Arsenic (Daily)'!Y643 -> 0.93441 | F47: ='Arsenic (Daily)'!V644 -> 2.125 | G47: ='Arsenic (Daily)'!W644 -> 1.839 | H47: ='Arsenic (Daily)'!X644 -> 1.688 | I47: ='Arsenic (Daily)'!Y644 -> 1.536 | J47: =AVERAGE(B47:E47) -> 0.94683855 | K47: =(J47-$B$54)/$B$54 -> 0.013914788
A48: October | B48: ='Arsenic (Daily)'!V673 -> 1.2503806 | C48: ='Arsenic (Daily)'!W673 -> 1.3053917 | D48: ='Arsenic (Daily)'!X673 -> 1.1888097 | E48: ='Arsenic (Daily)'!Y673 -> 1.282929 | F48: ='Arsenic (Daily)'!V674 -> 1.881 | G48: ='Arsenic (Daily)'!W674 -> 1.786 | H48: ='Arsenic (Daily)'!X674 -> 1.711 | I48: ='Arsenic (Daily)'!Y674 -> 1.862 | J48: =AVERAGE(B48:E48) -> 1.2568778 | K48: =(J48-$B$54)/$B$54 -> 0.34591789
A49: November | B49: ='Arsenic (Daily)'!V704 -> 0.98954 | C49: ='Arsenic (Daily)'!W704 -> 1.0925514 | D49: ='Arsenic (Daily)'!X704 -> 0.97944 | E49: ='Arsenic (Daily)'!Y704 -> 1.0412367 | F49: ='Arsenic (Daily)'!V705 -> 1.595 | G49: ='Arsenic (Daily)'!W705 -> 1.926 | H49: ='Arsenic (Daily)'!X705 -> 1.673 | I49: ='Arsenic (Daily)'!Y705 -> 1.556 | J49: =AVERAGE(B49:E49) -> 1.025692 | K49: =(J49-$B$54)/$B$54 -> 0.098354429
A50: December | B50: ='Arsenic (Daily)'!V734 -> 0.8272129 | C50: ='Arsenic (Daily)'!W734 -> 0.85833243 | D50: ='Arsenic (Daily)'!X734 -> 0.87022903 | E50: ='Arsenic (Daily)'!Y734 -> 0.86088387 | F50: ='Arsenic (Daily)'!V735 -> 1.555 | G50: ='Arsenic (Daily)'!W735 -> 1.837 | H50: ='Arsenic (Daily)'!X735 -> 1.775 | I50: ='Arsenic (Daily)'!Y735 -> 1.627 | J50: =AVERAGE(B50:E50) -> 0.85416456 | K50: =(J50-$B$54)/$B$54 -> -0.085324439
B52: ='Arsenic (Daily)'!V741 -> 0.93021538 | C52: ='Arsenic (Daily)'!W741 -> 0.97254859 | D52: ='Arsenic (Daily)'!X741 -> 0.90220356 | E52: ='Arsenic (Daily)'!Y741 -> 0.90402932 | F52: ='Arsenic (Daily)'!V742 -> 3.303 | G52: ='Arsenic (Daily)'!W742 -> 3.865 | H52: ='Arsenic (Daily)'!X742 -> 28.43 | I52: ='Arsenic (Daily)'!Y742 -> 1.916
B54: ='Arsenic (Daily)'!V744 -> 0.9338443
A57: 98th percentile | B57: Station 1 | C57: Station 2 | D57: Station 4 | E57: Station 5 | F57: ALL Stations
A58: Lead (µg/m3) | B58: ='Lead (30-Day_Avg)'!BZ6 -> 0.063444 | C58: ='Lead (30-Day_Avg)'!CA6 -> 0.059696 | D58: ='Lead (30-Day_Avg)'!CB6 -> 0.065878 | E58: ='Lead (30-Day_Avg)'!CC6 -> 0.0646 | F58: ='Lead (30-Day_Avg)'!CD6 -> 0.0641 | G58: 0.075 | H58: =(G58-F58)/F58 -> 0.1700468
A59: Arsenic (ng/m3) | B59: ='Arsenic (Daily)'!BV6 -> 2.0356 | C59: ='Arsenic (Daily)'!BW6 -> 2.00776 | D59: ='Arsenic (Daily)'!BX6 -> 1.7511 | E59: ='Arsenic (Daily)'!BY6 -> 1.8551 | F59: ='Arsenic (Daily)'!BZ6 -> 1.9212 | G59: 2.5 | H59: =(G59-F59)/F59 -> 0.30127004
A62: 98th percentile | B62: Station 1 | C62: Station 2 | D62: Station 4 | E62: Station 5 | F62: ALL Stations | G62: Proposed Limit
A63: Lead (µg/m3) | B63: 0.063554 | C63: 0.060162 | D63: 0.0664 | E63: 0.0646 | F63: 0.064348 | G63: 0.075
A64: Arsenic (ng/m3) | B64: 2.04546 | C64: 2.02384 | D64: 1.749 | E64: 1.858 | F64: 1.93282 | G64: 2.5

Sheet 2020 Summary
A1: Weekend / Weekday Ambient Monitor Results
C4: Lead (µg/m3) | F4: Arsenic (ng/m3)
A5: Parameter | B5: WeekEND | C5: WeekDAY | D5: % WD Diff | E5: WeekEND | F5: WeekDAY | G5: % WD Diff
A6: Maximum: | B6: ='Lead (30-Day_Avg)'!Z5 -> 0.1439475 | C6: ='Lead (30-Day_Avg)'!AA5 -> 0.194825 | D6: =(C6-B6)/B6 -> 0.35344483 | E6: ='Arsenic (Daily)'!V5 -> 3.848 | F6: ='Arsenic (Daily)'!W5 -> 5.832875 | G6: =(F6-E6)/E6 -> 0.51581991
A7: 90th percentile: | B7: ='Lead (30-Day_Avg)'!Z6 -> 0.026462972 | C7: ='Lead (30-Day_Avg)'!AA6 -> 0.051125 | D7: =(C7-B7)/B7 -> 0.93194473 | E7: ='Arsenic (Daily)'!V6 -> 1.297 | F7: ='Arsenic (Daily)'!W6 -> 1.7136451 | G7: =(F7-E7)/E7 -> 0.32123752
A8: 75th percentile: | B8: ='Lead (30-Day_Avg)'!Z7 -> 0.020052822 | C8: ='Lead (30-Day_Avg)'!AA7 -> 0.03815 | D8: =(C8-B8)/B8 -> 0.90247535 | E8: ='Arsenic (Daily)'!V7 -> 1.0465813 | F8: ='Arsenic (Daily)'!W7 -> 1.3592797 | G8: =(F8-E8)/E8 -> 0.29878087
A9: Average: | B9: ='Lead (30-Day_Avg)'!Z8 -> 0.017377401 | C9: ='Lead (30-Day_Avg)'!AA8 -> 0.03235197 | D9: =(C9-B9)/B9 -> 0.86172659 | E9: ='Arsenic (Daily)'!V8 -> 0.84828132 | F9: ='Arsenic (Daily)'!W8 -> 1.1258336 | G9: =(F9-E9)/E9 -> 0.32719369
A12: Excluding extraordinary events (looking at "normal" operations only).
A15: LEAD
C16: Averages | G16: Maximum
A17: Month | B17: Station 1 | C17: Station 2 | D17: Station 4 | E17: Station 5 | F17: Station 1 | G17: Station 2 | H17: Station 4 | I17: Station 5
A18: January | B18: ='Lead (30-Day_Avg)'!AA765 -> 0.020658065 | C18: ='Lead (30-Day_Avg)'!AB765 -> 0.024332432 | D18: ='Lead (30-Day_Avg)'!AC765 -> 0.027694194 | E18: ='Lead (30-Day_Avg)'!AD765 -> 0.025616129 | F18: ='Lead (30-Day_Avg)'!AA766 -> 0.0497 | G18: ='Lead (30-Day_Avg)'!AB766 -> 0.0654 | H18: ='Lead (30-Day_Avg)'!AC766 -> 0.0861 | I18: ='Lead (30-Day_Avg)'!AD766 -> 0.0652 | J18: =AVERAGE(B18:E18) -> 0.024575205 | K18: =(J18-$B$33)/$B$33 -> 0.11935515 | N18: 765 | O18: =1+N18 -> 766
A19: February | B19: ='Lead (30-Day_Avg)'!AA795 -> 0.019948276 | C19: ='Lead (30-Day_Avg)'!AB795 -> 0.021505294 | D19: ='Lead (30-Day_Avg)'!AC795 -> 0.023389655 | E19: ='Lead (30-Day_Avg)'!AD795 -> 0.028024138 | F19: ='Lead (30-Day_Avg)'!AA796 -> 0.0331 | G19: ='Lead (30-Day_Avg)'!AB796 -> 0.0576 | H19: ='Lead (30-Day_Avg)'!AC796 -> 0.0372 | I19: ='Lead (30-Day_Avg)'!AD796 -> 0.0507 | J19: =AVERAGE(B19:E19) -> 0.023216841 | K19: =(J19-$B$33)/$B$33 -> 0.057484177 | M19: 29 | N19: =N18+M19+1 -> 795 | O19: =1+N19 -> 796
A20: March | B20: ='Lead (30-Day_Avg)'!AA825 -> 0.02607129 | C20: ='Lead (30-Day_Avg)'!AB825 -> 0.014389444 | D20: ='Lead (30-Day_Avg)'!AC825 -> 0.01999871 | E20: ='Lead (30-Day_Avg)'!AD825 -> 0.02277871 | F20: ='Lead (30-Day_Avg)'!AA826 -> 0.245 | G20: ='Lead (30-Day_Avg)'!AB826 -> 0.036 | H20: ='Lead (30-Day_Avg)'!AC826 -> 0.062 | I20: ='Lead (30-Day_Avg)'!AD826 -> 0.0479 | J20: =AVERAGE(B20:E20) -> 0.020809539 | K20: =(J20-$B$33)/$B$33 -> -0.05216399 | M20: 31 | N20: =N19+M20-1 -> 825 | O20: =1+N20 -> 826
A21: April | B21: ='Lead (30-Day_Avg)'!AA855 -> 0.01655 | C21: ='Lead (30-Day_Avg)'!AB855 -> 0.010814286 | D21: ='Lead (30-Day_Avg)'!AC855 -> 0.0129385 | E21: ='Lead (30-Day_Avg)'!AD855 -> 0.017958667 | F21: ='Lead (30-Day_Avg)'!AA856 -> 0.0517 | G21: ='Lead (30-Day_Avg)'!AB856 -> 0.0308 | H21: ='Lead (30-Day_Avg)'!AC856 -> 0.032 | I21: ='Lead (30-Day_Avg)'!AD856 -> 0.0421 | J21: =AVERAGE(B21:E21) -> 0.014565363 | K21: =(J21-$B$33)/$B$33 -> -0.33657464 | M21: 30 | N21: 855 | O21: =1+N21 -> 856
A22: May | B22: ='Lead (30-Day_Avg)'!AA886 -> 0.024163871 | C22: ='Lead (30-Day_Avg)'!AB886 -> 0.019817222 | D22: ='Lead (30-Day_Avg)'!AC886 -> 0.029860645 | E22: ='Lead (30-Day_Avg)'!AD886 -> 0.022880645 | F22: ='Lead (30-Day_Avg)'!AA887 -> 0.0559 | G22: ='Lead (30-Day_Avg)'!AB887 -> 0.0493 | H22: ='Lead (30-Day_Avg)'!AC887 -> 0.145 | I22: ='Lead (30-Day_Avg)'!AD887 -> 0.0389 | J22: =AVERAGE(B22:E22) -> 0.024180596 | K22: =(J22-$B$33)/$B$33 -> 0.10138144 | M22: 31 | N22: 886 | O22: =1+N22 -> 887
A23: June | B23: ='Lead (30-Day_Avg)'!AA916 -> 0.022321333 | C23: ='Lead (30-Day_Avg)'!AB916 -> 0.017382571 | D23: ='Lead (30-Day_Avg)'!AC916 -> 0.016929 | E23: ='Lead (30-Day_Avg)'!AD916 -> 0.020437 | F23: ='Lead (30-Day_Avg)'!AA917 -> 0.125 | G23: ='Lead (30-Day_Avg)'!AB917 -> 0.0351 | H23: ='Lead (30-Day_Avg)'!AC917 -> 0.0325 | I23: ='Lead (30-Day_Avg)'!AD917 -> 0.0444 | J23: =AVERAGE(B23:E23) -> 0.019267476 | K23: =(J23-$B$33)/$B$33 -> -0.12240208 | M23: 30 | N23: 916 | O23: =1+N23 -> 917
A24: July | B24: ='Lead (30-Day_Avg)'!AA947 -> 0.017601613 | C24: ='Lead (30-Day_Avg)'!AB947 -> 0.017146111 | D24: ='Lead (30-Day_Avg)'!AC947 -> 0.017000968 | E24: ='Lead (30-Day_Avg)'!AD947 -> 0.017382903 | F24: ='Lead (30-Day_Avg)'!AA948 -> 0.0306 | G24: ='Lead (30-Day_Avg)'!AB948 -> 0.0299 | H24: ='Lead (30-Day_Avg)'!AC948 -> 0.0266 | I24: ='Lead (30-Day_Avg)'!AD948 -> 0.0281 | J24: =AVERAGE(B24:E24) -> 0.017282899 | K24: =(J24-$B$33)/$B$33 -> -0.21279591 | M24: 31 | N24: 947 | O24: =1+N24 -> 948
A25: August | B25: ='Lead (30-Day_Avg)'!AA978 -> 0.018927419 | C25: ='Lead (30-Day_Avg)'!AB978 -> 0.02025 | D25: ='Lead (30-Day_Avg)'!AC978 -> 0.018438065 | E25: ='Lead (30-Day_Avg)'!AD978 -> 0.022017 | F25: ='Lead (30-Day_Avg)'!AA979 -> 0.0334 | G25: ='Lead (30-Day_Avg)'!AB979 -> 0.0333 | H25: ='Lead (30-Day_Avg)'!AC979 -> 0.0598 | I25: ='Lead (30-Day_Avg)'!AD979 -> 0.0379 | J25: =AVERAGE(B25:E25) -> 0.019908121 | K25: =(J25-$B$33)/$B$33 -> -0.093221894 | M25: 31 | N25: 978 | O25: =1+N25 -> 979
A26: September | B26: ='Lead (30-Day_Avg)'!AA1008 -> 0.022266667 | C26: ='Lead (30-Day_Avg)'!AB1008 -> 0.023388 | D26: ='Lead (30-Day_Avg)'!AC1008 -> 0.024256 | E26: ='Lead (30-Day_Avg)'!AD1008 -> 0.029543333 | F26: ='Lead (30-Day_Avg)'!AA1009 -> 0.04 | G26: ='Lead (30-Day_Avg)'!AB1009 -> 0.044 | H26: ='Lead (30-Day_Avg)'!AC1009 -> 0.0531 | I26: ='Lead (30-Day_Avg)'!AD1009 -> 0.0472 | J26: =AVERAGE(B26:E26) -> 0.0248635 | K26: =(J26-$B$33)/$B$33 -> 0.13248646 | M26: 30 | N26: 1008 | O26: =1+N26 -> 1009
A27: October | B27: ='Lead (30-Day_Avg)'!AA1039 -> 0.022789677 | C27: ='Lead (30-Day_Avg)'!AB1039 -> 0.024784444 | D27: ='Lead (30-Day_Avg)'!AC1039 -> 0.027038387 | E27: ='Lead (30-Day_Avg)'!AD1039 -> 0.033132258 | F27: ='Lead (30-Day_Avg)'!AA1040 -> 0.088 | G27: ='Lead (30-Day_Avg)'!AB1040 -> 0.0905 | H27: ='Lead (30-Day_Avg)'!AC1040 -> 0.0909 | I27: ='Lead (30-Day_Avg)'!AD1040 -> 0.122 | J27: =AVERAGE(B27:E27) -> 0.026936192 | K27: =(J27-$B$33)/$B$33 -> 0.22689374 | M27: 31 | N27: 1039 | O27: =1+N27 -> 1040
A28: November | B28: ='Lead (30-Day_Avg)'!AA1069 -> 0.021753333 | C28: ='Lead (30-Day_Avg)'!AB1069 -> 0.023133714 | D28: ='Lead (30-Day_Avg)'!AC1069 -> 0.022006333 | E28: ='Lead (30-Day_Avg)'!AD1069 -> 0.03282 | F28: ='Lead (30-Day_Avg)'!AA1070 -> 0.0644 | G28: ='Lead (30-Day_Avg)'!AB1070 -> 0.0705 | H28: ='Lead (30-Day_Avg)'!AC1070 -> 0.0465 | I28: ='Lead (30-Day_Avg)'!AD1070 -> 0.073 | J28: =AVERAGE(B28:E28) -> 0.024928345 | K28: =(J28-$B$33)/$B$33 -> 0.13544004 | M28: 30 | N28: 1069 | O28: =1+N28 -> 1070
A29: December | B29: ='Lead (30-Day_Avg)'!AA1100 -> 0.01814871 | C29: ='Lead (30-Day_Avg)'!AB1100 -> 0.019063784 | D29: ='Lead (30-Day_Avg)'!AC1100 -> 0.018861935 | E29: ='Lead (30-Day_Avg)'!AD1100 -> 0.026611935 | F29: ='Lead (30-Day_Avg)'!AA1101 -> 0.0352 | G29: ='Lead (30-Day_Avg)'!AB1101 -> 0.0412 | H29: ='Lead (30-Day_Avg)'!AC1101 -> 0.0364 | I29: ='Lead (30-Day_Avg)'!AD1101 -> 0.0496 | J29: =AVERAGE(B29:E29) -> 0.020671591 | K29: =(J29-$B$33)/$B$33 -> -0.05844724 | M29: 31 | N29: 1100 | O29: =1+N29 -> 1101
B31: ='Lead (30-Day_Avg)'!AA741 -> 0.025143407 | C31: ='Lead (30-Day_Avg)'!AB741 -> 0.022647887 | D31: ='Lead (30-Day_Avg)'!AC741 -> 0.031269178 | E31: ='Lead (30-Day_Avg)'!AD741 -> 0.026334466 | F31: ='Lead (30-Day_Avg)'!AA742 -> 0.4 | G31: ='Lead (30-Day_Avg)'!AB742 -> 0.115 | H31: ='Lead (30-Day_Avg)'!AC742 -> 3.145 | I31: ='Lead (30-Day_Avg)'!AD742 -> 0.229
B33: ='Lead (30-Day_Avg)'!AA1110 -> 0.021954788
A36: ARSENIC | M36: ARSENIC
C37: Averages | G37: Maximum
A38: Month | B38: Station 1 | C38: Station 2 | D38: Station 4 | E38: Station 5 | F38: Station 1 | G38: Station 2 | H38: Station 4 | I38: Station 5 | M38: Month | N38: Average
A39: January | B39: ='Arsenic (Daily)'!V765 -> 1.0317032 | C39: ='Arsenic (Daily)'!W765 -> 1.1796054 | D39: ='Arsenic (Daily)'!X765 -> 1.0751226 | E39: ='Arsenic (Daily)'!Y765 -> 1.0684097 | F39: ='Arsenic (Daily)'!V766 -> 1.668 | G39: ='Arsenic (Daily)'!W766 -> 1.98 | H39: ='Arsenic (Daily)'!X766 -> 1.818 | I39: ='Arsenic (Daily)'!Y766 -> 1.802 | J39: =AVERAGE(B39:E39) -> 1.0887102 | K39: =(J39-$B$54)/$B$54 -> 0.081955697 | M39: January | N39: 1.0887102
A40: February | B40: ='Arsenic (Daily)'!V793 -> 1.0439207 | C40: ='Arsenic (Daily)'!W793 -> 1.0917912 | D40: ='Arsenic (Daily)'!X793 -> 1.0705103 | E40: ='Arsenic (Daily)'!Y793 -> 1.0809483 | F40: ='Arsenic (Daily)'!V794 -> 2.122 | G40: ='Arsenic (Daily)'!W794 -> 2.319 | H40: ='Arsenic (Daily)'!X794 -> 2.924 | I40: ='Arsenic (Daily)'!Y794 -> 2.423 | J40: =AVERAGE(B40:E40) -> 1.0717926 | K40: =(J40-$B$54)/$B$54 -> 0.065143056 | M40: February | N40: 1.0717926
A41: March | B41: ='Arsenic (Daily)'!V825 -> 0.59493871 | C41: ='Arsenic (Daily)'!W825 -> 0.6185 | D41: ='Arsenic (Daily)'!X825 -> 0.52580968 | E41: ='Arsenic (Daily)'!Y825 -> 0.58219355 | F41: ='Arsenic (Daily)'!V826 -> 2.072 | G41: ='Arsenic (Daily)'!W826 -> 1.158 | H41: ='Arsenic (Daily)'!X826 -> 1.129 | I41: ='Arsenic (Daily)'!Y826 -> 1.072 | J41: =AVERAGE(B41:E41) -> 0.58036048 | K41: =(J41-$B$54)/$B$54 -> -0.42324016 | M41: March | N41: 0.58036048
A42: April | B42: ='Arsenic (Daily)'!V856 -> 0.65752667 | C42: ='Arsenic (Daily)'!W856 -> 0.6198 | D42: ='Arsenic (Daily)'!X856 -> 0.57664667 | E42: ='Arsenic (Daily)'!Y856 -> 0.6727 | F42: ='Arsenic (Daily)'!V857 -> 1.377 | G42: ='Arsenic (Daily)'!W857 -> 1.534 | H42: ='Arsenic (Daily)'!X857 -> 1.224 | I42: ='Arsenic (Daily)'!Y857 -> 1.479 | J42: =AVERAGE(B42:E42) -> 0.63166833 | K42: =(J42-$B$54)/$B$54 -> -0.37225063 | M42: April | N42: 0.63166833
A43: May | B43: ='Arsenic (Daily)'!V886 -> 0.80149355 | C43: ='Arsenic (Daily)'!W886 -> 0.76463333 | D43: ='Arsenic (Daily)'!X886 -> 0.70420968 | E43: ='Arsenic (Daily)'!Y886 -> 0.73268065 | F43: ='Arsenic (Daily)'!V887 -> 1.727 | G43: ='Arsenic (Daily)'!W887 -> 1.663 | H43: ='Arsenic (Daily)'!X887 -> 1.712 | I43: ='Arsenic (Daily)'!Y887 -> 1.42 | J43: =AVERAGE(B43:E43) -> 0.7507543 | K43: =(J43-$B$54)/$B$54 -> -0.25390349 | M43: May | N43: 0.7507543
A44: June | B44: ='Arsenic (Daily)'!V917 -> 0.71643 | C44: ='Arsenic (Daily)'!W917 -> 0.70858 | D44: ='Arsenic (Daily)'!X917 -> 0.63011667 | E44: ='Arsenic (Daily)'!Y917 -> 0.69807333 | F44: ='Arsenic (Daily)'!V918 -> 1.981 | G44: ='Arsenic (Daily)'!W918 -> 1.677 | H44: ='Arsenic (Daily)'!X918 -> 1.031 | I44: ='Arsenic (Daily)'!Y918 -> 1.218 | J44: =AVERAGE(B44:E44) -> 0.6883 | K44: =(J44-$B$54)/$B$54 -> -0.31597032 | M44: June | N44: 0.6883
A45: July | B45: ='Arsenic (Daily)'!V947 -> 0.92119355 | C45: ='Arsenic (Daily)'!W947 -> 0.92514167 | D45: ='Arsenic (Daily)'!X947 -> 0.85078065 | E45: ='Arsenic (Daily)'!Y947 -> 0.89032581 | F45: ='Arsenic (Daily)'!V948 -> 3.026 | G45: ='Arsenic (Daily)'!W948 -> 3.227 | H45: ='Arsenic (Daily)'!X948 -> 2.865 | I45: ='Arsenic (Daily)'!Y948 -> 2.986 | J45: =AVERAGE(B45:E45) -> 0.89686042 | K45: =(J45-$B$54)/$B$54 -> -0.10870384 | M45: July | N45: 0.89686042
A46: August | B46: ='Arsenic (Daily)'!V978 -> 0.93962903 | C46: ='Arsenic (Daily)'!W978 -> 0.96251111 | D46: ='Arsenic (Daily)'!X978 -> 0.91809032 | E46: ='Arsenic (Daily)'!Y978 -> 0.96564667 | F46: ='Arsenic (Daily)'!V979 -> 1.473 | G46: ='Arsenic (Daily)'!W979 -> 1.569 | H46: ='Arsenic (Daily)'!X979 -> 1.55 | I46: ='Arsenic (Daily)'!Y979 -> 1.455 | J46: =AVERAGE(B46:E46) -> 0.94646928 | K46: =(J46-$B$54)/$B$54 -> -0.059402757 | M46: August | N46: 0.94646928
A47: September | B47: ='Arsenic (Daily)'!V1009 -> 1.30455 | C47: ='Arsenic (Daily)'!W1009 -> 1.2968057 | D47: ='Arsenic (Daily)'!X1009 -> 1.3057767 | E47: ='Arsenic (Daily)'!Y1009 -> 1.37711 | F47: ='Arsenic (Daily)'!V1010 -> 2.003 | G47: ='Arsenic (Daily)'!W1010 -> 2.282 | H47: ='Arsenic (Daily)'!X1010 -> 2.271 | I47: ='Arsenic (Daily)'!Y1010 -> 2.212 | J47: =AVERAGE(B47:E47) -> 1.3210606 | K47: =(J47-$B$54)/$B$54 -> 0.31286453 | M47: September | N47: 1.3210606
A48: October | B48: ='Arsenic (Daily)'!V1039 -> 1.5982903 | C48: ='Arsenic (Daily)'!W1039 -> 1.6874194 | D48: ='Arsenic (Daily)'!X1039 -> 1.6701226 | E48: ='Arsenic (Daily)'!Y1039 -> 1.7393355 | F48: ='Arsenic (Daily)'!V1040 -> 5.541 | G48: ='Arsenic (Daily)'!W1040 -> 5.626 | H48: ='Arsenic (Daily)'!X1040 -> 5.916 | I48: ='Arsenic (Daily)'!Y1040 -> 6.464 | J48: =AVERAGE(B48:E48) -> 1.673792 | K48: =(J48-$B$54)/$B$54 -> 0.6634075 | M48: October | N48: 1.673792
A49: November | B49: ='Arsenic (Daily)'!V1070 -> 1.2706467 | C49: ='Arsenic (Daily)'!W1070 -> 1.1829029 | D49: ='Arsenic (Daily)'!X1070 -> 1.1906867 | E49: ='Arsenic (Daily)'!Y1070 -> 1.3093733 | F49: ='Arsenic (Daily)'!V1071 -> 2.613 | G49: ='Arsenic (Daily)'!W1071 -> 2.307 | H49: ='Arsenic (Daily)'!X1071 -> 2.064 | I49: ='Arsenic (Daily)'!Y1071 -> 2.196 | J49: =AVERAGE(B49:E49) -> 1.2384024 | K49: =(J49-$B$54)/$B$54 -> 0.23071914 | M49: November | N49: 1.2384024
A50: December | B50: ='Arsenic (Daily)'!V1100 -> 1.2636839 | C50: ='Arsenic (Daily)'!W1100 -> 1.1543486 | D50: ='Arsenic (Daily)'!X1100 -> 1.0771097 | E50: ='Arsenic (Daily)'!Y1100 -> 1.2194 | F50: ='Arsenic (Daily)'!V1101 -> 2.481 | G50: ='Arsenic (Daily)'!W1101 -> 2.655 | H50: ='Arsenic (Daily)'!X1101 -> 2.095 | I50: ='Arsenic (Daily)'!Y1101 -> 2.164 | J50: =AVERAGE(B50:E50) -> 1.1786355 | K50: =(J50-$B$54)/$B$54 -> 0.17132311 | M50: December | N50: 1.6062174
B52: ='Arsenic (Daily)'!V741 -> 0.93021538 | C52: ='Arsenic (Daily)'!W741 -> 0.97254859 | D52: ='Arsenic (Daily)'!X741 -> 0.90220356 | E52: ='Arsenic (Daily)'!Y741 -> 0.90402932 | F52: ='Arsenic (Daily)'!V742 -> 3.303 | G52: ='Arsenic (Daily)'!W742 -> 3.865 | H52: ='Arsenic (Daily)'!X742 -> 28.43 | I52: ='Arsenic (Daily)'!Y742 -> 1.916
B54: ='Arsenic (Daily)'!V1110 -> 1.0062429
A57: 98th percentile | B57: Station 1 | C57: Station 2 | D57: Station 4 | E57: Station 5 | F57: ALL Stations
A58: Lead (µg/m3) | B58: ='Lead (30-Day_Avg)'!BS6 -> 0.05131 | C58: ='Lead (30-Day_Avg)'!BT6 -> 0.050022 | D58: ='Lead (30-Day_Avg)'!BU6 -> 0.0592 | E58: ='Lead (30-Day_Avg)'!BV6 -> 0.049572 | F58: ='Lead (30-Day_Avg)'!BW6 -> 0.052268 | G58: 0.075 | H58: =(G58-F58)/F58 -> 0.43491237
A59: Arsenic (ng/m3) | B59: ='Arsenic (Daily)'!BV6 -> 2.0356 | C59: ='Arsenic (Daily)'!BW6 -> 2.00776 | D59: ='Arsenic (Daily)'!BX6 -> 1.7511 | E59: ='Arsenic (Daily)'!BY6 -> 1.8551 | F59: ='Arsenic (Daily)'!BZ6 -> 1.9212 | G59: 2.5 | H59: =(G59-F59)/F59 -> 0.30127004
A62: 98th percentile | B62: Station 1 | C62: Station 2 | D62: Station 4 | E62: Station 5 | F62: ALL Stations | G62: Proposed Limit
A63: Lead (µg/m3) | B63: 0.05131 | C63: 0.050022 | D63: 0.0592 | E63: 0.049572 | F63: 0.052268 | G63: 0.075
A64: Arsenic (ng/m3) | B64: 2.04546 | C64: 2.02384 | D64: 1.749 | E64: 1.858 | F64: 1.93282 | G64: 2.5
M67: Month | N67: ARSENIC | O67: LEAD
L68: 2019 | M68: January | N68: 0.86994211 | O68: 0.025568163
M69: February | N69: 0.61462597 | O69: 0.025587192
M70: March | N70: 0.88407287 | O70: 0.02511166
M71: April | N71: 1.1458221 | O71: 0.053579345
M72: May | N72: 0.73228103 | O72: 0.025170152
M73: June | N73: 0.85924119 | O73: 0.022451833
M74: July | N74: 0.93934471 | O74: 0.02140836
M75: August | N75: 0.97860589 | O75: 0.023002469
M76: September | N76: 0.94683855 | O76: 0.02253593
M77: October | N77: 1.2568778 | O77: 0.029919171
M78: November | N78: 1.025692 | O78: 0.023408571
M79: December | N79: 0.85416456 | O79: 0.018926107
L80: 2020 | M80: January | N80: 1.0887102 | O80: 0.024575205
M81: February | N81: 1.0717926 | O81: 0.023216841
M82: March | N82: 0.58036048 | O82: 0.020809539
M83: April | N83: 0.63166833 | O83: 0.014565363
M84: May | N84: 0.7507543 | O84: 0.024180596
M85: June | N85: 0.6883 | O85: 0.019267476
M86: July | N86: 0.89686042 | O86: 0.017282899
M87: August | N87: 0.94646928 | O87: 0.019908121
M88: September | N88: 1.3210606 | O88: 0.0248635 | P88: Lead in Air
M89: October | N89: 1.673792 | O89: 0.026936192 | P89: Lead in Air
M90: November | N90: 1.2384024 | O90: 0.024928345 | P90: Lead in Air
M91: December | N91: 1.6062174 | O91: 0.027965657 | P91: Lead in Air

Sheet 2021 Summary
A1: Monthly Ambient Monitor Statistics -- 2021
C4: Lead (µg/m3) | F4: Arsenic (ng/m3)
A5: Parameter | B5: WeekEND | C5: WeekDAY | D5: % WD Diff | E5: WeekEND | F5: WeekDAY | G5: % WD Diff
A6: Maximum: | B6: ='Lead (30-Day_Avg)'!Z5 -> 0.1439475 | C6: ='Lead (30-Day_Avg)'!AA5 -> 0.194825 | D6: =(C6-B6)/B6 -> 0.35344483 | E6: ='Arsenic (Daily)'!V5 -> 3.848 | F6: ='Arsenic (Daily)'!W5 -> 5.832875 | G6: =(F6-E6)/E6 -> 0.51581991
A7: 90th percentile: | B7: ='Lead (30-Day_Avg)'!Z6 -> 0.026462972 | C7: ='Lead (30-Day_Avg)'!AA6 -> 0.051125 | D7: =(C7-B7)/B7 -> 0.93194473 | E7: ='Arsenic (Daily)'!V6 -> 1.297 | F7: ='Arsenic (Daily)'!W6 -> 1.7136451 | G7: =(F7-E7)/E7 -> 0.32123752
A8: 75th percentile: | B8: ='Lead (30-Day_Avg)'!Z7 -> 0.020052822 | C8: ='Lead (30-Day_Avg)'!AA7 -> 0.03815 | D8: =(C8-B8)/B8 -> 0.90247535 | E8: ='Arsenic (Daily)'!V7 -> 1.0465813 | F8: ='Arsenic (Daily)'!W7 -> 1.3592797 | G8: =(F8-E8)/E8 -> 0.29878087
A9: Average: | B9: ='Lead (30-Day_Avg)'!Z8 -> 0.017377401 | C9: ='Lead (30-Day_Avg)'!AA8 -> 0.03235197 | D9: =(C9-B9)/B9 -> 0.86172659 | E9: ='Arsenic (Daily)'!V8 -> 0.84828132 | F9: ='Arsenic (Daily)'!W8 -> 1.1258336 | G9: =(F9-E9)/E9 -> 0.32719369
A12: Excluding extraordinary events (looking at "normal" operations only).
A15: LEAD
C16: Averages | G16: Maximum
A17: Month | B17: Station 1 | C17: Station 2 | D17: Station 4 | E17: Station 5 | F17: Station 1 | G17: Station 2 | H17: Station 4 | I17: Station 5
A18: January | B18: ='Lead (30-Day_Avg)'!AA1131 -> 0.015872258 | C18: ='Lead (30-Day_Avg)'!AB1131 -> 0.013442222 | D18: ='Lead (30-Day_Avg)'!AC1131 -> 0.016110645 | E18: ='Lead (30-Day_Avg)'!AD1131 -> 0.02379129 | F18: ='Lead (30-Day_Avg)'!AA1132 -> 0.0407 | G18: ='Lead (30-Day_Avg)'!AB1132 -> 0.0259 | H18: ='Lead (30-Day_Avg)'!AC766 -> 0.0861 | I18: ='Lead (30-Day_Avg)'!AD766 -> 0.0652 | J18: =AVERAGE(B18:E18) -> 0.017304104 | K18: =(J18-$B$33)/$B$33 -> -0.21183006 | N18: 765 | O18: =1+N18 -> 766
A19: February | B19: ='Lead (30-Day_Avg)'!AA1160 -> 0.024778571 | C19: ='Lead (30-Day_Avg)'!AB1160 -> 0.0243 | D19: ='Lead (30-Day_Avg)'!AC1160 -> 0.020097857 | E19: ='Lead (30-Day_Avg)'!AD1160 -> 0.034053571 | F19: ='Lead (30-Day_Avg)'!AA1161 -> 0.0548 | G19: ='Lead (30-Day_Avg)'!AB1161 -> 0.0613 | H19: ='Lead (30-Day_Avg)'!AC1161 -> 0.037 | I19: ='Lead (30-Day_Avg)'!AD1161 -> 0.0661 | J19: =AVERAGE(B19:E19) -> 0.0258075 | K19: =(J19-$B$33)/$B$33 -> 0.17548392 | M19: 29 | N19: =N18+M19+1 -> 795 | O19: =1+N19 -> 796
A20: March | J20: =AVERAGE(B20:E20) -> #DIV/0! | K20: =(J20-$B$33)/$B$33 -> #DIV/0! | M20: 31 | N20: =N19+M20-1 -> 825 | O20: =1+N20 -> 826
A21: April | J21: =AVERAGE(B21:E21) -> #DIV/0! | K21: =(J21-$B$33)/$B$33 -> #DIV/0! | M21: 30 | N21: 855 | O21: =1+N21 -> 856
A22: May | J22: =AVERAGE(B22:E22) -> #DIV/0! | K22: =(J22-$B$33)/$B$33 -> #DIV/0! | M22: 31 | N22: 886 | O22: =1+N22 -> 887
A23: June | J23: =AVERAGE(B23:E23) -> #DIV/0! | K23: =(J23-$B$33)/$B$33 -> #DIV/0! | M23: 30 | N23: 916 | O23: =1+N23 -> 917
A24: July | J24: =AVERAGE(B24:E24) -> #DIV/0! | K24: =(J24-$B$33)/$B$33 -> #DIV/0! | M24: 31 | N24: 947 | O24: =1+N24 -> 948
A25: August | J25: =AVERAGE(B25:E25) -> #DIV/0! | K25: =(J25-$B$33)/$B$33 -> #DIV/0! | M25: 31 | N25: 978 | O25: =1+N25 -> 979
A26: September | J26: =AVERAGE(B26:E26) -> #DIV/0! | K26: =(J26-$B$33)/$B$33 -> #DIV/0! | M26: 30 | N26: 1008 | O26: =1+N26 -> 1009
A27: October | J27: =AVERAGE(B27:E27) -> #DIV/0! | K27: =(J27-$B$33)/$B$33 -> #DIV/0! | M27: 31 | N27: 1039 | O27: =1+N27 -> 1040
A28: November | J28: =AVERAGE(B28:E28) -> #DIV/0! | K28: =(J28-$B$33)/$B$33 -> #DIV/0! | M28: 30 | N28: 1069 | O28: =1+N28 -> 1070
A29: December | J29: =AVERAGE(B29:E29) -> #DIV/0! | K29: =(J29-$B$33)/$B$33 -> #DIV/0! | M29: 31 | N29: 1100 | O29: =1+N29 -> 1101
B31: ='Lead (30-Day_Avg)'!AA741 -> 0.025143407 | C31: ='Lead (30-Day_Avg)'!AB741 -> 0.022647887 | D31: ='Lead (30-Day_Avg)'!AC741 -> 0.031269178 | E31: ='Lead (30-Day_Avg)'!AD741 -> 0.026334466 | F31: ='Lead (30-Day_Avg)'!AA742 -> 0.4 | G31: ='Lead (30-Day_Avg)'!AB742 -> 0.115 | H31: ='Lead (30-Day_Avg)'!AC742 -> 3.145 | I31: ='Lead (30-Day_Avg)'!AD742 -> 0.229
B33: ='Lead (30-Day_Avg)'!AA1110 -> 0.021954788
A36: ARSENIC | M36: ARSENIC
C37: Averages | G37: Maximum
A38: Month | B38: Station 1 | C38: Station 2 | D38: Station 4 | E38: Station 5 | F38: Station 1 | G38: Station 2 | H38: Station 4 | I38: Station 5 | M38: Month | N38: Average
A39: January | B39: ='Arsenic (Daily)'!V1131 -> 1.8958323 | C39: ='Arsenic (Daily)'!W1131 -> 1.084775 | D39: ='Arsenic (Daily)'!X1131 -> 0.97122581 | E39: ='Arsenic (Daily)'!Y1131 -> 1.2603129 | F39: ='Arsenic (Daily)'!V1132 -> 5.866 | G39: ='Arsenic (Daily)'!W1132 -> 2.069 | H39: ='Arsenic (Daily)'!X1132 -> 1.943 | I39: ='Arsenic (Daily)'!Y1132 -> 2.847 | J39: =AVERAGE(B39:E39) -> 1.3030365 | K39: =(J39-$B$54)/$B$54 -> 0.29495225 | M39: January
A40: February | B40: ='Arsenic (Daily)'!V1159 -> 1.2624107 | C40: ='Arsenic (Daily)'!W1159 -> 1.0674406 | D40: ='Arsenic (Daily)'!X1159 -> 0.99655357 | E40: ='Arsenic (Daily)'!Y1159 -> 1.1090571 | F40: ='Arsenic (Daily)'!V1160 -> 2.609 | G40: ='Arsenic (Daily)'!W1160 -> 1.799 | H40: ='Arsenic (Daily)'!X1160 -> 1.559 | I40: ='Arsenic (Daily)'!Y1160 -> 1.496 | J40: =AVERAGE(B40:E40) -> 1.1088655 | K40: =(J40-$B$54)/$B$54 -> 0.10198594 | M40: February
A41: March | J41: =AVERAGE(B41:E41) -> #DIV/0! | K41: =(J41-$B$54)/$B$54 -> #DIV/0! | M41: March
A42: April | J42: =AVERAGE(B42:E42) -> #DIV/0! | K42: =(J42-$B$54)/$B$54 -> #DIV/0! | M42: April
A43: May | J43: =AVERAGE(B43:E43) -> #DIV/0! | K43: =(J43-$B$54)/$B$54 -> #DIV/0! | M43: May
A44: June | J44: =AVERAGE(B44:E44) -> #DIV/0! | K44: =(J44-$B$54)/$B$54 -> #DIV/0! | M44: June
A45: July | J45: =AVERAGE(B45:E45) -> #DIV/0! | K45: =(J45-$B$54)/$B$54 -> #DIV/0! | M45: July
A46: August | J46: =AVERAGE(B46:E46) -> #DIV/0! | K46: =(J46-$B$54)/$B$54 -> #DIV/0! | M46: August
A47: September | J47: =AVERAGE(B47:E47) -> #DIV/0! | K47: =(J47-$B$54)/$B$54 -> #DIV/0! | M47: September
A48: October | J48: =AVERAGE(B48:E48) -> #DIV/0! | K48: =(J48-$B$54)/$B$54 -> #DIV/0! | M48: October
A49: November | J49: =AVERAGE(B49:E49) -> #DIV/0! | K49: =(J49-$B$54)/$B$54 -> #DIV/0! | M49: November
A50: December | J50: =AVERAGE(B50:E50) -> #DIV/0! | K50: =(J50-$B$54)/$B$54 -> #DIV/0! | M50: December
B52: ='Arsenic (Daily)'!V741 -> 0.93021538 | C52: ='Arsenic (Daily)'!W741 -> 0.97254859 | D52: ='Arsenic (Daily)'!X741 -> 0.90220356 | E52: ='Arsenic (Daily)'!Y741 -> 0.90402932 | F52: ='Arsenic (Daily)'!V742 -> 3.303 | G52: ='Arsenic (Daily)'!W742 -> 3.865 | H52: ='Arsenic (Daily)'!X742 -> 28.43 | I52: ='Arsenic (Daily)'!Y742 -> 1.916
B54: ='Arsenic (Daily)'!V1110 -> 1.0062429
A57: 98th percentile | B57: Station 1 | C57: Station 2 | D57: Station 4 | E57: Station 5 | F57: ALL Stations
A58: Lead (µg/m3) | B58: ='Lead (30-Day_Avg)'!BL6 -> 0.053572 | C58: ='Lead (30-Day_Avg)'!BM6 -> 0.055964 | D58: ='Lead (30-Day_Avg)'!BN6 -> 0.038472 | E58: ='Lead (30-Day_Avg)'!BO6 -> 0.11676 | F58: ='Lead (30-Day_Avg)'!BP6 -> 0.057286 | G58: 0.075 | H58: =(G58-F58)/F58 -> 0.3092204
A59: Arsenic (ng/m3) | B59: ='Arsenic (Daily)'!BV6 -> 2.0356 | C59: ='Arsenic (Daily)'!BW6 -> 2.00776 | D59: ='Arsenic (Daily)'!BX6 -> 1.7511 | E59: ='Arsenic (Daily)'!BY6 -> 1.8551 | F59: ='Arsenic (Daily)'!BZ6 -> 1.9212 | G59: 2.5 | H59: =(G59-F59)/F59 -> 0.30127004
A62: 98th percentile | B62: Station 1 | C62: Station 2 | D62: Station 4 | E62: Station 5 | F62: ALL Stations | G62: Proposed Limit
A63: Lead (µg/m3) | B63: 0.063554 | C63: 0.060162 | D63: 0.0664 | E63: 0.0646 | F63: 0.064348 | G63: 0.075
A64: Arsenic (ng/m3) | B64: 2.04546 | C64: 2.02384 | D64: 1.749 | E64: 1.858 | F64: 1.93282 | G64: 2.5
M67: Month | N67: ARSENIC | O67: LEAD
L68: 2019 | M68: January | N68: 0.86994211 | O68: 0.025568163
M69: February | N69: 0.61462597 | O69: 0.025587192
M70: March | N70: 0.88407287 | O70: 0.02511166
M71: April | N71: 1.1458221 | O71: 0.053579345
M72: May | N72: 0.73228103 | O72: 0.025170152
M73: June | N73: 0.85924119 | O73: 0.022451833
M74: July | N74: 0.93934471 | O74: 0.02140836
M75: August | N75: 0.97860589 | O75: 0.023002469
M76: September | N76: 0.94683855 | O76: 0.02253593
M77: October | N77: 1.2568778 | O77: 0.029919171
M78: November | N78: 1.025692 | O78: 0.023408571
M79: December | N79: 0.85416456 | O79: 0.018926107
L80: 2020 | M80: January | N80: 1.0887102 | O80: 0.024575205
M81: February | N81: 1.0717926 | O81: 0.023216841
M82: March | N82: 0.58036048 | O82: 0.020809539
M83: April | N83: 0.63166833 | O83: 0.014565363
M84: May | N84: 0.7507543 | O84: 0.024180596
M85: June | N85: 0.6883 | O85: 0.019267476
M86: July | N86: 0.89686042 | O86: 0.017282899
M87: August | N87: 0.94646928 | O87: 0.019908121
M88: September | N88: 1.3210606 | O88: 0.0248635
M89: October | N89: 1.673792 | O89: 0.026936192
M90: November | N90: 1.2384024 | O90: 0.024928345
M91: December | N91: 1.6062174 | O91: 0.027965657

Sheet Average Summary
C3: Lead Averages | G3: Arsenic Averages
A4: Month | B4: Station 1 | C4: Station 2 | D4: Station 4 | E4: Station 5 | F4: Station 1 | G4: Station 2 | H4: Station 4 | I4: Station 5 | J4: All Stations | W4: 0 | X4: 0 | Y4: 0 | Z4: 0
A5: 43101 | F5: ='2018 Summary'!B39 -> 1.6030323 | G5: ='2018 Summary'!C39 -> 1.4038778 | H5: ='2018 Summary'!D39 -> 1.2265581 | I5: ='2018 Summary'!E39 -> 1.4970645 | J5: =AVERAGE(F5:I5) -> 1.4326332 | O5: =IF(F5>=1.25,1,0) -> 1 | P5: =IF(G5>=1.25,1,0) -> 1 | Q5: =IF(H5>=1.25,1,0) -> 0 | R5: =IF(I5>=1.25,1,0) -> 1 | S5: =IF(F5>=1,1,0) -> 1 | T5: =IF(G5>=1,1,0) -> 1 | U5: =IF(H5>=1,1,0) -> 1 | V5: =IF(I5>=1,1,0) -> 1 | W5: =IF(S5=1,S5+W4,0) -> 1 | X5: =IF(T5=1,T5+X4,0) -> 1 | Y5: =IF(U5=1,U5+Y4,0) -> 1 | Z5: =IF(V5=1,V5+Z4,0) -> 1
A6: 43132 | F6: ='2018 Summary'!B40 -> 1.0420036 | G6: ='2018 Summary'!C40 -> 1.0304879 | H6: ='2018 Summary'!D40 -> 0.89647143 | I6: ='2018 Summary'!E40 -> 1.0923321 | J6: =AVERAGE(F6:I6) -> 1.0153238 | O6: =IF(F6>=1.25,1,0) -> 0 | P6: =IF(G6>=1.25,1,0) -> 0 | Q6: =IF(H6>=1.25,1,0) -> 0 | R6: =IF(I6>=1.25,1,0) -> 0 | S6: =IF(F6>=1,1,0) -> 1 | T6: =IF(G6>=1,1,0) -> 1 | U6: =IF(H6>=1,1,0) -> 0 | V6: =IF(I6>=1,1,0) -> 1 | W6: =IF(S6=1,S6+W5,0) -> 2 | X6: =IF(T6=1,T6+X5,0) -> 2 | Y6: =IF(U6=1,U6+Y5,0) -> 0 | Z6: =IF(V6=1,V6+Z5,0) -> 2
A7: 43160 | F7: ='2018 Summary'!B41 -> 0.80372258 | G7: ='2018 Summary'!C41 -> 0.82285 | H7: ='2018 Summary'!D41 -> 0.63034194 | I7: ='2018 Summary'!E41 -> 0.77344194 | J7: =AVERAGE(F7:I7) -> 0.75758911 | O7: =IF(F7>=1.25,1,0) -> 0 | P7: =IF(G7>=1.25,1,0) -> 0 | Q7: =IF(H7>=1.25,1,0) -> 0 | R7: =IF(I7>=1.25,1,0) -> 0 | S7: =IF(F7>=1,1,0) -> 0 | T7: =IF(G7>=1,1,0) -> 0 | U7: =IF(H7>=1,1,0) -> 0 | V7: =IF(I7>=1,1,0) -> 0 | W7: =IF(S7=1,S7+W6,0) -> 0 | X7: =IF(T7=1,T7+X6,0) -> 0 | Y7: =IF(U7=1,U7+Y6,0) -> 0 | Z7: =IF(V7=1,V7+Z6,0) -> 0
A8: 43191 | F8: ='2018 Summary'!B42 -> 0.97844 | G8: ='2018 Summary'!C42 -> 0.98598857 | H8: ='2018 Summary'!D42 -> 0.82104667 | I8: ='2018 Summary'!E42 -> 0.96965 | J8: =AVERAGE(F8:I8) -> 0.93878131 | O8: =IF(F8>=1.25,1,0) -> 0 | P8: =IF(G8>=1.25,1,0) -> 0 | Q8: =IF(H8>=1.25,1,0) -> 0 | R8: =IF(I8>=1.25,1,0) -> 0 | S8: =IF(F8>=1,1,0) -> 0 | T8: =IF(G8>=1,1,0) -> 0 | U8: =IF(H8>=1,1,0) -> 0 | V8: =IF(I8>=1,1,0) -> 0 | W8: =IF(S8=1,S8+W7,0) -> 0 | X8: =IF(T8=1,T8+X7,0) -> 0 | Y8: =IF(U8=1,U8+Y7,0) -> 0 | Z8: =IF(V8=1,V8+Z7,0) -> 0
A9: 43221 | F9: ='2018 Summary'!B43 -> 0.8812129 | G9: ='2018 Summary'!C43 -> 0.84896944 | H9: ='2018 Summary'!D43 -> 0.68919677 | I9: ='2018 Summary'!E43 -> 0.86710323 | J9: =AVERAGE(F9:I9) -> 0.82162059 | O9: =IF(F9>=1.25,1,0) -> 0 | P9: =IF(G9>=1.25,1,0) -> 0 | Q9: =IF(H9>=1.25,1,0) -> 0 | R9: =IF(I9>=1.25,1,0) -> 0 | S9: =IF(F9>=1,1,0) -> 0 | T9: =IF(G9>=1,1,0) -> 0 | U9: =IF(H9>=1,1,0) -> 0 | V9: =IF(I9>=1,1,0) -> 0 | W9: =IF(S9=1,S9+W8,0) -> 0 | X9: =IF(T9=1,T9+X8,0) -> 0 | Y9: =IF(U9=1,U9+Y8,0) -> 0 | Z9: =IF(V9=1,V9+Z8,0) -> 0
A10: 43252 | F10: ='2018 Summary'!B44 -> 1.33064 | G10: ='2018 Summary'!C44 -> 1.1071571 | H10: ='2018 Summary'!D44 -> 0.78369333 | I10: ='2018 Summary'!E44 -> 0.91445 | J10: =AVERAGE(F10:I10) -> 1.0339851 | O10: =IF(F10>=1.25,1,0) -> 1 | P10: =IF(G10>=1.25,1,0) -> 0 | Q10: =IF(H10>=1.25,1,0) -> 0 | R10: =IF(I10>=1.25,1,0) -> 0 | S10: =IF(F10>=1,1,0) -> 1 | T10: =IF(G10>=1,1,0) -> 1 | U10: =IF(H10>=1,1,0) -> 0 | V10: =IF(I10>=1,1,0) -> 0 | W10: =IF(S10=1,S10+W9,0) -> 1 | X10: =IF(T10=1,T10+X9,0) -> 1 | Y10: =IF(U10=1,U10+Y9,0) -> 0 | Z10: =IF(V10=1,V10+Z9,0) -> 0
A11: 43282 | F11: ='2018 Summary'!B45 -> 1.480829 | G11: ='2018 Summary'!C45 -> 1.538625 | H11: ='2018 Summary'!D45 -> 1.0962 | I11: ='2018 Summary'!E45 -> 1.2611548 | J11: =AVERAGE(F11:I11) -> 1.3442022 | O11: =IF(F11>=1.25,1,0) -> 1 | P11: =IF(G11>=1.25,1,0) -> 1 | Q11: =IF(H11>=1.25,1,0) -> 0 | R11: =IF(I11>=1.25,1,0) -> 1 | S11: =IF(F11>=1,1,0) -> 1 | T11: =IF(G11>=1,1,0) -> 1 | U11: =IF(H11>=1,1,0) -> 1 | V11: =IF(I11>=1,1,0) -> 1 | W11: =IF(S11=1,S11+W10,0) -> 2 | X11: =IF(T11=1,T11+X10,0) -> 2 | Y11: =IF(U11=1,U11+Y10,0) -> 1 | Z11: =IF(V11=1,V11+Z10,0) -> 1
A12: 43313 | F12: ='2018 Summary'!B46 -> 1.3591097 | G12: ='2018 Summary'!C46 -> 1.2067472 | H12: ='2018 Summary'!D46 -> 0.95609677 | I12: ='2018 Summary'!E46 -> 1.1385935 | J12: =AVERAGE(F12:I12) -> 1.1651368 | O12: =IF(F12>=1.25,1,0) -> 1 | P12: =IF(G12>=1.25,1,0) -> 0 | Q12: =IF(H12>=1.25,1,0) -> 0 | R12: =IF(I12>=1.25,1,0) -> 0 | S12: =IF(F12>=1,1,0) -> 1 | T12: =IF(G12>=1,1,0) -> 1 | U12: =IF(H12>=1,1,0) -> 0 | V12: =IF(I12>=1,1,0) -> 1 | W12: =IF(S12=1,S12+W11,0) -> 3 | X12: =IF(T12=1,T12+X11,0) -> 3 | Y12: =IF(U12=1,U12+Y11,0) -> 0 | Z12: =IF(V12=1,V12+Z11,0) -> 2
A13: 43344 | F13: ='2018 Summary'!B47 -> 1.3191333 | G13: ='2018 Summary'!C47 -> 1.2964 | H13: ='2018 Summary'!D47 -> 1.06708 | I13: ='2018 Summary'!E47 -> 1.2148667 | J13: =AVERAGE(F13:I13) -> 1.22437 | O13: =IF(F13>=1.25,1,0) -> 1 | P13: =IF(G13>=1.25,1,0) -> 1 | Q13: =IF(H13>=1.25,1,0) -> 0 | R13: =IF(I13>=1.25,1,0) -> 0 | S13: =IF(F13>=1,1,0) -> 1 | T13: =IF(G13>=1,1,0) -> 1 | U13: =IF(H13>=1,1,0) -> 1 | V13: =IF(I13>=1,1,0) -> 1 | W13: =IF(S13=1,S13+W12,0) -> 4 | X13: =IF(T13=1,T13+X12,0) -> 4 | Y13: =IF(U13=1,U13+Y12,0) -> 1 | Z13: =IF(V13=1,V13+Z12,0) -> 3
A14: 43374 | F14: ='2018 Summary'!B48 -> 1.1526516 | G14: ='2018 Summary'!C48 -> 1.1786568 | H14: ='2018 Summary'!D48 -> 1.007671 | I14: ='2018 Summary'!E48 -> 1.0550484 | J14: =AVERAGE(F14:I14) -> 1.0985069 | O14: =IF(F14>=1.25,1,0) -> 0 | P14: =IF(G14>=1.25,1,0) -> 0 | Q14: =IF(H14>=1.25,1,0) -> 0 | R14: =IF(I14>=1.25,1,0) -> 0 | S14: =IF(F14>=1,1,0) -> 1 | T14: =IF(G14>=1,1,0) -> 1 | U14: =IF(H14>=1,1,0) -> 1 | V14: =IF(I14>=1,1,0) -> 1 | W14: =IF(S14=1,S14+W13,0) -> 5 | X14: =IF(T14=1,T14+X13,0) -> 5 | Y14: =IF(U14=1,U14+Y13,0) -> 2 | Z14: =IF(V14=1,V14+Z13,0) -> 4
A15: 43405 | F15: ='2018 Summary'!B49 -> 1.2221033 | G15: ='2018 Summary'!C49 -> 1.1164829 | H15: ='2018 Summary'!D49 -> 1.10671 | I15: ='2018 Summary'!E49 -> 1.2580233 | J15: =AVERAGE(F15:I15) -> 1.1758299 | O15: =IF(F15>=1.25,1,0) -> 0 | P15: =IF(G15>=1.25,1,0) -> 0 | Q15: =IF(H15>=1.25,1,0) -> 0 | R15: =IF(I15>=1.25,1,0) -> 1 | S15: =IF(F15>=1,1,0) -> 1 | T15: =IF(G15>=1,1,0) -> 1 | U15: =IF(H15>=1,1,0) -> 1 | V15: =IF(I15>=1,1,0) -> 1 | W15: =IF(S15=1,S15+W14,0) -> 6 | X15: =IF(T15=1,T15+X14,0) -> 6 | Y15: =IF(U15=1,U15+Y14,0) -> 3 | Z15: =IF(V15=1,V15+Z14,0) -> 5
A16: 43435 | F16: ='2018 Summary'!B50 -> 1.016471 | G16: ='2018 Summary'!C50 -> 1.0189278 | H16: ='2018 Summary'!D50 -> 1.0546548 | I16: ='2018 Summary'!E50 -> 1.037071 | J16: =AVERAGE(F16:I16) -> 1.0317811 | O16: =IF(F16>=1.25,1,0) -> 0 | P16: =IF(G16>=1.25,1,0) -> 0 | Q16: =IF(H16>=1.25,1,0) -> 0 | R16: =IF(I16>=1.25,1,0) -> 0 | S16: =IF(F16>=1,1,0) -> 1 | T16: =IF(G16>=1,1,0) -> 1 | U16: =IF(H16>=1,1,0) -> 1 | V16: =IF(I16>=1,1,0) -> 1 | W16: =IF(S16=1,S16+W15,0) -> 7 | X16: =IF(T16=1,T16+X15,0) -> 7 | Y16: =IF(U16=1,U16+Y15,0) -> 4 | Z16: =IF(V16=1,V16+Z15,0) -> 6
A17: 43466 | F17: ='2019 Summary'!B39 -> 0.78667742 | G17: ='2019 Summary'!C39 -> 0.92845556 | H17: ='2019 Summary'!D39 -> 0.84016129 | I17: ='2019 Summary'!E39 -> 0.92447419 | J17: =AVERAGE(F17:I17) -> 0.86994211 | O17: =IF(F17>=1.25,1,0) -> 0 | P17: =IF(G17>=1.25,1,0) -> 0 | Q17: =IF(H17>=1.25,1,0) -> 0 | R17: =IF(I17>=1.25,1,0) -> 0 | S17: =IF(F17>=1,1,0) -> 0 | T17: =IF(G17>=1,1,0) -> 0 | U17: =IF(H17>=1,1,0) -> 0 | V17: =IF(I17>=1,1,0) -> 0 | W17: =IF(S17=1,S17+W16,0) -> 0 | X17: =IF(T17=1,T17+X16,0) -> 0 | Y17: =IF(U17=1,U17+Y16,0) -> 0 | Z17: =IF(V17=1,V17+Z16,0) -> 0
A18: 43497 | F18: ='2019 Summary'!B40 -> 0.62503214 | G18: ='2019 Summary'!C40 -> 0.64321818 | H18: ='2019 Summary'!D40 -> 0.58290714 | I18: ='2019 Summary'!E40 -> 0.60734643 | J18: =AVERAGE(F18:I18) -> 0.61462597 | O18: =IF(F18>=1.25,1,0) -> 0 | P18: =IF(G18>=1.25,1,0) -> 0 | Q18: =IF(H18>=1.25,1,0) -> 0 | R18: =IF(I18>=1.25,1,0) -> 0 | S18: =IF(F18>=1,1,0) -> 0 | T18: =IF(G18>=1,1,0) -> 0 | U18: =IF(H18>=1,1,0) -> 0 | V18: =IF(I18>=1,1,0) -> 0 | W18: =IF(S18=1,S18+W17,0) -> 0 | X18: =IF(T18=1,T18+X17,0) -> 0 | Y18: =IF(U18=1,U18+Y17,0) -> 0 | Z18: =IF(V18=1,V18+Z17,0) -> 0
A19: 43525 | F19: ='2019 Summary'!B41 -> 0.92136129 | G19: ='2019 Summary'!C41 -> 1.0422528 | H19: ='2019 Summary'!D41 -> 0.70154839 | I19: ='2019 Summary'!E41 -> 0.87112903 | J19: =AVERAGE(F19:I19) -> 0.88407287 | O19: =IF(F19>=1.25,1,0) -> 0 | P19: =IF(G19>=1.25,1,0) -> 0 | Q19: =IF(H19>=1.25,1,0) -> 0 | R19: =IF(I19>=1.25,1,0) -> 0 | S19: =IF(F19>=1,1,0) -> 0 | T19: =IF(G19>=1,1,0) -> 1 | U19: =IF(H19>=1,1,0) -> 0 | V19: =IF(I19>=1,1,0) -> 0 | W19: =IF(S19=1,S19+W18,0) -> 0 | X19: =IF(T19=1,T19+X18,0) -> 1 | Y19: =IF(U19=1,U19+Y18,0) -> 0 | Z19: =IF(V19=1,V19+Z18,0) -> 0
A20: 43556 | F20: ='2019 Summary'!B42 -> 0.99646 | G20: ='2019 Summary'!C42 -> 1.0071686 | H20: ='2019 Summary'!D42 -> 1.6759567 | I20: ='2019 Summary'!E42 -> 0.90370333 | J20: =AVERAGE(F20:I20) -> 1.1458221 | O20: =IF(F20>=1.25,1,0) -> 0 | P20: =IF(G20>=1.25,1,0) -> 0 | Q20: =IF(H20>=1.25,1,0) -> 1 | R20: =IF(I20>=1.25,1,0) -> 0 | S20: =IF(F20>=1,1,0) -> 0 | T20: =IF(G20>=1,1,0) -> 1 | U20: =IF(H20>=1,1,0) -> 1 | V20: =IF(I20>=1,1,0) -> 0 | W20: =IF(S20=1,S20+W19,0) -> 0 | X20: =IF(T20=1,T20+X19,0) -> 2 | Y20: =IF(U20=1,U20+Y19,0) -> 1 | Z20: =IF(V20=1,V20+Z19,0) -> 0 | AA20: <--Curtailment
A21: 43586 | F21: ='2019 Summary'!B43 -> 0.84092258 | G21: ='2019 Summary'!C43 -> 0.76303056 | H21: ='2019 Summary'!D43 -> 0.60766129 | I21: ='2019 Summary'!E43 -> 0.71750968 | J21: =AVERAGE(F21:I21) -> 0.73228103 | O21: =IF(F21>=1.25,1,0) -> 0 | P21: =IF(G21>=1.25,1,0) -> 0 | Q21: =IF(H21>=1.25,1,0) -> 0 | R21: =IF(I21>=1.25,1,0) -> 0 | S21: =IF(F21>=1,1,0) -> 0 | T21: =IF(G21>=1,1,0) -> 0 | U21: =IF(H21>=1,1,0) -> 0 | V21: =IF(I21>=1,1,0) -> 0 | W21: =IF(S21=1,S21+W20,0) -> 0 | X21: =IF(T21=1,T21+X20,0) -> 0 | Y21: =IF(U21=1,U21+Y20,0) -> 0 | Z21: =IF(V21=1,V21+Z20,0) -> 0
A22: 43617 | F22: ='2019 Summary'!B44 -> 0.96904 | G22: ='2019 Summary'!C44 -> 0.99971143 | H22: ='2019 Summary'!D44 -> 0.71663667 | I22: ='2019 Summary'!E44 -> 0.75157667 | J22: =AVERAGE(F22:I22) -> 0.85924119 | O22: =IF(F22>=1.25,1,0) -> 0 | P22: =IF(G22>=1.25,1,0) -> 0 | Q22: =IF(H22>=1.25,1,0) -> 0 | R22: =IF(I22>=1.25,1,0) -> 0 | S22: =IF(F22>=1,1,0) -> 0 | T22: =IF(G22>=1,1,0) -> 0 | U22: =IF(H22>=1,1,0) -> 0 | V22: =IF(I22>=1,1,0) -> 0 | W22: =IF(S22=1,S22+W21,0) -> 0 | X22: =IF(T22=1,T22+X21,0) -> 0 | Y22: =IF(U22=1,U22+Y21,0) -> 0 | Z22: =IF(V22=1,V22+Z21,0) -> 0
A23: 43647 | F23: ='2019 Summary'!B45 -> 0.96095161 | G23: ='2019 Summary'!C45 -> 0.98111111 | H23: ='2019 Summary'!D45 -> 0.86676774 | I23: ='2019 Summary'!E45 -> 0.94854839 | J23: =AVERAGE(F23:I23) -> 0.93934471 | O23: =IF(F23>=1.25,1,0) -> 0 | P23: =IF(G23>=1.25,1,0) -> 0 | Q23: =IF(H23>=1.25,1,0) -> 0 | R23: =IF(I23>=1.25,1,0) -> 0 | S23: =IF(F23>=1,1,0) -> 0 | T23: =IF(G23>=1,1,0) -> 0 | U23: =IF(H23>=1,1,0) -> 0 | V23: =IF(I23>=1,1,0) -> 0 | W23: =IF(S23=1,S23+W22,0) -> 0 | X23: =IF(T23=1,T23+X22,0) -> 0 | Y23: =IF(U23=1,U23+Y22,0) -> 0 | Z23: =IF(V23=1,V23+Z22,0) -> 0
A24: 43678 | F24: ='2019 Summary'!B46 -> 0.99222581 | G24: ='2019 Summary'!C46 -> 1.0531139 | H24: ='2019 Summary'!D46 -> 0.8927129 | I24: ='2019 Summary'!E46 -> 0.97637097 | J24: =AVERAGE(F24:I24) -> 0.97860589 | O24: =IF(F24>=1.25,1,0) -> 0 | P24: =IF(G24>=1.25,1,0) -> 0 | Q24: =IF(H24>=1.25,1,0) -> 0 | R24: =IF(I24>=1.25,1,0) -> 0 | S24: =IF(F24>=1,1,0) -> 0 | T24: =IF(G24>=1,1,0) -> 1 | U24: =IF(H24>=1,1,0) -> 0 | V24: =IF(I24>=1,1,0) -> 0 | W24: =IF(S24=1,S24+W23,0) -> 0 | X24: =IF(T24=1,T24+X23,0) -> 1 | Y24: =IF(U24=1,U24+Y23,0) -> 0 | Z24: =IF(V24=1,V24+Z23,0) -> 0
A25: 43709 | F25: ='2019 Summary'!B47 -> 0.98188276 | G25: ='2019 Summary'!C47 -> 0.97715143 | H25: ='2019 Summary'!D47 -> 0.89391 | I25: ='2019 Summary'!E47 -> 0.93441 | J25: =AVERAGE(F25:I25) -> 0.94683855 | O25: =IF(F25>=1.25,1,0) -> 0 | P25: =IF(G25>=1.25,1,0) -> 0 | Q25: =IF(H25>=1.25,1,0) -> 0 | R25: =IF(I25>=1.25,1,0) -> 0 | S25: =IF(F25>=1,1,0) -> 0 | T25: =IF(G25>=1,1,0) -> 0 | U25: =IF(H25>=1,1,0) -> 0 | V25: =IF(I25>=1,1,0) -> 0 | W25: =IF(S25=1,S25+W24,0) -> 0 | X25: =IF(T25=1,T25+X24,0) -> 0 | Y25: =IF(U25=1,U25+Y24,0) -> 0 | Z25: =IF(V25=1,V25+Z24,0) -> 0
A26: 43739 | F26: ='2019 Summary'!B48 -> 1.2503806 | G26: ='2019 Summary'!C48 -> 1.3053917 | H26: ='2019 Summary'!D48 -> 1.1888097 | I26: ='2019 Summary'!E48 -> 1.282929 | J26: =AVERAGE(F26:I26) -> 1.2568778 | O26: =IF(F26>=1.25,1,0) -> 1 | P26: =IF(G26>=1.25,1,0) -> 1 | Q26: =IF(H26>=1.25,1,0) -> 0 | R26: =IF(I26>=1.25,1,0) -> 1 | S26: =IF(F26>=1,1,0) -> 1 | T26: =IF(G26>=1,1,0) -> 1 | U26: =IF(H26>=1,1,0) -> 1 | V26: =IF(I26>=1,1,0) -> 1 | W26: =IF(S26=1,S26+W25,0) -> 1 | X26: =IF(T26=1,T26+X25,0) -> 1 | Y26: =IF(U26=1,U26+Y25,0) -> 1 | Z26: =IF(V26=1,V26+Z25,0) -> 1
A27: 43770 | F27: ='2019 Summary'!B49 -> 0.98954 | G27: ='2019 Summary'!C49 -> 1.0925514 | H27: ='2019 Summary'!D49 -> 0.97944 | I27: ='2019 Summary'!E49 -> 1.0412367 | J27: =AVERAGE(F27:I27) -> 1.025692 | O27: =IF(F27>=1.25,1,0) -> 0 | P27: =IF(G27>=1.25,1,0) -> 0 | Q27: =IF(H27>=1.25,1,0) -> 0 | R27: =IF(I27>=1.25,1,0) -> 0 | S27: =IF(F27>=1,1,0) -> 0 | T27: =IF(G27>=1,1,0) -> 1 | U27: =IF(H27>=1,1,0) -> 0 | V27: =IF(I27>=1,1,0) -> 1 | W27: =IF(S27=1,S27+W26,0) -> 0 | X27: =IF(T27=1,T27+X26,0) -> 2 | Y27: =IF(U27=1,U27+Y26,0) -> 0 | Z27: =IF(V27=1,V27+Z26,0) -> 2
A28: 43800 | F28: ='2019 Summary'!B50 -> 0.8272129 | G28: ='2019 Summary'!C50 -> 0.85833243 | H28: ='2019 Summary'!D50 -> 0.87022903 | I28: ='2019 Summary'!E50 -> 0.86088387 | J28: =AVERAGE(F28:I28) -> 0.85416456 | O28: =IF(F28>=1.25,1,0) -> 0 | P28: =IF(G28>=1.25,1,0) -> 0 | Q28: =IF(H28>=1.25,1,0) -> 0 | R28: =IF(I28>=1.25,1,0) -> 0 | S28: =IF(F28>=1,1,0) -> 0 | T28: =IF(G28>=1,1,0) -> 0 | U28: =IF(H28>=1,1,0) -> 0 | V28: =IF(I28>=1,1,0) -> 0 | W28: =IF(S28=1,S28+W27,0) -> 0 | X28: =IF(T28=1,T28+X27,0) -> 0 | Y28: =IF(U28=1,U28+Y27,0) -> 0 | Z28: =IF(V28=1,V28+Z27,0) -> 0
A29: 43831 | F29: ='2020 Summary'!B39 -> 1.0317032 | G29: ='2020 Summary'!C39 -> 1.1796054 | H29: ='2020 Summary'!D39 -> 1.0751226 | I29: ='2020 Summary'!E39 -> 1.0684097 | J29: =AVERAGE(F29:I29) -> 1.0887102 | O29: =IF(F29>=1.25,1,0) -> 0 | P29: =IF(G29>=1.25,1,0) -> 0 | Q29: =IF(H29>=1.25,1,0) -> 0 | R29: =IF(I29>=1.25,1,0) -> 0 | S29: =IF(F29>=1,1,0) -> 1 | T29: =IF(G29>=1,1,0) -> 1 | U29: =IF(H29>=1,1,0) -> 1 | V29: =IF(I29>=1,1,0) -> 1 | W29: =IF(S29=1,S29+W28,0) -> 1 | X29: =IF(T29=1,T29+X28,0) -> 1 | Y29: =IF(U29=1,U29+Y28,0) -> 1 | Z29: =IF(V29=1,V29+Z28,0) -> 1
A30: 43862 | F30: ='2020 Summary'!B40 -> 1.0439207 | G30: ='2020 Summary'!C40 -> 1.0917912 | H30: ='2020 Summary'!D40 -> 1.0705103 | I30: ='2020 Summary'!E40 -> 1.0809483 | J30: =AVERAGE(F30:I30) -> 1.0717926 | O30: =IF(F30>=1.25,1,0) -> 0 | P30: =IF(G30>=1.25,1,0) -> 0 | Q30: =IF(H30>=1.25,1,0) -> 0 | R30: =IF(I30>=1.25,1,0) -> 0 | S30: =IF(F30>=1,1,0) -> 1 | T30: =IF(G30>=1,1,0) -> 1 | U30: =IF(H30>=1,1,0) -> 1 | V30: =IF(I30>=1,1,0) -> 1 | W30: =IF(S30=1,S30+W29,0) -> 2 | X30: =IF(T30=1,T30+X29,0) -> 2 | Y30: =IF(U30=1,U30+Y29,0) -> 2 | Z30: =IF(V30=1,V30+Z29,0) -> 2
A31: 43891 | F31: ='2020 Summary'!B41 -> 0.59493871 | G31: ='2020 Summary'!C41 -> 0.6185 | H31: ='2020 Summary'!D41 -> 0.52580968 | I31: ='2020 Summary'!E41 -> 0.58219355 | J31: =AVERAGE(F31:I31) -> 0.58036048 | O31: =IF(F31>=1.25,1,0) -> 0 | P31: =IF(G31>=1.25,1,0) -> 0 | Q31: =IF(H31>=1.25,1,0) -> 0 | R31: =IF(I31>=1.25,1,0) -> 0 | S31: =IF(F31>=1,1,0) -> 0 | T31: =IF(G31>=1,1,0) -> 0 | U31: =IF(H31>=1,1,0) -> 0 | V31: =IF(I31>=1,1,0) -> 0 | W31: =IF(S31=1,S31+W30,0) -> 0 | X31: =IF(T31=1,T31+X30,0) -> 0 | Y31: =IF(U31=1,U31+Y30,0) -> 0 | Z31: =IF(V31=1,V31+Z30,0) -> 0
A32: 43922 | F32: ='2020 Summary'!B42 -> 0.65752667 | G32: ='2020 Summary'!C42 -> 0.6198 | H32: ='2020 Summary'!D42 -> 0.57664667 | I32: ='2020 Summary'!E42 -> 0.6727 | J32: =AVERAGE(F32:I32) -> 0.63166833 | O32: =IF(F32>=1.25,1,0) -> 0 | P32: =IF(G32>=1.25,1,0) -> 0 | Q32: =IF(H32>=1.25,1,0) -> 0 | R32: =IF(I32>=1.25,1,0) -> 0 | S32: =IF(F32>=1,1,0) -> 0 | T32: =IF(G32>=1,1,0) -> 0 | U32: =IF(H32>=1,1,0) -> 0 | V32: =IF(I32>=1,1,0) -> 0 | W32: =IF(S32=1,S32+W31,0) -> 0 | X32: =IF(T32=1,T32+X31,0) -> 0 | Y32: =IF(U32=1,U32+Y31,0) -> 0 | Z32: =IF(V32=1,V32+Z31,0) -> 0
A33: 43952 | F33: ='2020 Summary'!B43 -> 0.80149355 | G33: ='2020 Summary'!C43 -> 0.76463333 | H33: ='2020 Summary'!D43 -> 0.70420968 | I33: ='2020 Summary'!E43 -> 0.73268065 | J33: =AVERAGE(F33:I33) -> 0.7507543 | O33: =IF(F33>=1.25,1,0) -> 0 | P33: =IF(G33>=1.25,1,0) -> 0 | Q33: =IF(H33>=1.25,1,0) -> 0 | R33: =IF(I33>=1.25,1,0) -> 0 | S33: =IF(F33>=1,1,0) -> 0 | T33: =IF(G33>=1,1,0) -> 0 | U33: =IF(H33>=1,1,0) -> 0 | V33: =IF(I33>=1,1,0) -> 0 | W33: =IF(S33=1,S33+W32,0) -> 0 | X33: =IF(T33=1,T33+X32,0) -> 0 | Y33: =IF(U33=1,U33+Y32,0) -> 0 | Z33: =IF(V33=1,V33+Z32,0) -> 0
A34: 43983 | F34: ='2020 Summary'!B44 -> 0.71643 | G34: ='2020 Summary'!C44 -> 0.70858 | H34: ='2020 Summary'!D44 -> 0.63011667 | I34: ='2020 Summary'!E44 -> 0.69807333 | J34: =AVERAGE(F34:I34) -> 0.6883 | O34: =IF(F34>=1.25,1,0) -> 0 | P34: =IF(G34>=1.25,1,0) -> 0 | Q34: =IF(H34>=1.25,1,0) -> 0 | R34: =IF(I34>=1.25,1,0) -> 0 | S34: =IF(F34>=1,1,0) -> 0 | T34: =IF(G34>=1,1,0) -> 0 | U34: =IF(H34>=1,1,0) -> 0 | V34: =IF(I34>=1,1,0) -> 0 | W34: =IF(S34=1,S34+W33,0) -> 0 | X34: =IF(T34=1,T34+X33,0) -> 0 | Y34: =IF(U34=1,U34+Y33,0) -> 0 | Z34: =IF(V34=1,V34+Z33,0) -> 0
A35: 44013 | F35: ='2020 Summary'!B45 -> 0.92119355 | G35: ='2020 Summary'!C45 -> 0.92514167 | H35: ='2020 Summary'!D45 -> 0.85078065 | I35: ='2020 Summary'!E45 -> 0.89032581 | J35: =AVERAGE(F35:I35) -> 0.89686042 | O35: =IF(F35>=1.25,1,0) -> 0 | P35: =IF(G35>=1.25,1,0) -> 0 | Q35: =IF(H35>=1.25,1,0) -> 0 | R35: =IF(I35>=1.25,1,0) -> 0 | S35: =IF(F35>=1,1,0) -> 0 | T35: =IF(G35>=1,1,0) -> 0 | U35: =IF(H35>=1,1,0) -> 0 | V35: =IF(I35>=1,1,0) -> 0 | W35: =IF(S35=1,S35+W34,0) -> 0 | X35: =IF(T35=1,T35+X34,0) -> 0 | Y35: =IF(U35=1,U35+Y34,0) -> 0 | Z35: =IF(V35=1,V35+Z34,0) -> 0
A36: 44044 | F36: ='2020 Summary'!B46 -> 0.93962903 | G36: ='2020 Summary'!C46 -> 0.96251111 | H36: ='2020 Summary'!D46 -> 0.91809032 | I36: ='2020 Summary'!E46 -> 0.96564667 | J36: =AVERAGE(F36:I36) -> 0.94646928 | O36: =IF(F36>=1.25,1,0) -> 0 | P36: =IF(G36>=1.25,1,0) -> 0 | Q36: =IF(H36>=1.25,1,0) -> 0 | R36: =IF(I36>=1.25,1,0) -> 0 | S36: =IF(F36>=1,1,0) -> 0 | T36: =IF(G36>=1,1,0) -> 0 | U36: =IF(H36>=1,1,0) -> 0 | V36: =IF(I36>=1,1,0) -> 0 | W36: =IF(S36=1,S36+W35,0) -> 0 | X36: =IF(T36=1,T36+X35,0) -> 0 | Y36: =IF(U36=1,U36+Y35,0) -> 0 | Z36: =IF(V36=1,V36+Z35,0) -> 0
A37: 44075 | F37: ='2020 Summary'!B47 -> 1.30455 | G37: ='2020 Summary'!C47 -> 1.2968057 | H37: ='2020 Summary'!D47 -> 1.3057767 | I37: ='2020 Summary'!E47 -> 1.37711 | J37: =AVERAGE(F37:I37) -> 1.3210606 | K37: =RANK(F37,F$5:F$41) -> 8 | L37: =RANK(G37,G$5:G$41) -> 5 | M37: =RANK(H37,H$5:H$41) -> 3 | N37: =RANK(I37,I$5:I$41) -> 3 | O37: =IF(F37>=1.25,1,0) -> 1 | P37: =IF(G37>=1.25,1,0) -> 1 | Q37: =IF(H37>=1.25,1,0) -> 1 | R37: =IF(I37>=1.25,1,0) -> 1 | S37: =IF(F37>=1,1,0) -> 1 | T37: =IF(G37>=1,1,0) -> 1 | U37: =IF(H37>=1,1,0) -> 1 | V37: =IF(I37>=1,1,0) -> 1 | W37: =IF(S37=1,S37+W36,0) -> 1 | X37: =IF(T37=1,T37+X36,0) -> 1 | Y37: =IF(U37=1,U37+Y36,0) -> 1 | Z37: =IF(V37=1,V37+Z36,0) -> 1
A38: 44105 | F38: ='2020 Summary'!B48 -> 1.5982903 | G38: ='2020 Summary'!C48 -> 1.6874194 | H38: ='2020 Summary'!D48 -> 1.6701226 | I38: ='2020 Summary'!E48 -> 1.7393355 | J38: =AVERAGE(F38:I38) -> 1.673792 | K38: =RANK(F38,F$5:F$41) -> 3 | L38: =RANK(G38,G$5:G$41) -> 1 | M38: =RANK(H38,H$5:H$41) -> 2 | N38: =RANK(I38,I$5:I$41) -> 1 | O38: =IF(F38>=1.25,1,0) -> 1 | P38: =IF(G38>=1.25,1,0) -> 1 | Q38: =IF(H38>=1.25,1,0) -> 1 | R38: =IF(I38>=1.25,1,0) -> 1 | S38: =IF(F38>=1,1,0) -> 1 | T38: =IF(G38>=1,1,0) -> 1 | U38: =IF(H38>=1,1,0) -> 1 | V38: =IF(I38>=1,1,0) -> 1 | W38: =IF(S38=1,S38+W37,0) -> 2 | X38: =IF(T38=1,T38+X37,0) -> 2 | Y38: =IF(U38=1,U38+Y37,0) -> 2 | Z38: =IF(V38=1,V38+Z37,0) -> 2
A39: 44136 | F39: ='2020 Summary'!B49 -> 1.2706467 | G39: ='2020 Summary'!C49 -> 1.1829029 | H39: ='2020 Summary'!D49 -> 1.1906867 | I39: ='2020 Summary'!E49 -> 1.3093733 | J39: =AVERAGE(F39:I39) -> 1.2384024 | K39: =RANK(F39,F$5:F$41) -> 9 | L39: =RANK(G39,G$5:G$41) -> 8 | M39: =RANK(H39,H$5:H$41) -> 5 | N39: =RANK(I39,I$5:I$41) -> 4 | O39: =IF(F39>=1.25,1,0) -> 1 | P39: =IF(G39>=1.25,1,0) -> 0 | Q39: =IF(H39>=1.25,1,0) -> 0 | R39: =IF(I39>=1.25,1,0) -> 1 | S39: =IF(F39>=1,1,0) -> 1 | T39: =IF(G39>=1,1,0) -> 1 | U39: =IF(H39>=1,1,0) -> 1 | V39: =IF(I39>=1,1,0) -> 1 | W39: =IF(S39=1,S39+W38,0) -> 3 | X39: =IF(T39=1,T39+X38,0) -> 3 | Y39: =IF(U39=1,U39+Y38,0) -> 3 | Z39: =IF(V39=1,V39+Z38,0) -> 3
A40: 44166 | F40: ='2020 Summary'!B50 -> 1.2636839 | G40: ='2020 Summary'!C50 -> 1.1543486 | H40: ='2020 Summary'!D50 -> 1.0771097 | I40: ='2020 Summary'!E50 -> 1.2194 | J40: =AVERAGE(F40:I40) -> 1.1786355 | K40: =RANK(F40,F$5:F$41) -> 10 | L40: =RANK(G40,G$5:G$41) -> 11 | M40: =RANK(H40,H$5:H$41) -> 9 | N40: =RANK(I40,I$5:I$41) -> 9 | O40: =IF(F40>=1.25,1,0) -> 1 | P40: =IF(G40>=1.25,1,0) -> 0 | Q40: =IF(H40>=1.25,1,0) -> 0 | R40: =IF(I40>=1.25,1,0) -> 0 | S40: =IF(F40>=1,1,0) -> 1 | T40: =IF(G40>=1,1,0) -> 1 | U40: =IF(H40>=1,1,0) -> 1 | V40: =IF(I40>=1,1,0) -> 1 | W40: =IF(S40=1,S40+W39,0) -> 4 | X40: =IF(T40=1,T40+X39,0) -> 4 | Y40: =IF(U40=1,U40+Y39,0) -> 4 | Z40: =IF(V40=1,V40+Z39,0) -> 4
A41: 44197 | F41: ='2021 Summary'!B39 -> 1.8958323 | G41: ='2021 Summary'!C39 -> 1.084775 | H41: ='2021 Summary'!D39 -> 0.97122581 | I41: ='2021 Summary'!E39 -> 1.2603129 | J41: =AVERAGE(F41:I41) -> 1.3030365 | K41: =RANK(F41,F$5:F$41) -> 1 | L41: =RANK(G41,G$5:G$41) -> 16 | M41: =RANK(H41,H$5:H$41) -> 16 | N41: =RANK(I41,I$5:I$41) -> 7 | O41: =IF(F41>=1.25,1,0) -> 1 | P41: =IF(G41>=1.25,1,0) -> 0 | Q41: =IF(H41>=1.25,1,0) -> 0 | R41: =IF(I41>=1.25,1,0) -> 1 | S41: =IF(F41>=1,1,0) -> 1 | T41: =IF(G41>=1,1,0) -> 1 | U41: =IF(H41>=1,1,0) -> 0 | V41: =IF(I41>=1,1,0) -> 1 | W41: =IF(S41=1,S41+W40,0) -> 5 | X41: =IF(T41=1,T41+X40,0) -> 5 | Y41: =IF(U41=1,U41+Y40,0) -> 0 | Z41: =IF(V41=1,V41+Z40,0) -> 5
A42: 44228 | F42: ='2021 Summary'!B40 -> 1.2624107 | G42: ='2021 Summary'!C40 -> 1.0674406 | H42: ='2021 Summary'!D40 -> 0.99655357 | I42: ='2021 Summary'!E40 -> 1.1090571 | J42: =AVERAGE(F42:I42) -> 1.1088655
A43: 44256
A44: 44287
A45: 44317 | K45: =MAX(F5:F41) -> 1.8958323 | L45: =MAX(G5:G41) -> 1.6874194 | M45: =MAX(H5:H41) -> 1.6759567 | N45: =MAX(I5:I41) -> 1.7393355
A46: 44348
A47: 44378
A48: 44409
A49: 44440
A50: 44470
A51: 44501
A52: 44531

Sheet Maximum Summary
C3: Lead Averages | G3: Arsenic Averages
A4: Month | B4: Station 1 | C4: Station 2 | D4: Station 4 | E4: Station 5 | F4: Station 1 | G4: Station 2 | H4: Station 4 | I4: Station 5 | J4: All Stations | X4: 0 | Y4: 0 | Z4: 0 | AA4: 0
A5: 43101 | F5: ='2018 Summary'!F39 -> 10.99 | G5: ='2018 Summary'!G39 -> 9.29 | H5: ='2018 Summary'!H39 -> 3.608 | I5: ='2018 Summary'!I39 -> 8.132 | J5: =MAX(F5:I5) -> 10.99 | K5: Curtailment | P5: =IF(F5>=1.25,1,0) -> 1 | Q5: =IF(G5>=1.25,1,0) -> 1 | R5: =IF(H5>=1.25,1,0) -> 1 | S5: =IF(I5>=1.25,1,0) -> 1 | T5: =IF(F5>=1,1,0) -> 1 | U5: =IF(G5>=1,1,0) -> 1 | V5: =IF(H5>=1,1,0) -> 1 | W5: =IF(I5>=1,1,0) -> 1 | X5: =IF(T5=1,T5+X4,0) -> 1 | Y5: =IF(U5=1,U5+Y4,0) -> 1 | Z5: =IF(V5=1,V5+Z4,0) -> 1 | AA5: =IF(W5=1,W5+AA4,0) -> 1
A6: 43132 | F6: ='2018 Summary'!F40 -> 1.84 | G6: ='2018 Summary'!G40 -> 1.752 | H6: ='2018 Summary'!H40 -> 1.714 | I6: ='2018 Summary'!I40 -> 1.851 | J6: =MAX(F6:I6) -> 1.851 | P6: =IF(F6>=1.25,1,0) -> 1 | Q6: =IF(G6>=1.25,1,0) -> 1 | R6: =IF(H6>=1.25,1,0) -> 1 | S6: =IF(I6>=1.25,1,0) -> 1 | T6: =IF(F6>=1,1,0) -> 1 | U6: =IF(G6>=1,1,0) -> 1 | V6: =IF(H6>=1,1,0) -> 1 | W6: =IF(I6>=1,1,0) -> 1 | X6: =IF(T6=1,T6+X5,0) -> 2 | Y6: =IF(U6=1,U6+Y5,0) -> 2 | Z6: =IF(V6=1,V6+Z5,0) -> 2 | AA6: =IF(W6=1,W6+AA5,0) -> 2
A7: 43160 | F7: ='2018 Summary'!F41 -> 1.474 | G7: ='2018 Summary'!G41 -> 1.86 | H7: ='2018 Summary'!H41 -> 1.278 | I7: ='2018 Summary'!I41 -> 1.488 | J7: =MAX(F7:I7) -> 1.86 | P7: =IF(F7>=1.25,1,0) -> 1 | Q7: =IF(G7>=1.25,1,0) -> 1 | R7: =IF(H7>=1.25,1,0) -> 1 | S7: =IF(I7>=1.25,1,0) -> 1 | T7: =IF(F7>=1,1,0) -> 1 | U7: =IF(G7>=1,1,0) -> 1 | V7: =IF(H7>=1,1,0) -> 1 | W7: =IF(I7>=1,1,0) -> 1 | X7: =IF(T7=1,T7+X6,0) -> 3 | Y7: =IF(U7=1,U7+Y6,0) -> 3 | Z7: =IF(V7=1,V7+Z6,0) -> 3 | AA7: =IF(W7=1,W7+AA6,0) -> 3
A8: 43191 | F8: ='2018 Summary'!F42 -> 1.45 | G8: ='2018 Summary'!G42 -> 1.378 | H8: ='2018 Summary'!H42 -> 1.32 | I8: ='2018 Summary'!I42 -> 1.704 | J8: =MAX(F8:I8) -> 1.704 | P8: =IF(F8>=1.25,1,0) -> 1 | Q8: =IF(G8>=1.25,1,0) -> 1 | R8: =IF(H8>=1.25,1,0) -> 1 | S8: =IF(I8>=1.25,1,0) -> 1 | T8: =IF(F8>=1,1,0) -> 1 | U8: =IF(G8>=1,1,0) -> 1 | V8: =IF(H8>=1,1,0) -> 1 | W8: =IF(I8>=1,1,0) -> 1 | X8: =IF(T8=1,T8+X7,0) -> 4 | Y8: =IF(U8=1,U8+Y7,0) -> 4 | Z8: =IF(V8=1,V8+Z7,0) -> 4 | AA8: =IF(W8=1,W8+AA7,0) -> 4
A9: 43221 | F9: ='2018 Summary'!F43 -> 1.915 | G9: ='2018 Summary'!G43 -> 1.552 | H9: ='2018 Summary'!H43 -> 1.807 | I9: ='2018 Summary'!I43 -> 1.852 | J9: =MAX(F9:I9) -> 1.915 | P9: =IF(F9>=1.25,1,0) -> 1 | Q9: =IF(G9>=1.25,1,0) -> 1 | R9: =IF(H9>=1.25,1,0) -> 1 | S9: =IF(I9>=1.25,1,0) -> 1 | T9: =IF(F9>=1,1,0) -> 1 | U9: =IF(G9>=1,1,0) -> 1 | V9: =IF(H9>=1,1,0) -> 1 | W9: =IF(I9>=1,1,0) -> 1 | X9: =IF(T9=1,T9+X8,0) -> 5 | Y9: =IF(U9=1,U9+Y8,0) -> 5 | Z9: =IF(V9=1,V9+Z8,0) -> 5 | AA9: =IF(W9=1,W9+AA8,0) -> 5
A10: 43252 | F10: ='2018 Summary'!F44 -> 8.973 | G10: ='2018 Summary'!G44 -> 1.996 | H10: ='2018 Summary'!H44 -> 1.263 | I10: ='2018 Summary'!I44 -> 1.506 | J10: =MAX(F10:I10) -> 8.973 | P10: =IF(F10>=1.25,1,0) -> 1 | Q10: =IF(G10>=1.25,1,0) -> 1 | R10: =IF(H10>=1.25,1,0) -> 1 | S10: =IF(I10>=1.25,1,0) -> 1 | T10: =IF(F10>=1,1,0) -> 1 | U10: =IF(G10>=1,1,0) -> 1 | V10: =IF(H10>=1,1,0) -> 1 | W10: =IF(I10>=1,1,0) -> 1 | X10: =IF(T10=1,T10+X9,0) -> 6 | Y10: =IF(U10=1,U10+Y9,0) -> 6 | Z10: =IF(V10=1,V10+Z9,0) -> 6 | AA10: =IF(W10=1,W10+AA9,0) -> 6
A11: 43282 | F11: ='2018 Summary'!F45 -> 3.83 | G11: ='2018 Summary'!G45 -> 5.133 | H11: ='2018 Summary'!H45 -> 3.421 | I11: ='2018 Summary'!I45 -> 3.673 | J11: =MAX(F11:I11) -> 5.133 | P11: =IF(F11>=1.25,1,0) -> 1 | Q11: =IF(G11>=1.25,1,0) -> 1 | R11: =IF(H11>=1.25,1,0) -> 1 | S11: =IF(I11>=1.25,1,0) -> 1 | T11: =IF(F11>=1,1,0) -> 1 | U11: =IF(G11>=1,1,0) -> 1 | V11: =IF(H11>=1,1,0) -> 1 | W11: =IF(I11>=1,1,0) -> 1 | X11: =IF(T11=1,T11+X10,0) -> 7 | Y11: =IF(U11=1,U11+Y10,0) -> 7 | Z11: =IF(V11=1,V11+Z10,0) -> 7 | AA11: =IF(W11=1,W11+AA10,0) -> 7
A12: 43313 | F12: ='2018 Summary'!F46 -> 4.197 | G12: ='2018 Summary'!G46 -> 2.194 | H12: ='2018 Summary'!H46 -> 1.725 | I12: ='2018 Summary'!I46 -> 2.396 | J12: =MAX(F12:I12) -> 4.197 | P12: =IF(F12>=1.25,1,0) -> 1 | Q12: =IF(G12>=1.25,1,0) -> 1 | R12: =IF(H12>=1.25,1,0) -> 1 | S12: =IF(I12>=1.25,1,0) -> 1 | T12: =IF(F12>=1,1,0) -> 1 | U12: =IF(G12>=1,1,0) -> 1 | V12: =IF(H12>=1,1,0) -> 1 | W12: =IF(I12>=1,1,0) -> 1 | X12: =IF(T12=1,T12+X11,0) -> 8 | Y12: =IF(U12=1,U12+Y11,0) -> 8 | Z12: =IF(V12=1,V12+Z11,0) -> 8 | AA12: =IF(W12=1,W12+AA11,0) -> 8
A13: 43344 | F13: ='2018 Summary'!F47 -> 4.04 | G13: ='2018 Summary'!G47 -> 3.656 | H13: ='2018 Summary'!H47 -> 3.335 | I13: ='2018 Summary'!I47 -> 3.974 | J13: =MAX(F13:I13) -> 4.04 | P13: =IF(F13>=1.25,1,0) -> 1 | Q13: =IF(G13>=1.25,1,0) -> 1 | R13: =IF(H13>=1.25,1,0) -> 1 | S13: =IF(I13>=1.25,1,0) -> 1 | T13: =IF(F13>=1,1,0) -> 1 | U13: =IF(G13>=1,1,0) -> 1 | V13: =IF(H13>=1,1,0) -> 1 | W13: =IF(I13>=1,1,0) -> 1 | X13: =IF(T13=1,T13+X12,0) -> 9 | Y13: =IF(U13=1,U13+Y12,0) -> 9 | Z13: =IF(V13=1,V13+Z12,0) -> 9 | AA13: =IF(W13=1,W13+AA12,0) -> 9
A14: 43374 | F14: ='2018 Summary'!F48 -> 1.765 | G14: ='2018 Summary'!G48 -> 2.335 | H14: ='2018 Summary'!H48 -> 1.947 | I14: ='2018 Summary'!I48 -> 1.759 | J14: =MAX(F14:I14) -> 2.335 | P14: =IF(F14>=1.25,1,0) -> 1 | Q14: =IF(G14>=1.25,1,0) -> 1 | R14: =IF(H14>=1.25,1,0) -> 1 | S14: =IF(I14>=1.25,1,0) -> 1 | T14: =IF(F14>=1,1,0) -> 1 | U14: =IF(G14>=1,1,0) -> 1 | V14: =IF(H14>=1,1,0) -> 1 | W14: =IF(I14>=1,1,0) -> 1 | X14: =IF(T14=1,T14+X13,0) -> 10 | Y14: =IF(U14=1,U14+Y13,0) -> 10 | Z14: =IF(V14=1,V14+Z13,0) -> 10 | AA14: =IF(W14=1,W14+AA13,0) -> 10
A15: 43405 | F15: ='2018 Summary'!F49 -> 1.914 | G15: ='2018 Summary'!G49 -> 1.855 | H15: ='2018 Summary'!H49 -> 1.971 | I15: ='2018 Summary'!I49 -> 3.453 | J15: =MAX(F15:I15) -> 3.453 | P15: =IF(F15>=1.25,1,0) -> 1 | Q15: =IF(G15>=1.25,1,0) -> 1 | R15: =IF(H15>=1.25,1,0) -> 1 | S15: =IF(I15>=1.25,1,0) -> 1 | T15: =IF(F15>=1,1,0) -> 1 | U15: =IF(G15>=1,1,0) -> 1 | V15: =IF(H15>=1,1,0) -> 1 | W15: =IF(I15>=1,1,0) -> 1 | X15: =IF(T15=1,T15+X14,0) -> 11 | Y15: =IF(U15=1,U15+Y14,0) -> 11 | Z15: =IF(V15=1,V15+Z14,0) -> 11 | AA15: =IF(W15=1,W15+AA14,0) -> 11
A16: 43435 | F16: ='2018 Summary'!F50 -> 2.007 | G16: ='2018 Summary'!G50 -> 1.866 | H16: ='2018 Summary'!H50 -> 1.766 | I16: ='2018 Summary'!I50 -> 1.853 | J16: =MAX(F16:I16) -> 2.007 | P16: =IF(F16>=1.25,1,0) -> 1 | Q16: =IF(G16>=1.25,1,0) -> 1 | R16: =IF(H16>=1.25,1,0) -> 1 | S16: =IF(I16>=1.25,1,0) -> 1 | T16: =IF(F16>=1,1,0) -> 1 | U16: =IF(G16>=1,1,0) -> 1 | V16: =IF(H16>=1,1,0) -> 1 | W16: =IF(I16>=1,1,0) -> 1 | X16: =IF(T16=1,T16+X15,0) -> 12 | Y16: =IF(U16=1,U16+Y15,0) -> 12 | Z16: =IF(V16=1,V16+Z15,0) -> 12 | AA16: =IF(W16=1,W16+AA15,0) -> 12
A17: 43466 | F17: ='2019 Summary'!F39 -> 1.627 | G17: ='2019 Summary'!G39 -> 1.922 | H17: ='2019 Summary'!H39 -> 1.741 | I17: ='2019 Summary'!I39 -> 1.846 | J17: =MAX(F17:I17) -> 1.922 | P17: =IF(F17>=1.25,1,0) -> 1 | Q17: =IF(G17>=1.25,1,0) -> 1 | R17: =IF(H17>=1.25,1,0) -> 1 | S17: =IF(I17>=1.25,1,0) -> 1 | T17: =IF(F17>=1,1,0) -> 1 | U17: =IF(G17>=1,1,0) -> 1 | V17: =IF(H17>=1,1,0) -> 1 | W17: =IF(I17>=1,1,0) -> 1 | X17: =IF(T17=1,T17+X16,0) -> 13 | Y17: =IF(U17=1,U17+Y16,0) -> 13 | Z17: =IF(V17=1,V17+Z16,0) -> 13 | AA17: =IF(W17=1,W17+AA16,0) -> 13
A18: 43497 | F18: ='2019 Summary'!F40 -> 1.068 | G18: ='2019 Summary'!G40 -> 1.149 | H18: ='2019 Summary'!H40 -> 1.1 | I18: ='2019 Summary'!I40 -> 1.12 | J18: =MAX(F18:I18) -> 1.149 | P18: =IF(F18>=1.25,1,0) -> 0 | Q18: =IF(G18>=1.25,1,0) -> 0 | R18: =IF(H18>=1.25,1,0) -> 0 | S18: =IF(I18>=1.25,1,0) -> 0 | T18: =IF(F18>=1,1,0) -> 1 | U18: =IF(G18>=1,1,0) -> 1 | V18: =IF(H18>=1,1,0) -> 1 | W18: =IF(I18>=1,1,0) -> 1 | X18: =IF(T18=1,T18+X17,0) -> 14 | Y18: =IF(U18=1,U18+Y17,0) -> 14 | Z18: =IF(V18=1,V18+Z17,0) -> 14 | AA18: =IF(W18=1,W18+AA17,0) -> 14
A19: 43525 | F19: ='2019 Summary'!F41 -> 1.623 | G19: ='2019 Summary'!G41 -> 2.032 | H19: ='2019 Summary'!H41 -> 1.45 | I19: ='2019 Summary'!I41 -> 1.69 | J19: =MAX(F19:I19) -> 2.032 | P19: =IF(F19>=1.25,1,0) -> 1 | Q19: =IF(G19>=1.25,1,0) -> 1 | R19: =IF(H19>=1.25,1,0) -> 1 | S19: =IF(I19>=1.25,1,0) -> 1 | T19: =IF(F19>=1,1,0) -> 1 | U19: =IF(G19>=1,1,0) -> 1 | V19: =IF(H19>=1,1,0) -> 1 | W19: =IF(I19>=1,1,0) -> 1 | X19: =IF(T19=1,T19+X18,0) -> 15 | Y19: =IF(U19=1,U19+Y18,0) -> 15 | Z19: =IF(V19=1,V19+Z18,0) -> 15 | AA19: =IF(W19=1,W19+AA18,0) -> 15
A20: 43556 | F20: ='2019 Summary'!F42 -> 2.044 | G20: ='2019 Summary'!G42 -> 2.264 | H20: ='2019 Summary'!H42 -> 28.43 | I20: ='2019 Summary'!I42 -> 1.916 | J20: =MAX(F20:I20) -> 28.43 | K20: Curtailment | P20: =IF(F20>=1.25,1,0) -> 1 | Q20: =IF(G20>=1.25,1,0) -> 1 | R20: =IF(H20>=1.25,1,0) -> 1 | S20: =IF(I20>=1.25,1,0) -> 1 | T20: =IF(F20>=1,1,0) -> 1 | U20: =IF(G20>=1,1,0) -> 1 | V20: =IF(H20>=1,1,0) -> 1 | W20: =IF(I20>=1,1,0) -> 1 | X20: =IF(T20=1,T20+X19,0) -> 16 | Y20: =IF(U20=1,U20+Y19,0) -> 16 | Z20: =IF(V20=1,V20+Z19,0) -> 16 | AA20: =IF(W20=1,W20+AA19,0) -> 16
A21: 43586 | F21: ='2019 Summary'!F43 -> 1.807 | G21: ='2019 Summary'!G43 -> 1.666 | H21: ='2019 Summary'!H43 -> 1.354 | I21: ='2019 Summary'!I43 -> 1.516 | J21: =MAX(F21:I21) -> 1.807 | P21: =IF(F21>=1.25,1,0) -> 1 | Q21: =IF(G21>=1.25,1,0) -> 1 | R21: =IF(H21>=1.25,1,0) -> 1 | S21: =IF(I21>=1.25,1,0) -> 1 | T21: =IF(F21>=1,1,0) -> 1 | U21: =IF(G21>=1,1,0) -> 1 | V21: =IF(H21>=1,1,0) -> 1 | W21: =IF(I21>=1,1,0) -> 1 | X21: =IF(T21=1,T21+X20,0) -> 17 | Y21: =IF(U21=1,U21+Y20,0) -> 17 | Z21: =IF(V21=1,V21+Z20,0) -> 17 | AA21: =IF(W21=1,W21+AA20,0) -> 17
A22: 43617 | F22: ='2019 Summary'!F44 -> 3.303 | G22: ='2019 Summary'!G44 -> 3.865 | H22: ='2019 Summary'!H44 -> 1.195 | I22: ='2019 Summary'!I44 -> 1.63 | J22: =MAX(F22:I22) -> 3.865 | P22: =IF(F22>=1.25,1,0) -> 1 | Q22: =IF(G22>=1.25,1,0) -> 1 | R22: =IF(H22>=1.25,1,0) -> 0 | S22: =IF(I22>=1.25,1,0) -> 1 | T22: =IF(F22>=1,1,0) -> 1 | U22: =IF(G22>=1,1,0) -> 1 | V22: =IF(H22>=1,1,0) -> 1 | W22: =IF(I22>=1,1,0) -> 1 | X22: =IF(T22=1,T22+X21,0) -> 18 | Y22: =IF(U22=1,U22+Y21,0) -> 18 | Z22: =IF(V22=1,V22+Z21,0) -> 18 | AA22: =IF(W22=1,W22+AA21,0) -> 18
A23: 43647 | F23: ='2019 Summary'!F45 -> 1.956 | G23: ='2019 Summary'!G45 -> 1.982 | H23: ='2019 Summary'!H45 -> 1.849 | I23: ='2019 Summary'!I45 -> 1.847 | J23: =MAX(F23:I23) -> 1.982 | P23: =IF(F23>=1.25,1,0) -> 1 | Q23: =IF(G23>=1.25,1,0) -> 1 | R23: =IF(H23>=1.25,1,0) -> 1 | S23: =IF(I23>=1.25,1,0) -> 1 | T23: =IF(F23>=1,1,0) -> 1 | U23: =IF(G23>=1,1,0) -> 1 | V23: =IF(H23>=1,1,0) -> 1 | W23: =IF(I23>=1,1,0) -> 1 | X23: =IF(T23=1,T23+X22,0) -> 19 | Y23: =IF(U23=1,U23+Y22,0) -> 19 | Z23: =IF(V23=1,V23+Z22,0) -> 19 | AA23: =IF(W23=1,W23+AA22,0) -> 19
A24: 43678 | F24: ='2019 Summary'!F46 -> 1.468 | G24: ='2019 Summary'!G46 -> 1.652 | H24: ='2019 Summary'!H46 -> 1.386 | I24: ='2019 Summary'!I46 -> 1.505 | J24: =MAX(F24:I24) -> 1.652 | P24: =IF(F24>=1.25,1,0) -> 1 | Q24: =IF(G24>=1.25,1,0) -> 1 | R24: =IF(H24>=1.25,1,0) -> 1 | S24: =IF(I24>=1.25,1,0) -> 1 | T24: =IF(F24>=1,1,0) -> 1 | U24: =IF(G24>=1,1,0) -> 1 | V24: =IF(H24>=1,1,0) -> 1 | W24: =IF(I24>=1,1,0) -> 1 | X24: =IF(T24=1,T24+X23,0) -> 20 | Y24: =IF(U24=1,U24+Y23,0) -> 20 | Z24: =IF(V24=1,V24+Z23,0) -> 20 | AA24: =IF(W24=1,W24+AA23,0) -> 20
A25: 43709 | F25: ='2019 Summary'!F47 -> 2.125 | G25: ='2019 Summary'!G47 -> 1.839 | H25: ='2019 Summary'!H47 -> 1.688 | I25: ='2019 Summary'!I47 -> 1.536 | J25: =MAX(F25:I25) -> 2.125 | P25: =IF(F25>=1.25,1,0) -> 1 | Q25: =IF(G25>=1.25,1,0) -> 1 | R25: =IF(H25>=1.25,1,0) -> 1 | S25: =IF(I25>=1.25,1,0) -> 1 | T25: =IF(F25>=1,1,0) -> 1 | U25: =IF(G25>=1,1,0) -> 1 | V25: =IF(H25>=1,1,0) -> 1 | W25: =IF(I25>=1,1,0) -> 1 | X25: =IF(T25=1,T25+X24,0) -> 21 | Y25: =IF(U25=1,U25+Y24,0) -> 21 | Z25: =IF(V25=1,V25+Z24,0) -> 21 | AA25: =IF(W25=1,W25+AA24,0) -> 21
A26: 43739 | F26: ='2019 Summary'!F48 -> 1.881 | G26: ='2019 Summary'!G48 -> 1.786 | H26: ='2019 Summary'!H48 -> 1.711 | I26: ='2019 Summary'!I48 -> 1.862 | J26: =MAX(F26:I26) -> 1.881 | P26: =IF(F26>=1.25,1,0) -> 1 | Q26: =IF(G26>=1.25,1,0) -> 1 | R26: =IF(H26>=1.25,1,0) -> 1 | S26: =IF(I26>=1.25,1,0) -> 1 | T26: =IF(F26>=1,1,0) -> 1 | U26: =IF(G26>=1,1,0) -> 1 | V26: =IF(H26>=1,1,0) -> 1 | W26: =IF(I26>=1,1,0) -> 1 | X26: =IF(T26=1,T26+X25,0) -> 22 | Y26: =IF(U26=1,U26+Y25,0) -> 22 | Z26: =IF(V26=1,V26+Z25,0) -> 22 | AA26: =IF(W26=1,W26+AA25,0) -> 22
A27: 43770 | F27: ='2019 Summary'!F49 -> 1.595 | G27: ='2019 Summary'!G49 -> 1.926 | H27: ='2019 Summary'!H49 -> 1.673 | I27: ='2019 Summary'!I49 -> 1.556 | J27: =MAX(F27:I27) -> 1.926 | P27: =IF(F27>=1.25,1,0) -> 1 | Q27: =IF(G27>=1.25,1,0) -> 1 | R27: =IF(H27>=1.25,1,0) -> 1 | S27: =IF(I27>=1.25,1,0) -> 1 | T27: =IF(F27>=1,1,0) -> 1 | U27: =IF(G27>=1,1,0) -> 1 | V27: =IF(H27>=1,1,0) -> 1 | W27: =IF(I27>=1,1,0) -> 1 | X27: =IF(T27=1,T27+X26,0) -> 23 | Y27: =IF(U27=1,U27+Y26,0) -> 23 | Z27: =IF(V27=1,V27+Z26,0) -> 23 | AA27: =IF(W27=1,W27+AA26,0) -> 23
A28: 43800 | F28: ='2019 Summary'!F50 -> 1.555 | G28: ='2019 Summary'!G50 -> 1.837 | H28: ='2019 Summary'!H50 -> 1.775 | I28: ='2019 Summary'!I50 -> 1.627 | J28: =MAX(F28:I28) -> 1.837 | P28: =IF(F28>=1.25,1,0) -> 1 | Q28: =IF(G28>=1.25,1,0) -> 1 | R28: =IF(H28>=1.25,1,0) -> 1 | S28: =IF(I28>=1.25,1,0) -> 1 | T28: =IF(F28>=1,1,0) -> 1 | U28: =IF(G28>=1,1,0) -> 1 | V28: =IF(H28>=1,1,0) -> 1 | W28: =IF(I28>=1,1,0) -> 1 | X28: =IF(T28=1,T28+X27,0) -> 24 | Y28: =IF(U28=1,U28+Y27,0) -> 24 | Z28: =IF(V28=1,V28+Z27,0) -> 24 | AA28: =IF(W28=1,W28+AA27,0) -> 24
A29: 43831 | F29: ='2020 Summary'!F39 -> 1.668 | G29: ='2020 Summary'!G39 -> 1.98 | H29: ='2020 Summary'!H39 -> 1.818 | I29: ='2020 Summary'!I39 -> 1.802 | J29: =MAX(F29:I29) -> 1.98 | P29: =IF(F29>=1.25,1,0) -> 1 | Q29: =IF(G29>=1.25,1,0) -> 1 | R29: =IF(H29>=1.25,1,0) -> 1 | S29: =IF(I29>=1.25,1,0) -> 1 | T29: =IF(F29>=1,1,0) -> 1 | U29: =IF(G29>=1,1,0) -> 1 | V29: =IF(H29>=1,1,0) -> 1 | W29: =IF(I29>=1,1,0) -> 1 | X29: =IF(T29=1,T29+X28,0) -> 25 | Y29: =IF(U29=1,U29+Y28,0) -> 25 | Z29: =IF(V29=1,V29+Z28,0) -> 25 | AA29: =IF(W29=1,W29+AA28,0) -> 25
A30: 43862 | F30: ='2020 Summary'!F40 -> 2.122 | G30: ='2020 Summary'!G40 -> 2.319 | H30: ='2020 Summary'!H40 -> 2.924 | I30: ='2020 Summary'!I40 -> 2.423 | J30: =MAX(F30:I30) -> 2.924 | P30: =IF(F30>=1.25,1,0) -> 1 | Q30: =IF(G30>=1.25,1,0) -> 1 | R30: =IF(H30>=1.25,1,0) -> 1 | S30: =IF(I30>=1.25,1,0) -> 1 | T30: =IF(F30>=1,1,0) -> 1 | U30: =IF(G30>=1,1,0) -> 1 | V30: =IF(H30>=1,1,0) -> 1 | W30: =IF(I30>=1,1,0) -> 1 | X30: =IF(T30=1,T30+X29,0) -> 26 | Y30: =IF(U30=1,U30+Y29,0) -> 26 | Z30: =IF(V30=1,V30+Z29,0) -> 26 | AA30: =IF(W30=1,W30+AA29,0) -> 26
A31: 43891 | F31: ='2020 Summary'!F41 -> 2.072 | G31: ='2020 Summary'!G41 -> 1.158 | H31: ='2020 Summary'!H41 -> 1.129 | I31: ='2020 Summary'!I41 -> 1.072 | J31: =MAX(F31:I31) -> 2.072 | P31: =IF(F31>=1.25,1,0) -> 1 | Q31: =IF(G31>=1.25,1,0) -> 0 | R31: =IF(H31>=1.25,1,0) -> 0 | S31: =IF(I31>=1.25,1,0) -> 0 | T31: =IF(F31>=1,1,0) -> 1 | U31: =IF(G31>=1,1,0) -> 1 | V31: =IF(H31>=1,1,0) -> 1 | W31: =IF(I31>=1,1,0) -> 1 | X31: =IF(T31=1,T31+X30,0) -> 27 | Y31: =IF(U31=1,U31+Y30,0) -> 27 | Z31: =IF(V31=1,V31+Z30,0) -> 27 | AA31: =IF(W31=1,W31+AA30,0) -> 27
A32: 43922 | F32: ='2020 Summary'!F42 -> 1.377 | G32: ='2020 Summary'!G42 -> 1.534 | H32: ='2020 Summary'!H42 -> 1.224 | I32: ='2020 Summary'!I42 -> 1.479 | J32: =MAX(F32:I32) -> 1.534 | P32: =IF(F32>=1.25,1,0) -> 1 | Q32: =IF(G32>=1.25,1,0) -> 1 | R32: =IF(H32>=1.25,1,0) -> 0 | S32: =IF(I32>=1.25,1,0) -> 1 | T32: =IF(F32>=1,1,0) -> 1 | U32: =IF(G32>=1,1,0) -> 1 | V32: =IF(H32>=1,1,0) -> 1 | W32: =IF(I32>=1,1,0) -> 1 | X32: =IF(T32=1,T32+X31,0) -> 28 | Y32: =IF(U32=1,U32+Y31,0) -> 28 | Z32: =IF(V32=1,V32+Z31,0) -> 28 | AA32: =IF(W32=1,W32+AA31,0) -> 28
A33: 43952 | F33: ='2020 Summary'!F43 -> 1.727 | G33: ='2020 Summary'!G43 -> 1.663 | H33: ='2020 Summary'!H43 -> 1.712 | I33: ='2020 Summary'!I43 -> 1.42 | J33: =MAX(F33:I33) -> 1.727 | P33: =IF(F33>=1.25,1,0) -> 1 | Q33: =IF(G33>=1.25,1,0) -> 1 | R33: =IF(H33>=1.25,1,0) -> 1 | S33: =IF(I33>=1.25,1,0) -> 1 | T33: =IF(F33>=1,1,0) -> 1 | U33: =IF(G33>=1,1,0) -> 1 | V33: =IF(H33>=1,1,0) -> 1 | W33: =IF(I33>=1,1,0) -> 1 | X33: =IF(T33=1,T33+X32,0) -> 29 | Y33: =IF(U33=1,U33+Y32,0) -> 29 | Z33: =IF(V33=1,V33+Z32,0) -> 29 | AA33: =IF(W33=1,W33+AA32,0) -> 29
A34: 43983 | F34: ='2020 Summary'!F44 -> 1.981 | G34: ='2020 Summary'!G44 -> 1.677 | H34: ='2020 Summary'!H44 -> 1.031 | I34: ='2020 Summary'!I44 -> 1.218 | J34: =MAX(F34:I34) -> 1.981 | P34: =IF(F34>=1.25,1,0) -> 1 | Q34: =IF(G34>=1.25,1,0) -> 1 | R34: =IF(H34>=1.25,1,0) -> 0 | S34: =IF(I34>=1.25,1,0) -> 0 | T34: =IF(F34>=1,1,0) -> 1 | U34: =IF(G34>=1,1,0) -> 1 | V34: =IF(H34>=1,1,0) -> 1 | W34: =IF(I34>=1,1,0) -> 1 | X34: =IF(T34=1,T34+X33,0) -> 30 | Y34: =IF(U34=1,U34+Y33,0) -> 30 | Z34: =IF(V34=1,V34+Z33,0) -> 30 | AA34: =IF(W34=1,W34+AA33,0) -> 30
A35: 44013 | F35: ='2020 Summary'!F45 -> 3.026 | G35: ='2020 Summary'!G45 -> 3.227 | H35: ='2020 Summary'!H45 -> 2.865 | I35: ='2020 Summary'!I45 -> 2.986 | J35: =MAX(F35:I35) -> 3.227 | K35: Fireworks | P35: =IF(F35>=1.25,1,0) -> 1 | Q35: =IF(G35>=1.25,1,0) -> 1 | R35: =IF(H35>=1.25,1,0) -> 1 | S35: =IF(I35>=1.25,1,0) -> 1 | T35: =IF(F35>=1,1,0) -> 1 | U35: =IF(G35>=1,1,0) -> 1 | V35: =IF(H35>=1,1,0) -> 1 | W35: =IF(I35>=1,1,0) -> 1 | X35: =IF(T35=1,T35+X34,0) -> 31 | Y35: =IF(U35=1,U35+Y34,0) -> 31 | Z35: =IF(V35=1,V35+Z34,0) -> 31 | AA35: =IF(W35=1,W35+AA34,0) -> 31
A36: 44044 | F36: ='2020 Summary'!F46 -> 1.473 | G36: ='2020 Summary'!G46 -> 1.569 | H36: ='2020 Summary'!H46 -> 1.55 | I36: ='2020 Summary'!I46 -> 1.455 | J36: =MAX(F36:I36) -> 1.569 | P36: =IF(F36>=1.25,1,0) -> 1 | Q36: =IF(G36>=1.25,1,0) -> 1 | R36: =IF(H36>=1.25,1,0) -> 1 | S36: =IF(I36>=1.25,1,0) -> 1 | T36: =IF(F36>=1,1,0) -> 1 | U36: =IF(G36>=1,1,0) -> 1 | V36: =IF(H36>=1,1,0) -> 1 | W36: =IF(I36>=1,1,0) -> 1 | X36: =IF(T36=1,T36+X35,0) -> 32 | Y36: =IF(U36=1,U36+Y35,0) -> 32 | Z36: =IF(V36=1,V36+Z35,0) -> 32 | AA36: =IF(W36=1,W36+AA35,0) -> 32
A37: 44075 | F37: ='2020 Summary'!F47 -> 2.003 | G37: ='2020 Summary'!G47 -> 2.282 | H37: ='2020 Summary'!H47 -> 2.271 | I37: ='2020 Summary'!I47 -> 2.212 | J37: =MAX(F37:I37) -> 2.282 | L37: =RANK(F37,F$5:F$41) -> 17 | M37: =RANK(G37,G$5:G$41) -> 11 | N37: =RANK(H37,H$5:H$41) -> 8 | O37: =RANK(I37,I$5:I$41) -> 10 | P37: =IF(F37>=1.25,1,0) -> 1 | Q37: =IF(G37>=1.25,1,0) -> 1 | R37: =IF(H37>=1.25,1,0) -> 1 | S37: =IF(I37>=1.25,1,0) -> 1 | T37: =IF(F37>=1,1,0) -> 1 | U37: =IF(G37>=1,1,0) -> 1 | V37: =IF(H37>=1,1,0) -> 1 | W37: =IF(I37>=1,1,0) -> 1 | X37: =IF(T37=1,T37+X36,0) -> 33 | Y37: =IF(U37=1,U37+Y36,0) -> 33 | Z37: =IF(V37=1,V37+Z36,0) -> 33 | AA37: =IF(W37=1,W37+AA36,0) -> 33
A38: 44105 | F38: ='2020 Summary'!F48 -> 5.541 | G38: ='2020 Summary'!G48 -> 5.626 | H38: ='2020 Summary'!H48 -> 5.916 | I38: ='2020 Summary'!I48 -> 6.464 | J38: =MAX(F38:I38) -> 6.464 | K38: Wildfires | L38: =RANK(F38,F$5:F$41) -> 4 | M38: =RANK(G38,G$5:G$41) -> 2 | N38: =RANK(H38,H$5:H$41) -> 2 | O38: =RANK(I38,I$5:I$41) -> 2 | P38: =IF(F38>=1.25,1,0) -> 1 | Q38: =IF(G38>=1.25,1,0) -> 1 | R38: =IF(H38>=1.25,1,0) -> 1 | S38: =IF(I38>=1.25,1,0) -> 1 | T38: =IF(F38>=1,1,0) -> 1 | U38: =IF(G38>=1,1,0) -> 1 | V38: =IF(H38>=1,1,0) -> 1 | W38: =IF(I38>=1,1,0) -> 1 | X38: =IF(T38=1,T38+X37,0) -> 34 | Y38: =IF(U38=1,U38+Y37,0) -> 34 | Z38: =IF(V38=1,V38+Z37,0) -> 34 | AA38: =IF(W38=1,W38+AA37,0) -> 34
A39: 44136 | F39: ='2020 Summary'!F49 -> 2.613 | G39: ='2020 Summary'!G49 -> 2.307 | H39: ='2020 Summary'!H49 -> 2.064 | I39: ='2020 Summary'!I49 -> 2.196 | J39: =MAX(F39:I39) -> 2.613 | L39: =RANK(F39,F$5:F$41) -> 10 | M39: =RANK(G39,G$5:G$41) -> 10 | N39: =RANK(H39,H$5:H$41) -> 10 | O39: =RANK(I39,I$5:I$41) -> 11 | P39: =IF(F39>=1.25,1,0) -> 1 | Q39: =IF(G39>=1.25,1,0) -> 1 | R39: =IF(H39>=1.25,1,0) -> 1 | S39: =IF(I39>=1.25,1,0) -> 1 | T39: =IF(F39>=1,1,0) -> 1 | U39: =IF(G39>=1,1,0) -> 1 | V39: =IF(H39>=1,1,0) -> 1 | W39: =IF(I39>=1,1,0) -> 1 | X39: =IF(T39=1,T39+X38,0) -> 35 | Y39: =IF(U39=1,U39+Y38,0) -> 35 | Z39: =IF(V39=1,V39+Z38,0) -> 35 | AA39: =IF(W39=1,W39+AA38,0) -> 35
A40: 44166 | F40: ='2020 Summary'!F50 -> 2.481 | G40: ='2020 Summary'!G50 -> 2.655 | H40: ='2020 Summary'!H50 -> 2.095 | I40: ='2020 Summary'!I50 -> 2.164 | J40: =MAX(F40:I40) -> 2.655 | L40: =RANK(F40,F$5:F$41) -> 11 | M40: =RANK(G40,G$5:G$41) -> 7 | N40: =RANK(H40,H$5:H$41) -> 9 | O40: =RANK(I40,I$5:I$41) -> 12 | P40: =IF(F40>=1.25,1,0) -> 1 | Q40: =IF(G40>=1.25,1,0) -> 1 | R40: =IF(H40>=1.25,1,0) -> 1 | S40: =IF(I40>=1.25,1,0) -> 1 | T40: =IF(F40>=1,1,0) -> 1 | U40: =IF(G40>=1,1,0) -> 1 | V40: =IF(H40>=1,1,0) -> 1 | W40: =IF(I40>=1,1,0) -> 1 | X40: =IF(T40=1,T40+X39,0) -> 36 | Y40: =IF(U40=1,U40+Y39,0) -> 36 | Z40: =IF(V40=1,V40+Z39,0) -> 36 | AA40: =IF(W40=1,W40+AA39,0) -> 36
A41: 44197 | F41: ='2021 Summary'!F39 -> 5.866 | G41: ='2021 Summary'!G39 -> 2.069 | H41: ='2021 Summary'!H39 -> 1.943 | I41: ='2021 Summary'!I39 -> 2.847 | J41: =MAX(F41:I41) -> 5.866 | L41: =RANK(F41,F$5:F$41) -> 3 | M41: =RANK(G41,G$5:G$41) -> 14 | N41: =RANK(H41,H$5:H$41) -> 13 | O41: =RANK(I41,I$5:I$41) -> 7 | P41: =IF(F41>=1.25,1,0) -> 1 | Q41: =IF(G41>=1.25,1,0) -> 1 | R41: =IF(H41>=1.25,1,0) -> 1 | S41: =IF(I41>=1.25,1,0) -> 1 | T41: =IF(F41>=1,1,0) -> 1 | U41: =IF(G41>=1,1,0) -> 1 | V41: =IF(H41>=1,1,0) -> 1 | W41: =IF(I41>=1,1,0) -> 1 | X41: =IF(T41=1,T41+X40,0) -> 37 | Y41: =IF(U41=1,U41+Y40,0) -> 37 | Z41: =IF(V41=1,V41+Z40,0) -> 37 | AA41: =IF(W41=1,W41+AA40,0) -> 37
A42: 44228
A43: 44256
A44: 44287
A45: 44317 | L45: =MAX(F5:F41) -> 10.99 | M45: =MAX(G5:G41) -> 9.29 | N45: =MAX(H5:H41) -> 28.43 | O45: =MAX(I5:I41) -> 8.132
A46: 44348
A47: 44378
A48: 44409
A49: 44440
A50: 44470
A51: 44501
A52: 44531

Sheet Lead (30-Day_Avg)
C1: City of Industry Plant - Ambient Lead
C2: (units=µg/m3) | AN2: 0.075 | AU2: 0.075 | BB2: 0.075 | BI2: 0.075 | BP2: 0.075 | BW2: 0.075 | CD2: 0.075 | CQ2: 0.075
A3: Month | B3: Year | C3: Monitoring | D3: Station 1 | F3: Station 2 | I3: Station 4 | K3: Station 5 | M3: 30-day average | Q3: Daily Results | AF3: =COUNTIF($D$5:$L$734,">=0.075") -> 32 | AH3: =COUNTIF($Q$5:$T$734,">=0.075") -> 18
A4: =IF(ISNUMBER(C4),MONTH(C4),"") | B4: =IF(ISNUMBER(C4),YEAR(C4),"") | C4: Dates | D4: 1A | E4: 1B | F4: 2A | G4: 2B | H4: 2D | I4: 4A | J4: 4B | K4: 5A | L4: 5B | M4: Station 1 | N4: Station 2 | O4: Station 4 | P4: Station 5 | Q4: Station 1 | R4: Station 2 | S4: Station 4 | T4: Station 5 | V4: WeekEND | W4: WeekDAY | Z4: WeekEND | AA4: WeekDAY | AB4: % WD Diff | AC4: ALLDAYS | AE4: 98th percentile | AH4: =COUNTIF($D$5:$L$734,">=0.10") -> 14 | AI4: CY 2025 | AJ4: Station 1 | AK4: Station 2 | AL4: Station 4 | AM4: Station 5 | AN4: ALL Stations | AP4: CY 2024 | AQ4: Station 1 | AR4: Station 2 | AS4: Station 4 | AT4: Station 5 | AU4: ALL Stations | AW4: CY 2023 | AX4: Station 1 | AY4: Station 2 | AZ4: Station 4 | BA4: Station 5 | BB4: ALL Stations | BD4: CY 2022 | BE4: Station 1 | BF4: Station 2 | BG4: Station 4 | BH4: Station 5 | BI4: ALL Stations | BK4: CY 2021 | BL4: Station 1 | BM4: Station 2 | BN4: Station 4 | BO4: Station 5 | BP4: ALL Stations | BR4: CY 2020 | BS4: Station 1 | BT4: Station 2 | BU4: Station 4 | BV4: Station 5 | BW4: ALL Stations | BY4: CY 2019 | BZ4: Station 1 | CA4: Station 2 | CB4: Station 4 | CC4: Station 5 | CD4: ALL Stations | CG4: Station 1 | CH4: Station 2 | CI4: Station 4 | CJ4: Station 5 | CM4: Station 1 | CN4: Station 2 | CO4: Station 4 | CP4: Station 5 | CQ4: ALL Stations
A5: =IF(ISNUMBER(C5),MONTH(C5),"") -> 1 | B5: =IF(ISNUMBER(C5),YEAR(C5),"") -> 2018 | C5: 43101 | E5: 0.0126 | G5: 0.0117 | J5: 0.0115 | L5: 0.014 | M5: =AVERAGE(D5:E5) -> 0.0126 | N5: =AVERAGE(F5:H5) -> 0.0117 | O5: =AVERAGE(I5:J5) -> 0.0115 | P5: =AVERAGE(K5:L5) -> 0.014 | Q5: =IFERROR(AVERAGE(D5:E5),"") -> 0.0126 | R5: =IFERROR(AVERAGE(F5:H5),"") -> 0.0117 | S5: =IFERROR(AVERAGE(I5:J5),"") -> 0.0115 | T5: =IFERROR(AVERAGE(K5:L5),"") -> 0.014 | W5: =AVERAGE(Q5:T5) -> 0.01245 | Y5: max | Z5: =MAX(V5:V3300) -> 0.1439475 | AA5: =MAX(W5:W3300) -> 0.194825 | AB5: =(AA5-Z5)/Z5 -> 0.35344483 | AD5: =PERCENTILE(D5:L2569,0.98) -> 0.067134 | AE5: WeekDAY | AF5: =PERCENTILE($W$5:$W$734,0.98) -> 0.051844 | AI5: max | AJ5: =MAX($D$2562:$E$2926) -> 0.13486 | AK5: =MAX($F$2562:$H$2926) -> 0.34496203 | AL5: =MAX($I$2562:$J$2926) -> 0.187 | AM5: =MAX($K$2562:$L$2926) -> 0.333 | AN5: =MAX($D$2562:$L$2926) -> 0.34496203 | AP5: max | AQ5: =MAX($D$2196:$E$2561) -> 0.209 | AR5: =MAX($F$2196:$H$2561) -> 0.114 | AS5: =MAX($I$2196:$J$2561) -> 0.0925 | AT5: =MAX($K$2196:$L$2561) -> 0.403 | AU5: =MAX($D$2196:$L$2561) -> 0.403 | AW5: max | AX5: =MAX($D$1831:$E$2195) -> 0.0983 | AY5: =MAX($F$1831:$H$2195) -> 0.17 | AZ5: =MAX($I$1831:$J$2195) -> 0.117 | BA5: =MAX($K$1831:$L$2195) -> 0.42 | BB5: =MAX($D$1831:$L$2195) -> 0.42 | BD5: max | BE5: =MAX($D$1466:$E$1830) -> 0.449 | BF5: =MAX($F$1466:$H$1830) -> 0.152 | BG5: =MAX($I$1466:$J$1830) -> 0.0785 | BH5: =MAX($K$1466:$L$1830) -> 0.145 | BI5: =MAX($D$1466:$L$1830) -> 0.449 | BK5: max | BL5: =MAX($D$1101:$E$1465) -> 0.0951 | BM5: =MAX($F$1101:$H$1465) -> 0.225 | BN5: =MAX($I$1101:$J$1465) -> 0.137 | BO5: =MAX($K$1101:$L$1465) -> 0.659 | BP5: =MAX($D$1101:$L$1465) -> 0.659 | BR5: max | BS5: =MAX($D$735:$E$1100) -> 0.245 | BT5: =MAX($F$735:$H$1100) -> 0.0905 | BU5: =MAX($I$735:$J$1100) -> 0.145 | BV5: =MAX($K$735:$L$1100) -> 0.122 | BW5: =MAX($D$735:$L$1100) -> 0.245 | BY5: max | BZ5: =MAX($D$5:$E$734) -> 0.4 | CA5: =MAX($F$5:$H$734) -> 0.115 | CB5: =MAX($I$5:$J$734) -> 3.145 | CC5: =MAX($K$5:$L$734) -> 0.229 | CD5: =MAX($D$5:$L$734) -> 3.145 | CF5: # greater than 0.100 | CG5: =COUNTIF($D$5:$E$734,">=0.1") -> 2 | CH5: =COUNTIF($F$5:$H$734,">=0.1") -> 1 | CI5: =COUNTIF($I$5:$J$734,">=0.1") -> 6 | CJ5: =COUNTIF($K$5:$L$734,">=0.1") -> 5 | CL5: Average | CM5: =AVERAGE($D$5:$E$734) -> 0.027062181 | CN5: =AVERAGE($F$5:$H$734) -> 0.024436197 | CO5: =AVERAGE($I$5:$J$734) -> 0.028260808 | CP5: =AVERAGE($K$5:$L$734) -> 0.030368767 | CQ5: =AVERAGE($D$5:$L$734) -> 0.027407945
A6: =IF(ISNUMBER(C6),MONTH(C6),"") -> 1 | B6: =IF(ISNUMBER(C6),YEAR(C6),"") -> 2018 | C6: =C5+1 -> 43102 | D6: 0.0271 | H6: 0.0238 | I6: 0.0274 | K6: 0.0352 | M6: =AVERAGE(D5:E6) -> 0.01985 | N6: =AVERAGE(F5:H6) -> 0.01775 | O6: =AVERAGE(I5:J6) -> 0.01945 | P6: =AVERAGE(K5:L6) -> 0.0246 | Q6: =IFERROR(AVERAGE(D6:E6),"") -> 0.0271 | R6: =IFERROR(AVERAGE(F6:H6),"") -> 0.0238 | S6: =IFERROR(AVERAGE(I6:J6),"") -> 0.0274 | T6: =IFERROR(AVERAGE(K6:L6),"") -> 0.0352 | W6: =AVERAGE(Q6:T6) -> 0.028375 | Y6: 95th percentile | Z6: =PERCENTILE(V5:V3300,0.9) -> 0.026462972 | AA6: =PERCENTILE($W$5:$W$3300,0.9) -> 0.051125 | AB6: =(AA6-Z6)/Z6 -> 0.93194473 | AC6: =PERCENTILE(V5:W2569,0.95) -> 0.04718 | AD6: =PERCENTILE(D5:L2569,0.95) -> 0.052385 | AE6: WeekEND | AF6: =PERCENTILE($V$5:$V$734,0.98) -> 0.031969 | AI6: 98th percentile | AJ6: =PERCENTILE($D$2562:$E$2926,0.98) -> 0.10936192 | AK6: =PERCENTILE($F$2562:$H$2926,0.98) -> 0.1210725 | AL6: =PERCENTILE($I$2562:$J$2926,0.98) -> 0.080552 | AM6: =PERCENTILE($K$2562:$L$2926,0.98) -> 0.12341429 | AN6: =PERCENTILE($D$2562:$L$2926,0.98) -> 0.10884002 | AP6: 98th percentile | AQ6: =PERCENTILE($D$2196:$E$2561,0.98) -> 0.0777 | AR6: =PERCENTILE($F$2196:$H$2561,0.98) -> 0.083444 | AS6: =PERCENTILE($I$2196:$J$2561,0.98) -> 0.06686 | AT6: =PERCENTILE($K$2196:$L$2561,0.98) -> 0.07881 | AU6: =PERCENTILE($D$2196:$L$2561,0.98) -> 0.078952 | AW6: 98th percentile | AX6: =PERCENTILE($D$1831:$E$2195,0.98) -> 0.055492 | AY6: =PERCENTILE($F$1831:$H$2195,0.98) -> 0.0778 | AZ6: =PERCENTILE($I$1831:$J$2195,0.98) -> 0.05174 | BA6: =PERCENTILE($K$1831:$L$2195,0.98) -> 0.068632 | BB6: =PERCENTILE($D$1831:$L$2195,0.98) -> 0.061086 | BD6: 98th percentile | BE6: =PERCENTILE($D$1466:$E$1830,0.98) -> 0.056314 | BF6: =PERCENTILE($F$1466:$H$1830,0.98) -> 0.0743 | BG6: =PERCENTILE($I$1466:$J$1830,0.98) -> 0.042572 | BH6: =PERCENTILE($K$1466:$L$1830,0.98) -> 0.060716 | BI6: =PERCENTILE($D$1466:$L$1830,0.98) -> 0.061686 | BK6: 98th percentile | BL6: =PERCENTILE($D$1101:$E$1465,0.98) -> 0.053572 | BM6: =PERCENTILE($F$1101:$H$1465,0.98) -> 0.055964 | BN6: =PERCENTILE($I$1101:$J$1465,0.98) -> 0.038472 | BO6: =PERCENTILE($K$1101:$L$1465,0.98) -> 0.11676 | BP6: =PERCENTILE($D$1101:$L$1465,0.98) -> 0.057286 | BR6: 98th percentile | BS6: =PERCENTILE($D$735:$E$1100,0.98) -> 0.05131 | BT6: =PERCENTILE($F$735:$H$1100,0.98) -> 0.050022 | BU6: =PERCENTILE($I$735:$J$1100,0.98) -> 0.0592 | BV6: =PERCENTILE($K$735:$L$1100,0.98) -> 0.049572 | BW6: =PERCENTILE($D$735:$L$1100,0.98) -> 0.052268 | BY6: 98th percentile | BZ6: =PERCENTILE($D$5:$E$734,0.98) -> 0.063444 | CA6: =PERCENTILE($F$5:$H$734,0.98) -> 0.059696 | CB6: =PERCENTILE($I$5:$J$734,0.98) -> 0.065878 | CC6: =PERCENTILE($K$5:$L$734,0.98) -> 0.0646 | CD6: =PERCENTILE($D$5:$L$734,0.98) -> 0.0641 | CF6: # greater than 0.075 | CG6: =COUNTIF($D$5:$E$734,">=0.075") -> 8 | CH6: =COUNTIF($F$5:$H$734,">=0.075") -> 5 | CI6: =COUNTIF($I$5:$J$734,">=0.075") -> 11 | CJ6: =COUNTIF($K$5:$L$734,">=0.075") -> 8 | CM6: =STDEVP($D$5:$E$734) -> 0.020277418 | CN6: =STDEVP($F$5:$H$734) -> 0.01341449 | CO6: =STDEVP($I$5:$J$734) -> 0.11672658 | CP6: =STDEVP($K$5:$L$734) -> 0.017221671 | CQ6: =STDEVP($D$5:$L$734) -> 0.059124464
A7: =IF(ISNUMBER(C7),MONTH(C7),"") -> 1 | B7: =IF(ISNUMBER(C7),YEAR(C7),"") -> 2018 | C7: =C6+1 -> 43103 | E7: 0.0283 | G7: 0.0325 | J7: 0.0371 | L7: 0.0483 | M7: =AVERAGE(D5:E7) -> 0.022666667 | N7: =AVERAGE(F5:H7) -> 0.022666667 | O7: =AVERAGE(I5:J7) -> 0.025333333 | P7: =AVERAGE(K5:L7) -> 0.0325 | Q7: =IFERROR(AVERAGE(D7:E7),"") -> 0.0283 | R7: =IFERROR(AVERAGE(F7:H7),"") -> 0.0325 | S7: =IFERROR(AVERAGE(I7:J7),"") -> 0.0371 | T7: =IFERROR(AVERAGE(K7:L7),"") -> 0.0483 | W7: =AVERAGE(Q7:T7) -> 0.03655 | Y7: 75th percentile | Z7: =PERCENTILE(V5:V3300,0.75) -> 0.020052822 | AA7: =PERCENTILE(W5:W3300,0.75) -> 0.03815 | AB7: =(AA7-Z7)/Z7 -> 0.90247535 | AC7: =PERCENTILE(V5:W2569,0.75) -> 0.0323 | AE7: All (no events) | AF7: =PERCENTILE($V$5:$W$734,0.98) -> 0.04896425 | AH7: =PERCENTILE($D$5:$L$734,0.985) -> 0.06784 | AI7: 95th percentile | AJ7: =PERCENTILE($D$2562:$E$2926,0.95) -> 0.08618 | AK7: =PERCENTILE($F$2562:$H$2926,0.95) -> 0.096467497 | AL7: =PERCENTILE($I$2562:$J$2926,0.95) -> 0.070924 | AM7: =PERCENTILE($K$2562:$L$2926,0.95) -> 0.080416552 | AN7: =PERCENTILE($D$2562:$L$2926,0.95) -> 0.084611884 | AP7: 95th percentile | AQ7: =PERCENTILE($D$2196:$E$2561,0.95) -> 0.072525 | AR7: =PERCENTILE($F$2196:$H$2561,0.95) -> 0.06835 | AS7: =PERCENTILE($I$2196:$J$2561,0.95) -> 0.057975 | AT7: =PERCENTILE($K$2196:$L$2561,0.95) -> 0.066525 | AU7: =PERCENTILE($D$2196:$L$2561,0.95) -> 0.0672 | AW7: 95th percentile | AX7: =PERCENTILE($D$1831:$E$2195,0.95) -> 0.046825 | AY7: =PERCENTILE($F$1831:$H$2195,0.95) -> 0.0553 | AZ7: =PERCENTILE($I$1831:$J$2195,0.95) -> 0.04488 | BA7: =PERCENTILE($K$1831:$L$2195,0.95) -> 0.04906 | BB7: =PERCENTILE($D$1831:$L$2195,0.95) -> 0.048405 | BD7: 95th percentile | BE7: =PERCENTILE($D$1466:$E$1830,0.95) -> 0.04434 | BF7: =PERCENTILE($F$1466:$H$1830,0.95) -> 0.055 | BG7: =PERCENTILE($I$1466:$J$1830,0.95) -> 0.0389 | BH7: =PERCENTILE($K$1466:$L$1830,0.95) -> 0.05166 | BI7: =PERCENTILE($D$1466:$L$1830,0.95) -> 0.047405 | BK7: 95th percentile | BL7: =PERCENTILE($D$1101:$E$1465,0.95) -> 0.04314 | BM7: =PERCENTILE($F$1101:$H$1465,0.95) -> 0.04246 | BN7: =PERCENTILE($I$1101:$J$1465,0.95) -> 0.03432 | BO7: =PERCENTILE($K$1101:$L$1465,0.95) -> 0.05902 | BP7: =PERCENTILE($D$1101:$L$1465,0.95) -> 0.04601 | BR7: 95th percentile | BS7: =PERCENTILE($D$735:$E$1100,0.95) -> 0.038475 | BT7: =PERCENTILE($F$735:$H$1100,0.95) -> 0.03934 | BU7: =PERCENTILE($I$735:$J$1100,0.95) -> 0.0446 | BV7: =PERCENTILE($K$735:$L$1100,0.95) -> 0.0466 | BW7: =PERCENTILE($D$735:$L$1100,0.95) -> 0.04394 | BY7: 95th percentile | BZ7: =PERCENTILE($D$5:$E$734,0.95) -> 0.05102 | CA7: =PERCENTILE($F$5:$H$734,0.95) -> 0.0471 | CB7: =PERCENTILE($I$5:$J$734,0.95) -> 0.049755 | CC7: =PERCENTILE($K$5:$L$734,0.95) -> 0.055655 | CD7: =PERCENTILE($D$5:$L$734,0.95) -> 0.0514 | CF7: # greater than 0.065 | CG7: =COUNTIF($D$5:$E$734,">=0.065") -> 14 | CH7: =COUNTIF($F$5:$H$734,">=0.065") -> 12 | CI7: =COUNTIF($I$5:$J$734,">=0.065") -> 16 | CJ7: =COUNTIF($K$5:$L$734,">=0.065") -> 14
A8: =IF(ISNUMBER(C8),MONTH(C8),"") -> 1 | B8: =IF(ISNUMBER(C8),YEAR(C8),"") -> 2018 | C8: =C7+1 -> 43104 | D8: 0.0258 | F8: 0.0295 | H8: 0.0291 | I8: 0.0706 | K8: 0.0566 | M8: =AVERAGE(D5:E8) -> 0.02345 | N8: =AVERAGE(F5:H8) -> 0.02532 | O8: =AVERAGE(I5:J8) -> 0.03665 | P8: =AVERAGE(K5:L8) -> 0.038525 | Q8: =IFERROR(AVERAGE(D8:E8),"") -> 0.0258 | R8: =IFERROR(AVERAGE(F8:H8),"") -> 0.0293 | S8: =IFERROR(AVERAGE(I8:J8),"") -> 0.0706 | T8: =IFERROR(AVERAGE(K8:L8),"") -> 0.0566 | W8: =AVERAGE(Q8:T8) -> 0.045575 | Y8: average | Z8: =AVERAGE(V5:V3300) -> 0.017377401 | AA8: =AVERAGE(W5:W3300) -> 0.03235197 | AB8: =(AA8-Z8)/Z8 -> 0.86172659 | AC8: =AVERAGE(V5:W2569) -> 0.025812796 | AE8: All (w/ Events) | AF8: =PERCENTILE($D$5:$L$734,0.98) -> 0.0641 | AH8: =PERCENTILE($D$5:$L$734,0.99) -> 0.0756 | AI8: 90th percentile | AJ8: =PERCENTILE($D$2562:$E$2926,0.9) -> 0.073656996 | AK8: =PERCENTILE($F$2562:$H$2926,0.9) -> 0.080733898 | AL8: =PERCENTILE($I$2562:$J$2926,0.9) -> 0.062033606 | AM8: =PERCENTILE($K$2562:$L$2926,0.9) -> 0.065457193 | AN8: =PERCENTILE($D$2562:$L$2926,0.9) -> 0.071350122 | AP8: 90th percentile | AQ8: =PERCENTILE($D$2196:$E$2561,0.9) -> 0.0593 | AR8: =PERCENTILE($F$2196:$H$2561,0.9) -> 0.05864 | AS8: =PERCENTILE($I$2196:$J$2561,0.9) -> 0.0495 | AT8: =PERCENTILE($K$2196:$L$2561,0.9) -> 0.05845 | AU8: =PERCENTILE($D$2196:$L$2561,0.9) -> 0.057 | AW8: 90th percentile | AX8: =PERCENTILE($D$1831:$E$2195,0.9) -> 0.0393 | AY8: =PERCENTILE($F$1831:$H$2195,0.9) -> 0.0414 | AZ8: =PERCENTILE($I$1831:$J$2195,0.9) -> 0.037 | BA8: =PERCENTILE($K$1831:$L$2195,0.9) -> 0.04006 | BB8: =PERCENTILE($D$1831:$L$2195,0.9) -> 0.03961 | BD8: 90th percentile | BE8: =PERCENTILE($D$1466:$E$1830,0.9) -> 0.03741 | BF8: =PERCENTILE($F$1466:$H$1830,0.9) -> 0.0422 | BG8: =PERCENTILE($I$1466:$J$1830,0.9) -> 0.03626 | BH8: =PERCENTILE($K$1466:$L$1830,0.9) -> 0.04502 | BI8: =PERCENTILE($D$1466:$L$1830,0.9) -> 0.0399 | BK8: 90th percentile | BL8: =PERCENTILE($D$1101:$E$1465,0.9) -> 0.036 | BM8: =PERCENTILE($F$1101:$H$1465,0.9) -> 0.035 | BN8: =PERCENTILE($I$1101:$J$1465,0.9) -> 0.02952 | BO8: =PERCENTILE($K$1101:$L$1465,0.9) -> 0.04796 | BP8: =PERCENTILE($D$1101:$L$1465,0.9) -> 0.03781 | BR8: 90th percentile | BS8: =PERCENTILE($D$735:$E$1100,0.9) -> 0.0316 | BT8: =PERCENTILE($F$735:$H$1100,0.9) -> 0.032 | BU8: =PERCENTILE($I$735:$J$1100,0.9) -> 0.0349 | BV8: =PERCENTILE($K$735:$L$1100,0.9) -> 0.04022 | BW8: =PERCENTILE($D$735:$L$1100,0.9) -> 0.0351 | BY8: 90th percentile | BZ8: =PERCENTILE($D$5:$E$734,0.9) -> 0.04532 | CA8: =PERCENTILE($F$5:$H$734,0.9) -> 0.04018 | CB8: =PERCENTILE($I$5:$J$734,0.9) -> 0.0414 | CC8: =PERCENTILE($K$5:$L$734,0.9) -> 0.04752 | CD8: =PERCENTILE($D$5:$L$734,0.9) -> 0.0434
A9: =IF(ISNUMBER(C9),MONTH(C9),"") -> 1 | B9: =IF(ISNUMBER(C9),YEAR(C9),"") -> 2018 | C9: =C8+1 -> 43105 | E9: 0.0356 | G9: 0.0252 | J9: 0.032 | L9: 0.0516 | M9: =AVERAGE(D5:E9) -> 0.02588 | N9: =AVERAGE(F5:H9) -> 0.0253 | O9: =AVERAGE(I5:J9) -> 0.03572 | P9: =AVERAGE(K5:L9) -> 0.04114 | Q9: =IFERROR(AVERAGE(D9:E9),"") -> 0.0356 | R9: =IFERROR(AVERAGE(F9:H9),"") -> 0.0252 | S9: =IFERROR(AVERAGE(I9:J9),"") -> 0.032 | T9: =IFERROR(AVERAGE(K9:L9),"") -> 0.0516 | W9: =AVERAGE(Q9:T9) -> 0.0361 | X9: =AVERAGE(Q5:T9) -> 0.03181
A10: =IF(ISNUMBER(C10),MONTH(C10),"") -> 1 | B10: =IF(ISNUMBER(C10),YEAR(C10),"") -> 2018 | C10: =C9+1 -> 43106 | D10: 0.019 | F10: 0.0126 | I10: 0.0115 | K10: 0.0195 | M10: =AVERAGE(D5:E10) -> 0.024733333 | N10: =AVERAGE(F5:H10) -> 0.023485714 | O10: =AVERAGE(I5:J10) -> 0.031683333 | P10: =AVERAGE(K5:L10) -> 0.037533333 | Q10: =IFERROR(AVERAGE(D10:E10),"") -> 0.019 | R10: =IFERROR(AVERAGE(F10:H10),"") -> 0.0126 | S10: =IFERROR(AVERAGE(I10:J10),"") -> 0.0115 | T10: =IFERROR(AVERAGE(K10:L10),"") -> 0.0195 | V10: =AVERAGE(Q10:T10) -> 0.01565 | Z10: Station 1 | AA10: Station 2 | AB10: Station 4 | AC10: Station 5
A11: =IF(ISNUMBER(C11),MONTH(C11),"") -> 1 | B11: =IF(ISNUMBER(C11),YEAR(C11),"") -> 2018 | C11: =C10+1 -> 43107 | E11: 0.0139 | G11: 0.0151 | J11: 0.0099 | L11: 0.0164 | M11: =AVERAGE(D5:E11) -> 0.023185714 | N11: =AVERAGE(F5:H11) -> 0.0224375 | O11: =AVERAGE(I5:J11) -> 0.028571429 | P11: =AVERAGE(K5:L11) -> 0.034514286 | Q11: =IFERROR(AVERAGE(D11:E11),"") -> 0.0139 | R11: =IFERROR(AVERAGE(F11:H11),"") -> 0.0151 | S11: =IFERROR(AVERAGE(I11:J11),"") -> 0.0099 | T11: =IFERROR(AVERAGE(K11:L11),"") -> 0.0164 | V11: =AVERAGE(Q11:T11) -> 0.013825 | X11: =AVERAGE(Q10:T11) -> 0.0147375 | Z11: Tuesday | AA11: Monday | AB11: Friday | AC11: Thursday
A12: =IF(ISNUMBER(C12),MONTH(C12),"") -> 1 | B12: =IF(ISNUMBER(C12),YEAR(C12),"") -> 2018 | C12: =C11+1 -> 43108 | D12: 0.0239 | H12: 0.0173 | I12: 0.0168 | K12: 0.0282 | M12: =AVERAGE(D5:E12) -> 0.023275 | N12: =AVERAGE(F5:H12) -> 0.021866667 | O12: =AVERAGE(I5:J12) -> 0.0271 | P12: =AVERAGE(K5:L12) -> 0.033725 | Q12: =IFERROR(AVERAGE(D12:E12),"") -> 0.0239 | R12: =IFERROR(AVERAGE(F12:H12),"") -> 0.0173 | S12: =IFERROR(AVERAGE(I12:J12),"") -> 0.0168 | T12: =IFERROR(AVERAGE(K12:L12),"") -> 0.0282 | W12: =AVERAGE(Q12:T12) -> 0.02155 | Z12: Tuesday | AB12: Monday | AC12: Wednesday
A13: =IF(ISNUMBER(C13),MONTH(C13),"") -> 1 | B13: =IF(ISNUMBER(C13),YEAR(C13),"") -> 2018 | C13: =C12+1 -> 43109 | E13: 0.00725 | G13: 0.0065 | J13: 0.00605 | L13: 0.0123 | M13: =AVERAGE(D5:E13) -> 0.021494444 | N13: =AVERAGE(F5:H13) -> 0.02033 | O13: =AVERAGE(I5:J13) -> 0.024761111 | P13: =AVERAGE(K5:L13) -> 0.031344444 | Q13: =IFERROR(AVERAGE(D13:E13),"") -> 0.00725 | R13: =IFERROR(AVERAGE(F13:H13),"") -> 0.0065 | S13: =IFERROR(AVERAGE(I13:J13),"") -> 0.00605 | T13: =IFERROR(AVERAGE(K13:L13),"") -> 0.0123 | W13: =AVERAGE(Q13:T13) -> 0.008025 | AB13: Monday | AC13: Friday
A14: =IF(ISNUMBER(C14),MONTH(C14),"") -> 1 | B14: =IF(ISNUMBER(C14),YEAR(C14),"") -> 2018 | C14: =C13+1 -> 43110 | D14: 0.0113 | F14: 0.00826 | H14: 0.00684 | I14: 0.0143 | K14: 0.0173 | M14: =AVERAGE(D5:E14) -> 0.020475 | N14: =AVERAGE(F5:H14) -> 0.0182 | O14: =AVERAGE(I5:J14) -> 0.023715 | P14: =AVERAGE(K5:L14) -> 0.02994 | Q14: =IFERROR(AVERAGE(D14:E14),"") -> 0.0113 | R14: =IFERROR(AVERAGE(F14:H14),"") -> 0.00755 | S14: =IFERROR(AVERAGE(I14:J14),"") -> 0.0143 | T14: =IFERROR(AVERAGE(K14:L14),"") -> 0.0173 | W14: =AVERAGE(Q14:T14) -> 0.0126125 | AB14: Tuesday | AC14: Tuesday
A15: =IF(ISNUMBER(C15),MONTH(C15),"") -> 1 | B15: =IF(ISNUMBER(C15),YEAR(C15),"") -> 2018 | C15: =C14+1 -> 43111 | E15: 0.0351 | G15: 0.0197 | J15: 0.0436 | L15: 0.0423 | M15: =AVERAGE(D5:E15) -> 0.021804545 | N15: =AVERAGE(F5:H15) -> 0.018315385 | O15: =AVERAGE(I5:J15) -> 0.025522727 | P15: =AVERAGE(K5:L15) -> 0.031063636 | Q15: =IFERROR(AVERAGE(D15:E15),"") -> 0.0351 | R15: =IFERROR(AVERAGE(F15:H15),"") -> 0.0197 | S15: =IFERROR(AVERAGE(I15:J15),"") -> 0.0436 | T15: =IFERROR(AVERAGE(K15:L15),"") -> 0.0423 | W15: =AVERAGE(Q15:T15) -> 0.035175 | AB15: Tuesday
A16: =IF(ISNUMBER(C16),MONTH(C16),"") -> 1 | B16: =IF(ISNUMBER(C16),YEAR(C16),"") -> 2018 | C16: =C15+1 -> 43112 | D16: 0.02 | F16: 0.0276 | I16: 0.101 | K16: 0.0321 | M16: =AVERAGE(D5:E16) -> 0.021654167 | N16: =AVERAGE(F5:H16) -> 0.018978571 | O16: =AVERAGE(I5:J16) -> 0.0318125 | P16: =AVERAGE(K5:L16) -> 0.03115 | Q16: =IFERROR(AVERAGE(D16:E16),"") -> 0.02 | R16: =IFERROR(AVERAGE(F16:H16),"") -> 0.0276 | T16: =IFERROR(AVERAGE(K16:L16),"") -> 0.0321 | W16: =AVERAGE(Q16:T16) -> 0.026566667 | X16: =AVERAGE(Q12:T16) -> 0.020481579 | Y16: EVENT
A17: =IF(ISNUMBER(C17),MONTH(C17),"") -> 1 | B17: =IF(ISNUMBER(C17),YEAR(C17),"") -> 2018 | C17: =C16+1 -> 43113 | E17: 0.013 | G17: 0.0153 | J17: 0.0173 | L17: 0.0189 | M17: =AVERAGE(D5:E17) -> 0.020988462 | N17: =AVERAGE(F5:H17) -> 0.018733333 | O17: =AVERAGE(I5:J17) -> 0.030696154 | P17: =AVERAGE(K5:L17) -> 0.030207692 | Q17: =IFERROR(AVERAGE(D17:E17),"") -> 0.013 | R17: =IFERROR(AVERAGE(F17:H17),"") -> 0.0153 | S17: =IFERROR(AVERAGE(I17:J17),"") -> 0.0173 | T17: =IFERROR(AVERAGE(K17:L17),"") -> 0.0189 | V17: =AVERAGE(Q17:T17) -> 0.016125
A18: =IF(ISNUMBER(C18),MONTH(C18),"") -> 1 | B18: =IF(ISNUMBER(C18),YEAR(C18),"") -> 2018 | C18: =C17+1 -> 43114 | D18: 0.0119 | H18: 0.0104 | I18: 0.00872 | K18: 0.0155 | M18: =AVERAGE(D5:E18) -> 0.020339286 | N18: =AVERAGE(F5:H18) -> 0.0182125 | O18: =AVERAGE(I5:J18) -> 0.029126429 | P18: =AVERAGE(K5:L18) -> 0.029157143 | Q18: =IFERROR(AVERAGE(D18:E18),"") -> 0.0119 | R18: =IFERROR(AVERAGE(F18:H18),"") -> 0.0104 | S18: =IFERROR(AVERAGE(I18:J18),"") -> 0.00872 | T18: =IFERROR(AVERAGE(K18:L18),"") -> 0.0155 | V18: =AVERAGE(Q18:T18) -> 0.01163 | X18: =AVERAGE(Q17:T18) -> 0.0138775 | Z18: Monday | AA18: 3
A19: =IF(ISNUMBER(C19),MONTH(C19),"") -> 1 | B19: =IF(ISNUMBER(C19),YEAR(C19),"") -> 2018 | C19: =C18+1 -> 43115 | E19: 0.0304 | G19: 0.0372 | J19: 0.0288 | L19: 0.0312 | M19: =AVERAGE(D5:E19) -> 0.02101 | N19: =AVERAGE(F5:H19) -> 0.019329412 | O19: =AVERAGE(I5:J19) -> 0.029104667 | P19: =AVERAGE(K5:L19) -> 0.029293333 | Q19: =IFERROR(AVERAGE(D19:E19),"") -> 0.0304 | R19: =IFERROR(AVERAGE(F19:H19),"") -> 0.0372 | S19: =IFERROR(AVERAGE(I19:J19),"") -> 0.0288 | T19: =IFERROR(AVERAGE(K19:L19),"") -> 0.0312 | W19: =AVERAGE(Q19:T19) -> 0.0319 | Z19: Tuesday | AA19: 5
A20: =IF(ISNUMBER(C20),MONTH(C20),"") -> 1 | B20: =IF(ISNUMBER(C20),YEAR(C20),"") -> 2018 | C20: =C19+1 -> 43116 | D20: 0.0229 | F20: 0.0259 | H20: 0.024 | I20: 0.0339 | K20: 0.0332 | M20: =AVERAGE(D5:E20) -> 0.021128125 | N20: =AVERAGE(F5:H20) -> 0.019921053 | O20: =AVERAGE(I5:J20) -> 0.029404375 | P20: =AVERAGE(K5:L20) -> 0.0295375 | Q20: =IFERROR(AVERAGE(D20:E20),"") -> 0.0229 | R20: =IFERROR(AVERAGE(F20:H20),"") -> 0.02495 | S20: =IFERROR(AVERAGE(I20:J20),"") -> 0.0339 | T20: =IFERROR(AVERAGE(K20:L20),"") -> 0.0332 | W20: =AVERAGE(Q20:T20) -> 0.0287375 | Z20: Wednesday | AA20: 1
A21: =IF(ISNUMBER(C21),MONTH(C21),"") -> 1 | B21: =IF(ISNUMBER(C21),YEAR(C21),"") -> 2018 | C21: =C20+1 -> 43117 | E21: 0.0292 | G21: 0.0265 | J21: 0.0346 | L21: 0.0386 | M21: =AVERAGE(D5:E21) -> 0.021602941 | N21: =AVERAGE(F5:H21) -> 0.02025 | O21: =AVERAGE(I5:J21) -> 0.02971 | P21: =AVERAGE(K5:L21) -> 0.030070588 | Q21: =IFERROR(AVERAGE(D21:E21),"") -> 0.0292 | R21: =IFERROR(AVERAGE(F21:H21),"") -> 0.0265 | S21: =IFERROR(AVERAGE(I21:J21),"") -> 0.0346 | T21: =IFERROR(AVERAGE(K21:L21),"") -> 0.0386 | W21: =AVERAGE(Q21:T21) -> 0.032225 | Z21: Thursday | AA21: 1
A22: =IF(ISNUMBER(C22),MONTH(C22),"") -> 1 | B22: =IF(ISNUMBER(C22),YEAR(C22),"") -> 2018 | C22: =C21+1 -> 43118 | D22: 0.0432 | F22: 0.0237 | I22: 0.0229 | K22: 0.057 | M22: =AVERAGE(D5:E22) -> 0.022802778 | N22: =AVERAGE(F5:H22) -> 0.020414286 | O22: =AVERAGE(I5:J22) -> 0.029331667 | P22: =AVERAGE(K5:L22) -> 0.031566667 | Q22: =IFERROR(AVERAGE(D22:E22),"") -> 0.0432 | R22: =IFERROR(AVERAGE(F22:H22),"") -> 0.0237 | S22: =IFERROR(AVERAGE(I22:J22),"") -> 0.0229 | T22: =IFERROR(AVERAGE(K22:L22),"") -> 0.057 | W22: =AVERAGE(Q22:T22) -> 0.0367 | Z22: Friday | AA22: 2
A23: =IF(ISNUMBER(C23),MONTH(C23),"") -> 1 | B23: =IF(ISNUMBER(C23),YEAR(C23),"") -> 2018 | C23: =C22+1 -> 43119 | E23: 0.0209 | G23: 0.0152 | J23: 0.0176 | L23: 0.0245 | M23: =AVERAGE(D5:E23) -> 0.022702632 | N23: =AVERAGE(F5:H23) -> 0.020177273 | O23: =AVERAGE(I5:J23) -> 0.028714211 | P23: =AVERAGE(K5:L23) -> 0.031194737 | Q23: =IFERROR(AVERAGE(D23:E23),"") -> 0.0209 | R23: =IFERROR(AVERAGE(F23:H23),"") -> 0.0152 | S23: =IFERROR(AVERAGE(I23:J23),"") -> 0.0176 | T23: =IFERROR(AVERAGE(K23:L23),"") -> 0.0245 | W23: =AVERAGE(Q23:T23) -> 0.01955 | X23: =AVERAGE(Q19:T23) -> 0.0298225
A24: =IF(ISNUMBER(C24),MONTH(C24),"") -> 1 | B24: =IF(ISNUMBER(C24),YEAR(C24),"") -> 2018 | C24: =C23+1 -> 43120 | D24: 0.0126 | H24: 0.0252 | I24: 0.0105 | K24: 0.0189 | M24: =AVERAGE(D5:E24) -> 0.0221975 | N24: =AVERAGE(F5:H24) -> 0.020395652 | O24: =AVERAGE(I5:J24) -> 0.0278035 | P24: =AVERAGE(K5:L24) -> 0.03058 | Q24: =IFERROR(AVERAGE(D24:E24),"") -> 0.0126 | R24: =IFERROR(AVERAGE(F24:H24),"") -> 0.0252 | S24: =IFERROR(AVERAGE(I24:J24),"") -> 0.0105 | T24: =IFERROR(AVERAGE(K24:L24),"") -> 0.0189 | V24: =AVERAGE(Q24:T24) -> 0.0168
A25: =IF(ISNUMBER(C25),MONTH(C25),"") -> 1 | B25: =IF(ISNUMBER(C25),YEAR(C25),"") -> 2018 | C25: =C24+1 -> 43121 | E25: 0.0101 | G25: 0.0147 | J25: 0.00726 | L25: 0.022 | M25: =AVERAGE(D5:E25) -> 0.021621429 | N25: =AVERAGE(F5:H25) -> 0.020158333 | O25: =AVERAGE(I5:J25) -> 0.026825238 | P25: =AVERAGE(K5:L25) -> 0.030171429 | Q25: =IFERROR(AVERAGE(D25:E25),"") -> 0.0101 | R25: =IFERROR(AVERAGE(F25:H25),"") -> 0.0147 | S25: =IFERROR(AVERAGE(I25:J25),"") -> 0.00726 | T25: =IFERROR(AVERAGE(K25:L25),"") -> 0.022 | V25: =AVERAGE(Q25:T25) -> 0.013515 | X25: =AVERAGE(Q24:T25) -> 0.0151575
A26: =IF(ISNUMBER(C26),MONTH(C26),"") -> 1 | B26: =IF(ISNUMBER(C26),YEAR(C26),"") -> 2018 | C26: =C25+1 -> 43122 | D26: 0.0195 | F26: 0.0216 | H26: 0.0182 | I26: 0.0201 | K26: 0.0496 | M26: =AVERAGE(D5:E26) -> 0.021525 | N26: =AVERAGE(F5:H26) -> 0.020138462 | O26: =AVERAGE(I5:J26) -> 0.026519545 | P26: =AVERAGE(K5:L26) -> 0.031054545 | Q26: =IFERROR(AVERAGE(D26:E26),"") -> 0.0195 | R26: =IFERROR(AVERAGE(F26:H26),"") -> 0.0199 | S26: =IFERROR(AVERAGE(I26:J26),"") -> 0.0201 | T26: =IFERROR(AVERAGE(K26:L26),"") -> 0.0496 | W26: =AVERAGE(Q26:T26) -> 0.027275
A27: =IF(ISNUMBER(C27),MONTH(C27),"") -> 1 | B27: =IF(ISNUMBER(C27),YEAR(C27),"") -> 2018 | C27: =C26+1 -> 43123 | E27: 0.014 | G27: 0.0412 | J27: 0.0272 | L27: 0.0676 | M27: =AVERAGE(D5:E27) -> 0.021197826 | N27: =AVERAGE(F5:H27) -> 0.020918519 | O27: =AVERAGE(I5:J27) -> 0.02654913 | P27: =AVERAGE(K5:L27) -> 0.032643478 | Q27: =IFERROR(AVERAGE(D27:E27),"") -> 0.014 | R27: =IFERROR(AVERAGE(F27:H27),"") -> 0.0412 | S27: =IFERROR(AVERAGE(I27:J27),"") -> 0.0272 | T27: =IFERROR(AVERAGE(K27:L27),"") -> 0.0676 | W27: =AVERAGE(Q27:T27) -> 0.0375
A28: =IF(ISNUMBER(C28),MONTH(C28),"") -> 1 | B28: =IF(ISNUMBER(C28),YEAR(C28),"") -> 2018 | C28: =C27+1 -> 43124 | D28: 0.0175 | F28: 0.0408 | I28: 0.0188 | K28: 0.0492 | M28: =AVERAGE(D5:E28) -> 0.02104375 | N28: =AVERAGE(F5:H28) -> 0.021628571 | O28: =AVERAGE(I5:J28) -> 0.02622625 | P28: =AVERAGE(K5:L28) -> 0.033333333 | Q28: =IFERROR(AVERAGE(D28:E28),"") -> 0.0175 | R28: =IFERROR(AVERAGE(F28:H28),"") -> 0.0408 | S28: =IFERROR(AVERAGE(I28:J28),"") -> 0.0188 | T28: =IFERROR(AVERAGE(K28:L28),"") -> 0.0492 | W28: =AVERAGE(Q28:T28) -> 0.031575
A29: =IF(ISNUMBER(C29),MONTH(C29),"") -> 1 | B29: =IF(ISNUMBER(C29),YEAR(C29),"") -> 2018 | C29: =C28+1 -> 43125 | E29: 0.025 | G29: 0.0275 | J29: 0.0262 | L29: 0.0431 | M29: =AVERAGE(D5:E29) -> 0.021202 | N29: =AVERAGE(F5:H29) -> 0.021831034 | O29: =AVERAGE(I5:J29) -> 0.0262252 | P29: =AVERAGE(K5:L29) -> 0.033724 | Q29: =IFERROR(AVERAGE(D29:E29),"") -> 0.025 | R29: =IFERROR(AVERAGE(F29:H29),"") -> 0.0275 | S29: =IFERROR(AVERAGE(I29:J29),"") -> 0.0262 | T29: =IFERROR(AVERAGE(K29:L29),"") -> 0.0431 | W29: =AVERAGE(Q29:T29) -> 0.03045
A30: =IF(ISNUMBER(C30),MONTH(C30),"") -> 1 | B30: =IF(ISNUMBER(C30),YEAR(C30),"") -> 2018 | C30: =C29+1 -> 43126 | D30: 0.0193 | H30: 0.027 | I30: 0.0316 | K30: 0.0229 | M30: =AVERAGE(D5:E30) -> 0.021128846 | N30: =AVERAGE(F5:H30) -> 0.022003333 | O30: =AVERAGE(I5:J30) -> 0.026431923 | P30: =AVERAGE(K5:L30) -> 0.033307692 | Q30: =IFERROR(AVERAGE(D30:E30),"") -> 0.0193 | R30: =IFERROR(AVERAGE(F30:H30),"") -> 0.027 | S30: =IFERROR(AVERAGE(I30:J30),"") -> 0.0316 | T30: =IFERROR(AVERAGE(K30:L30),"") -> 0.0229 | W30: =AVERAGE(Q30:T30) -> 0.0252 | X30: =AVERAGE(Q26:T30) -> 0.0304
A31: =IF(ISNUMBER(C31),MONTH(C31),"") -> 1 | B31: =IF(ISNUMBER(C31),YEAR(C31),"") -> 2018 | C31: =C30+1 -> 43127 | E31: 0.0137 | G31: 0.0151 | J31: 0.0136 | L31: 0.0413 | M31: =AVERAGE(D5:E31) -> 0.020853704 | N31: =AVERAGE(F5:H31) -> 0.021780645 | O31: =AVERAGE(I5:J31) -> 0.025956667 | P31: =AVERAGE(K5:L31) -> 0.033603704 | Q31: =IFERROR(AVERAGE(D31:E31),"") -> 0.0137 | R31: =IFERROR(AVERAGE(F31:H31),"") -> 0.0151 | S31: =IFERROR(AVERAGE(I31:J31),"") -> 0.0136 | T31: =IFERROR(AVERAGE(K31:L31),"") -> 0.0413 | V31: =AVERAGE(Q31:T31) -> 0.020925
A32: =IF(ISNUMBER(C32),MONTH(C32),"") -> 1 | B32: =IF(ISNUMBER(C32),YEAR(C32),"") -> 2018 | C32: =C31+1 -> 43128 | D32: 0.017 | F32: 0.0204 | H32: 0.0214 | I32: 0.0125 | K32: 0.0246 | M32: =AVERAGE(D5:E32) -> 0.020716071 | N32: =AVERAGE(F5:H32) -> 0.021727273 | O32: =AVERAGE(I5:J32) -> 0.025476071 | P32: =AVERAGE(K5:L32) -> 0.033282143 | Q32: =IFERROR(AVERAGE(D32:E32),"") -> 0.017 | R32: =IFERROR(AVERAGE(F32:H32),"") -> 0.0209 | S32: =IFERROR(AVERAGE(I32:J32),"") -> 0.0125 | T32: =IFERROR(AVERAGE(K32:L32),"") -> 0.0246 | V32: =AVERAGE(Q32:T32) -> 0.01875 | X32: =AVERAGE(Q31:T32) -> 0.0198375
A33: =IF(ISNUMBER(C33),MONTH(C33),"") -> 1 | B33: =IF(ISNUMBER(C33),YEAR(C33),"") -> 2018 | C33: =C32+1 -> 43129 | E33: 0.0237 | G33: 0.0273 | J33: 0.0273 | L33: 0.0413 | M33: =AVERAGE(D5:E33) -> 0.020818966 | N33: =AVERAGE(F5:H33) -> 0.021891176 | O33: =AVERAGE(I5:J33) -> 0.025538966 | P33: =AVERAGE(K5:L33) -> 0.033558621 | Q33: =IFERROR(AVERAGE(D33:E33),"") -> 0.0237 | R33: =IFERROR(AVERAGE(F33:H33),"") -> 0.0273 | S33: =IFERROR(AVERAGE(I33:J33),"") -> 0.0273 | T33: =IFERROR(AVERAGE(K33:L33),"") -> 0.0413 | W33: =AVERAGE(Q33:T33) -> 0.0299
A34: =IF(ISNUMBER(C34),MONTH(C34),"") -> 1 | B34: =IF(ISNUMBER(C34),YEAR(C34),"") -> 2018 | C34: =C33+1 -> 43130 | D34: 0.0301 | F34: 0.0229 | I34: 0.0362 | K34: 0.0602 | M34: =AVERAGE(D5:E34) -> 0.021128333 | N34: =AVERAGE(F5:H34) -> 0.02192 | O34: =AVERAGE(I5:J34) -> 0.025894333 | P34: =AVERAGE(K5:L34) -> 0.034446667 | Q34: =IFERROR(AVERAGE(D34:E34),"") -> 0.0301 | R34: =IFERROR(AVERAGE(F34:H34),"") -> 0.0229 | S34: =IFERROR(AVERAGE(I34:J34),"") -> 0.0362 | T34: =IFERROR(AVERAGE(K34:L34),"") -> 0.0602 | W34: =AVERAGE(Q34:T34) -> 0.03735
A35: =IF(ISNUMBER(C35),MONTH(C35),"") -> 1 | B35: =IF(ISNUMBER(C35),YEAR(C35),"") -> 2018 | C35: =C34+1 -> 43131 | E35: 0.025 | G35: 0.0244 | J35: 0.0339 | L35: 0.0646 | M35: =AVERAGE(D6:E35) -> 0.021541667 | N35: =AVERAGE(F6:H35) -> 0.022282857 | O35: =AVERAGE(I6:J35) -> 0.026641 | P35: =AVERAGE(K6:L35) -> 0.036133333 | Q35: =IFERROR(AVERAGE(D35:E35),"") -> 0.025 | R35: =IFERROR(AVERAGE(F35:H35),"") -> 0.0244 | S35: =IFERROR(AVERAGE(I35:J35),"") -> 0.0339 | T35: =IFERROR(AVERAGE(K35:L35),"") -> 0.0646 | W35: =AVERAGE(Q35:T35) -> 0.036975
A36: =IF(ISNUMBER(C36),MONTH(C36),"") -> 2 | B36: =IF(ISNUMBER(C36),YEAR(C36),"") -> 2018 | C36: =C35+1 -> 43132 | D36: 0.0219 | H36: 0.0258 | I36: 0.0448 | K36: 0.0541 | M36: =AVERAGE(D7:E36) -> 0.021368333 | N36: =AVERAGE(F7:H36) -> 0.02234 | O36: =AVERAGE(I7:J36) -> 0.027221 | P36: =AVERAGE(K7:L36) -> 0.036763333 | Q36: =IFERROR(AVERAGE(D36:E36),"") -> 0.0219 | R36: =IFERROR(AVERAGE(F36:H36),"") -> 0.0258 | S36: =IFERROR(AVERAGE(I36:J36),"") -> 0.0448 | T36: =IFERROR(AVERAGE(K36:L36),"") -> 0.0541 | W36: =AVERAGE(Q36:T36) -> 0.03665
A37: =IF(ISNUMBER(C37),MONTH(C37),"") -> 2 | B37: =IF(ISNUMBER(C37),YEAR(C37),"") -> 2018 | C37: =C36+1 -> 43133 | E37: 0.0268 | G37: 0.0274 | J37: 0.0353 | L37: 0.0436 | M37: =AVERAGE(D8:E37) -> 0.021318333 | N37: =AVERAGE(F8:H37) -> 0.022194286 | O37: =AVERAGE(I8:J37) -> 0.027161 | P37: =AVERAGE(K8:L37) -> 0.036606667 | Q37: =IFERROR(AVERAGE(D37:E37),"") -> 0.0268 | R37: =IFERROR(AVERAGE(F37:H37),"") -> 0.0274 | S37: =IFERROR(AVERAGE(I37:J37),"") -> 0.0353 | T37: =IFERROR(AVERAGE(K37:L37),"") -> 0.0436 | W37: =AVERAGE(Q37:T37) -> 0.033275 | X37: =AVERAGE(Q33:T37) -> 0.03483
A38: =IF(ISNUMBER(C38),MONTH(C38),"") -> 2 | B38: =IF(ISNUMBER(C38),YEAR(C38),"") -> 2018 | C38: =C37+1 -> 43134 | D38: 0.0155 | F38: 0.0157 | H38: 0.0164 | I38: 0.02 | K38: 0.0261 | M38: =AVERAGE(D9:E38) -> 0.020975 | N38: =AVERAGE(F9:H38) -> 0.021437143 | O38: =AVERAGE(I9:J38) -> 0.025474333 | P38: =AVERAGE(K9:L38) -> 0.03559 | Q38: =IFERROR(AVERAGE(D38:E38),"") -> 0.0155 | R38: =IFERROR(AVERAGE(F38:H38),"") -> 0.01605 | S38: =IFERROR(AVERAGE(I38:J38),"") -> 0.02 | T38: =IFERROR(AVERAGE(K38:L38),"") -> 0.0261 | V38: =AVERAGE(Q38:T38) -> 0.0194125
A39: =IF(ISNUMBER(C39),MONTH(C39),"") -> 2 | B39: =IF(ISNUMBER(C39),YEAR(C39),"") -> 2018 | C39: =C38+1 -> 43135 | E39: 0.0135 | G39: 0.014 | J39: 0.0104 | L39: 0.0225 | M39: =AVERAGE(D10:E39) -> 0.020238333 | N39: =AVERAGE(F10:H39) -> 0.021117143 | O39: =AVERAGE(I10:J39) -> 0.024754333 | P39: =AVERAGE(K10:L39) -> 0.03462 | Q39: =IFERROR(AVERAGE(D39:E39),"") -> 0.0135 | R39: =IFERROR(AVERAGE(F39:H39),"") -> 0.014 | S39: =IFERROR(AVERAGE(I39:J39),"") -> 0.0104 | T39: =IFERROR(AVERAGE(K39:L39),"") -> 0.0225 | V39: =AVERAGE(Q39:T39) -> 0.0151 | X39: =AVERAGE(Q38:T39) -> 0.01725625
A40: =IF(ISNUMBER(C40),MONTH(C40),"") -> 2 | B40: =IF(ISNUMBER(C40),YEAR(C40),"") -> 2018 | C40: =C39+1 -> 43136 | D40: 0.0353 | F40: 0.023 | I40: 0.0308 | K40: 0.0337 | M40: =AVERAGE(D11:E40) -> 0.020781667 | N40: =AVERAGE(F11:H40) -> 0.021414286 | O40: =AVERAGE(I11:J40) -> 0.025397667 | P40: =AVERAGE(K11:L40) -> 0.035093333 | Q40: =IFERROR(AVERAGE(D40:E40),"") -> 0.0353 | R40: =IFERROR(AVERAGE(F40:H40),"") -> 0.023 | S40: =IFERROR(AVERAGE(I40:J40),"") -> 0.0308 | T40: =IFERROR(AVERAGE(K40:L40),"") -> 0.0337 | W40: =AVERAGE(Q40:T40) -> 0.0307
A41: =IF(ISNUMBER(C41),MONTH(C41),"") -> 2 | B41: =IF(ISNUMBER(C41),YEAR(C41),"") -> 2018 | C41: =C40+1 -> 43137 | E41: 0.0182 | G41: 0.0281 | J41: 0.0311 | L41: 0.0308 | M41: =AVERAGE(D12:E41) -> 0.020925 | N41: =AVERAGE(F12:H41) -> 0.021785714 | O41: =AVERAGE(I12:J41) -> 0.026104333 | P41: =AVERAGE(K12:L41) -> 0.035573333 | Q41: =IFERROR(AVERAGE(D41:E41),"") -> 0.0182 | R41: =IFERROR(AVERAGE(F41:H41),"") -> 0.0281 | S41: =IFERROR(AVERAGE(I41:J41),"") -> 0.0311 | T41: =IFERROR(AVERAGE(K41:L41),"") -> 0.0308 | W41: =AVERAGE(Q41:T41) -> 0.02705
A42: =IF(ISNUMBER(C42),MONTH(C42),"") -> 2 | B42: =IF(ISNUMBER(C42),YEAR(C42),"") -> 2018 | C42: =C41+1 -> 43138 | D42: 0.0163 | H42: 0.0368 | I42: 0.0336 | K42: 0.0423 | M42: =AVERAGE(D13:E42) -> 0.020671667 | N42: =AVERAGE(F13:H42) -> 0.022342857 | O42: =AVERAGE(I13:J42) -> 0.026664333 | P42: =AVERAGE(K13:L42) -> 0.036043333 | Q42: =IFERROR(AVERAGE(D42:E42),"") -> 0.0163 | R42: =IFERROR(AVERAGE(F42:H42),"") -> 0.0368 | S42: =IFERROR(AVERAGE(I42:J42),"") -> 0.0336 | T42: =IFERROR(AVERAGE(K42:L42),"") -> 0.0423 | W42: =AVERAGE(Q42:T42) -> 0.03225
A43: =IF(ISNUMBER(C43),MONTH(C43),"") -> 2 | B43: =IF(ISNUMBER(C43),YEAR(C43),"") -> 2018 | C43: =C42+1 -> 43139 | E43: 0.0134 | G43: 0.0241 | J43: 0.0234 | L43: 0.037 | M43: =AVERAGE(D14:E43) -> 0.020876667 | N43: =AVERAGE(F14:H43) -> 0.022845714 | O43: =AVERAGE(I14:J43) -> 0.027242667 | P43: =AVERAGE(K14:L43) -> 0.036866667 | Q43: =IFERROR(AVERAGE(D43:E43),"") -> 0.0134 | R43: =IFERROR(AVERAGE(F43:H43),"") -> 0.0241 | S43: =IFERROR(AVERAGE(I43:J43),"") -> 0.0234 | T43: =IFERROR(AVERAGE(K43:L43),"") -> 0.037 | W43: =AVERAGE(Q43:T43) -> 0.024475
A44: =IF(ISNUMBER(C44),MONTH(C44),"") -> 2 | B44: =IF(ISNUMBER(C44),YEAR(C44),"") -> 2018 | C44: =C43+1 -> 43140 | D44: 0.0186 | F44: 0.0238 | H44: 0.022 | I44: 0.0255 | K44: 0.0319 | M44: =AVERAGE(D15:E44) -> 0.02112 | N44: =AVERAGE(F15:H44) -> 0.023722857 | O44: =AVERAGE(I15:J44) -> 0.027616 | P44: =AVERAGE(K15:L44) -> 0.037353333 | Q44: =IFERROR(AVERAGE(D44:E44),"") -> 0.0186 | R44: =IFERROR(AVERAGE(F44:H44),"") -> 0.0229 | S44: =IFERROR(AVERAGE(I44:J44),"") -> 0.0255 | T44: =IFERROR(AVERAGE(K44:L44),"") -> 0.0319 | W44: =AVERAGE(Q44:T44) -> 0.024725 | X44: =AVERAGE(Q40:T44) -> 0.02784
A45: =IF(ISNUMBER(C45),MONTH(C45),"") -> 2 | B45: =IF(ISNUMBER(C45),YEAR(C45),"") -> 2018 | C45: =C44+1 -> 43141 | E45: 0.00731 | G45: 0.00785 | J45: 0.011 | L45: 0.0165 | M45: =AVERAGE(D16:E45) -> 0.020193667 | N45: =AVERAGE(F16:H45) -> 0.023384286 | O45: =AVERAGE(I16:J45) -> 0.026529333 | P45: =AVERAGE(K16:L45) -> 0.036493333 | Q45: =IFERROR(AVERAGE(D45:E45),"") -> 0.00731 | R45: =IFERROR(AVERAGE(F45:H45),"") -> 0.00785 | S45: =IFERROR(AVERAGE(I45:J45),"") -> 0.011 | T45: =IFERROR(AVERAGE(K45:L45),"") -> 0.0165 | V45: =AVERAGE(Q45:T45) -> 0.010665
A46: =IF(ISNUMBER(C46),MONTH(C46),"") -> 2 | B46: =IF(ISNUMBER(C46),YEAR(C46),"") -> 2018 | C46: =C45+1 -> 43142 | D46: 0.0145 | F46: 0.0134 | I46: 0.013 | K46: 0.0275 | M46: =AVERAGE(D17:E46) -> 0.020010333 | N46: =AVERAGE(F17:H46) -> 0.022978571 | O46: =AVERAGE(I17:J46) -> 0.023596 | P46: =AVERAGE(K17:L46) -> 0.03634 | Q46: =IFERROR(AVERAGE(D46:E46),"") -> 0.0145 | R46: =IFERROR(AVERAGE(F46:H46),"") -> 0.0134 | S46: =IFERROR(AVERAGE(I46:J46),"") -> 0.013 | T46: =IFERROR(AVERAGE(K46:L46),"") -> 0.0275 | V46: =AVERAGE(Q46:T46) -> 0.0171 | X46: =AVERAGE(Q45:T46) -> 0.0138825
A47: =IF(ISNUMBER(C47),MONTH(C47),"") -> 2 | B47: =IF(ISNUMBER(C47),YEAR(C47),"") -> 2018 | C47: =C46+1 -> 43143 | E47: 0.023 | G47: 0.0177 | J47: 0.014 | L47: 0.0421 | M47: =AVERAGE(D18:E47) -> 0.020343667 | N47: =AVERAGE(F18:H47) -> 0.023047143 | O47: =AVERAGE(I18:J47) -> 0.023486 | P47: =AVERAGE(K18:L47) -> 0.037113333 | Q47: =IFERROR(AVERAGE(D47:E47),"") -> 0.023 | R47: =IFERROR(AVERAGE(F47:H47),"") -> 0.0177 | S47: =IFERROR(AVERAGE(I47:J47),"") -> 0.014 | T47: =IFERROR(AVERAGE(K47:L47),"") -> 0.0421 | W47: =AVERAGE(Q47:T47) -> 0.0242
A48: =IF(ISNUMBER(C48),MONTH(C48),"") -> 2 | B48: =IF(ISNUMBER(C48),YEAR(C48),"") -> 2018 | C48: =C47+1 -> 43144 | D48: 0.0126 | H48: 0.0268 | I48: 0.0157 | K48: 0.0558 | M48: =AVERAGE(D19:E48) -> 0.020367 | N48: =AVERAGE(F19:H48) -> 0.023515714 | O48: =AVERAGE(I19:J48) -> 0.023718667 | P48: =AVERAGE(K19:L48) -> 0.038456667 | Q48: =IFERROR(AVERAGE(D48:E48),"") -> 0.0126 | R48: =IFERROR(AVERAGE(F48:H48),"") -> 0.0268 | S48: =IFERROR(AVERAGE(I48:J48),"") -> 0.0157 | T48: =IFERROR(AVERAGE(K48:L48),"") -> 0.0558 | W48: =AVERAGE(Q48:T48) -> 0.027725
A49: =IF(ISNUMBER(C49),MONTH(C49),"") -> 2 | B49: =IF(ISNUMBER(C49),YEAR(C49),"") -> 2018 | C49: =C48+1 -> 43145 | E49: 0.0223 | G49: 0.0159 | J49: 0.0172 | L49: 0.0464 | M49: =AVERAGE(D20:E49) -> 0.020097 | N49: =AVERAGE(F20:H49) -> 0.022907143 | O49: =AVERAGE(I20:J49) -> 0.023332 | P49: =AVERAGE(K20:L49) -> 0.038963333 | Q49: =IFERROR(AVERAGE(D49:E49),"") -> 0.0223 | R49: =IFERROR(AVERAGE(F49:H49),"") -> 0.0159 | S49: =IFERROR(AVERAGE(I49:J49),"") -> 0.0172 | T49: =IFERROR(AVERAGE(K49:L49),"") -> 0.0464 | W49: =AVERAGE(Q49:T49) -> 0.02545
A50: =IF(ISNUMBER(C50),MONTH(C50),"") -> 2 | B50: =IF(ISNUMBER(C50),YEAR(C50),"") -> 2018 | C50: =C49+1 -> 43146 | D50: 0.0151 | F50: 0.0211 | H50: 0.0213 | I50: 0.0185 | K50: 0.0355 | M50: =AVERAGE(D21:E50) -> 0.019837 | N50: =AVERAGE(F21:H50) -> 0.022692857 | O50: =AVERAGE(I21:J50) -> 0.022818667 | P50: =AVERAGE(K21:L50) -> 0.03904 | Q50: =IFERROR(AVERAGE(D50:E50),"") -> 0.0151 | R50: =IFERROR(AVERAGE(F50:H50),"") -> 0.0212 | S50: =IFERROR(AVERAGE(I50:J50),"") -> 0.0185 | T50: =IFERROR(AVERAGE(K50:L50),"") -> 0.0355 | W50: =AVERAGE(Q50:T50) -> 0.022575
A51: =IF(ISNUMBER(C51),MONTH(C51),"") -> 2 | B51: =IF(ISNUMBER(C51),YEAR(C51),"") -> 2018 | C51: =C50+1 -> 43147 | E51: 0.037 | G51: 0.0497 | J51: 0.0339 | L51: 0.0488 | M51: =AVERAGE(D22:E51) -> 0.020097 | N51: =AVERAGE(F22:H51) -> 0.023355714 | O51: =AVERAGE(I22:J51) -> 0.022795333 | P51: =AVERAGE(K22:L51) -> 0.03938 | Q51: =IFERROR(AVERAGE(D51:E51),"") -> 0.037 | R51: =IFERROR(AVERAGE(F51:H51),"") -> 0.0497 | S51: =IFERROR(AVERAGE(I51:J51),"") -> 0.0339 | T51: =IFERROR(AVERAGE(K51:L51),"") -> 0.0488 | W51: =AVERAGE(Q51:T51) -> 0.04235 | X51: =AVERAGE(Q47:T51) -> 0.02846
A52: =IF(ISNUMBER(C52),MONTH(C52),"") -> 2 | B52: =IF(ISNUMBER(C52),YEAR(C52),"") -> 2018 | C52: =C51+1 -> 43148 | D52: 0.0169 | F52: 0.0395 | I52: 0.0242 | K52: 0.0618 | M52: =AVERAGE(D23:E52) -> 0.019220333 | N52: =AVERAGE(F23:H52) -> 0.023807143 | O52: =AVERAGE(I23:J52) -> 0.022838667 | P52: =AVERAGE(K23:L52) -> 0.03954 | Q52: =IFERROR(AVERAGE(D52:E52),"") -> 0.0169 | R52: =IFERROR(AVERAGE(F52:H52),"") -> 0.0395 | S52: =IFERROR(AVERAGE(I52:J52),"") -> 0.0242 | T52: =IFERROR(AVERAGE(K52:L52),"") -> 0.0618 | V52: =AVERAGE(Q52:T52) -> 0.0356
A53: =IF(ISNUMBER(C53),MONTH(C53),"") -> 2 | B53: =IF(ISNUMBER(C53),YEAR(C53),"") -> 2018 | C53: =C52+1 -> 43149 | E53: 0.0231 | G53: 0.0145 | J53: 0.00963 | L53: 0.0307 | M53: =AVERAGE(D24:E53) -> 0.019293667 | N53: =AVERAGE(F24:H53) -> 0.023787143 | O53: =AVERAGE(I24:J53) -> 0.022573 | P53: =AVERAGE(K24:L53) -> 0.039746667 | Q53: =IFERROR(AVERAGE(D53:E53),"") -> 0.0231 | R53: =IFERROR(AVERAGE(F53:H53),"") -> 0.0145 | S53: =IFERROR(AVERAGE(I53:J53),"") -> 0.00963 | T53: =IFERROR(AVERAGE(K53:L53),"") -> 0.0307 | V53: =AVERAGE(Q53:T53) -> 0.0194825 | X53: =AVERAGE(Q52:T53) -> 0.02754125
A54: =IF(ISNUMBER(C54),MONTH(C54),"") -> 2 | B54: =IF(ISNUMBER(C54),YEAR(C54),"") -> 2018 | C54: =C53+1 -> 43150 | D54: 0.0107 | H54: 0.0124 | I54: 0.00643 | K54: 0.0227 | M54: =AVERAGE(D25:E54) -> 0.019230333 | N54: =AVERAGE(F25:H54) -> 0.023421429 | O54: =AVERAGE(I25:J54) -> 0.022437333 | P54: =AVERAGE(K25:L54) -> 0.039873333 | Q54: =IFERROR(AVERAGE(D54:E54),"") -> 0.0107 | R54: =IFERROR(AVERAGE(F54:H54),"") -> 0.0124 | S54: =IFERROR(AVERAGE(I54:J54),"") -> 0.00643 | T54: =IFERROR(AVERAGE(K54:L54),"") -> 0.0227 | W54: =AVERAGE(Q54:T54) -> 0.0130575
A55: =IF(ISNUMBER(C55),MONTH(C55),"") -> 2 | B55: =IF(ISNUMBER(C55),YEAR(C55),"") -> 2018 | C55: =C54+1 -> 43151 | E55: 0.0154 | G55: 0.0203 | J55: 0.0153 | L55: 0.0349 | M55: =AVERAGE(D26:E55) -> 0.019407 | N55: =AVERAGE(F26:H55) -> 0.023581429 | O55: =AVERAGE(I26:J55) -> 0.022705333 | P55: =AVERAGE(K26:L55) -> 0.040303333 | Q55: =IFERROR(AVERAGE(D55:E55),"") -> 0.0154 | R55: =IFERROR(AVERAGE(F55:H55),"") -> 0.0203 | S55: =IFERROR(AVERAGE(I55:J55),"") -> 0.0153 | T55: =IFERROR(AVERAGE(K55:L55),"") -> 0.0349 | W55: =AVERAGE(Q55:T55) -> 0.021475
A56: =IF(ISNUMBER(C56),MONTH(C56),"") -> 2 | B56: =IF(ISNUMBER(C56),YEAR(C56),"") -> 2018 | C56: =C55+1 -> 43152 | D56: 0.074 | F56: 0.022 | H56: 0.0193 | I56: 0.0151 | K56: 0.0319 | M56: =AVERAGE(D27:E56) -> 0.021223667 | N56: =AVERAGE(F27:H56) -> 0.023624286 | O56: =AVERAGE(I27:J56) -> 0.022538667 | P56: =AVERAGE(K27:L56) -> 0.039713333 | Q56: =IFERROR(AVERAGE(D56:E56),"") -> 0.074 | R56: =IFERROR(AVERAGE(F56:H56),"") -> 0.02065 | S56: =IFERROR(AVERAGE(I56:J56),"") -> 0.0151 | T56: =IFERROR(AVERAGE(K56:L56),"") -> 0.0319 | W56: =AVERAGE(Q56:T56) -> 0.0354125
A57: =IF(ISNUMBER(C57),MONTH(C57),"") -> 2 | B57: =IF(ISNUMBER(C57),YEAR(C57),"") -> 2018 | C57: =C56+1 -> 43153 | E57: 0.0319 | G57: 0.0205 | J57: 0.0143 | L57: 0.0339 | M57: =AVERAGE(D28:E57) -> 0.021820333 | N57: =AVERAGE(F28:H57) -> 0.023032857 | O57: =AVERAGE(I28:J57) -> 0.022108667 | P57: =AVERAGE(K28:L57) -> 0.03859 | Q57: =IFERROR(AVERAGE(D57:E57),"") -> 0.0319 | R57: =IFERROR(AVERAGE(F57:H57),"") -> 0.0205 | S57: =IFERROR(AVERAGE(I57:J57),"") -> 0.0143 | T57: =IFERROR(AVERAGE(K57:L57),"") -> 0.0339 | W57: =AVERAGE(Q57:T57) -> 0.02515
A58: =IF(ISNUMBER(C58),MONTH(C58),"") -> 2 | B58: =IF(ISNUMBER(C58),YEAR(C58),"") -> 2018 | C58: =C57+1 -> 43154 | D58: 0.0189 | F58: 0.0298 | I58: 0.021 | K58: 0.0314 | M58: =AVERAGE(D29:E58) -> 0.021867 | N58: =AVERAGE(F29:H58) -> 0.022718571 | O58: =AVERAGE(I29:J58) -> 0.022182 | P58: =AVERAGE(K29:L58) -> 0.037996667 | Q58: =IFERROR(AVERAGE(D58:E58),"") -> 0.0189 | R58: =IFERROR(AVERAGE(F58:H58),"") -> 0.0298 | S58: =IFERROR(AVERAGE(I58:J58),"") -> 0.021 | T58: =IFERROR(AVERAGE(K58:L58),"") -> 0.0314 | W58: =AVERAGE(Q58:T58) -> 0.025275 | X58: =AVERAGE(Q54:T58) -> 0.024074
A59: =IF(ISNUMBER(C59),MONTH(C59),"") -> 2 | B59: =IF(ISNUMBER(C59),YEAR(C59),"") -> 2018 | C59: =C58+1 -> 43155 | E59: 0.0105 | G59: 0.0091 | J59: 0.0097 | L59: 0.0335 | M59: =AVERAGE(D30:E59) -> 0.021383667 | N59: =AVERAGE(F30:H59) -> 0.022192857 | O59: =AVERAGE(I30:J59) -> 0.021632 | P59: =AVERAGE(K30:L59) -> 0.037676667 | Q59: =IFERROR(AVERAGE(D59:E59),"") -> 0.0105 | R59: =IFERROR(AVERAGE(F59:H59),"") -> 0.0091 | S59: =IFERROR(AVERAGE(I59:J59),"") -> 0.0097 | T59: =IFERROR(AVERAGE(K59:L59),"") -> 0.0335 | V59: =AVERAGE(Q59:T59) -> 0.0157
A60: =IF(ISNUMBER(C60),MONTH(C60),"") -> 2 | B60: =IF(ISNUMBER(C60),YEAR(C60),"") -> 2018 | C60: =C59+1 -> 43156 | D60: 0.0112 | H60: 0.0097 | I60: 0.0101 | K60: 0.0182 | M60: =AVERAGE(D31:E60) -> 0.021113667 | N60: =AVERAGE(F31:H60) -> 0.021698571 | O60: =AVERAGE(I31:J60) -> 0.020915333 | P60: =AVERAGE(K31:L60) -> 0.03752 | Q60: =IFERROR(AVERAGE(D60:E60),"") -> 0.0112 | R60: =IFERROR(AVERAGE(F60:H60),"") -> 0.0097 | S60: =IFERROR(AVERAGE(I60:J60),"") -> 0.0101 | T60: =IFERROR(AVERAGE(K60:L60),"") -> 0.0182 | V60: =AVERAGE(Q60:T60) -> 0.0123 | X60: =AVERAGE(Q59:T60) -> 0.014
A61: =IF(ISNUMBER(C61),MONTH(C61),"") -> 2 | B61: =IF(ISNUMBER(C61),YEAR(C61),"") -> 2018 | C61: =C60+1 -> 43157 | E61: 0.0252 | G61: 0.0149 | J61: 0.0132 | L61: 0.0326 | M61: =AVERAGE(D32:E61) -> 0.021497 | N61: =AVERAGE(F32:H61) -> 0.021692857 | O61: =AVERAGE(I32:J61) -> 0.020902 | P61: =AVERAGE(K32:L61) -> 0.03723 | Q61: =IFERROR(AVERAGE(D61:E61),"") -> 0.0252 | R61: =IFERROR(AVERAGE(F61:H61),"") -> 0.0149 | S61: =IFERROR(AVERAGE(I61:J61),"") -> 0.0132 | T61: =IFERROR(AVERAGE(K61:L61),"") -> 0.0326 | W61: =AVERAGE(Q61:T61) -> 0.021475
A62: =IF(ISNUMBER(C62),MONTH(C62),"") -> 2 | B62: =IF(ISNUMBER(C62),YEAR(C62),"") -> 2018 | C62: =C61+1 -> 43158 | D62: 0.0168 | F62: 0.0134 | H62: 0.0132 | I62: 0.0182 | K62: 0.0213 | M62: =AVERAGE(D33:E62) -> 0.021490333 | N62: =AVERAGE(F33:H62) -> 0.021258571 | O62: =AVERAGE(I33:J62) -> 0.021092 | P62: =AVERAGE(K33:L62) -> 0.03712 | Q62: =IFERROR(AVERAGE(D62:E62),"") -> 0.0168 | R62: =IFERROR(AVERAGE(F62:H62),"") -> 0.0133 | S62: =IFERROR(AVERAGE(I62:J62),"") -> 0.0182 | T62: =IFERROR(AVERAGE(K62:L62),"") -> 0.0213 | W62: =AVERAGE(Q62:T62) -> 0.0174
A63: =IF(ISNUMBER(C63),MONTH(C63),"") -> 2 | B63: =IF(ISNUMBER(C63),YEAR(C63),"") -> 2018 | C63: =C62+1 -> 43159 | E63: 0.0162 | G63: 0.0123 | J63: 0.0171 | L63: 0.0286 | M63: =AVERAGE(D34:E63) -> 0.021240333 | N63: =AVERAGE(F34:H63) -> 0.02083 | O63: =AVERAGE(I34:J63) -> 0.020752 | P63: =AVERAGE(K34:L63) -> 0.036696667 | Q63: =IFERROR(AVERAGE(D63:E63),"") -> 0.0162 | R63: =IFERROR(AVERAGE(F63:H63),"") -> 0.0123 | S63: =IFERROR(AVERAGE(I63:J63),"") -> 0.0171 | T63: =IFERROR(AVERAGE(K63:L63),"") -> 0.0286 | W63: =AVERAGE(Q63:T63) -> 0.01855
A64: =IF(ISNUMBER(C64),MONTH(C64),"") -> 3 | B64: =IF(ISNUMBER(C64),YEAR(C64),"") -> 2018 | C64: =C63+1 -> 43160 | D64: 0.0191 | F64: 0.0144 | I64: 0.0164 | K64: 0.0218 | M64: =AVERAGE(D35:E64) -> 0.020873667 | N64: =AVERAGE(F35:H64) -> 0.020587143 | O64: =AVERAGE(I35:J64) -> 0.020092 | P64: =AVERAGE(K35:L64) -> 0.035416667 | Q64: =IFERROR(AVERAGE(D64:E64),"") -> 0.0191 | R64: =IFERROR(AVERAGE(F64:H64),"") -> 0.0144 | S64: =IFERROR(AVERAGE(I64:J64),"") -> 0.0164 | T64: =IFERROR(AVERAGE(K64:L64),"") -> 0.0218 | W64: =AVERAGE(Q64:T64) -> 0.017925
A65: =IF(ISNUMBER(C65),MONTH(C65),"") -> 3 | B65: =IF(ISNUMBER(C65),YEAR(C65),"") -> 2018 | C65: =C64+1 -> 43161 | E65: 0.0061 | G65: 0.0049 | J65: 0.0068 | L65: 0.0142 | M65: =AVERAGE(D36:E65) -> 0.020243667 | N65: =AVERAGE(F36:H65) -> 0.02003 | O65: =AVERAGE(I36:J65) -> 0.019188667 | P65: =AVERAGE(K36:L65) -> 0.033736667 | Q65: =IFERROR(AVERAGE(D65:E65),"") -> 0.0061 | R65: =IFERROR(AVERAGE(F65:H65),"") -> 0.0049 | S65: =IFERROR(AVERAGE(I65:J65),"") -> 0.0068 | T65: =IFERROR(AVERAGE(K65:L65),"") -> 0.0142 | W65: =AVERAGE(Q65:T65) -> 0.008 | X65: =AVERAGE(Q61:T65) -> 0.01667
A66: =IF(ISNUMBER(C66),MONTH(C66),"") -> 3 | B66: =IF(ISNUMBER(C66),YEAR(C66),"") -> 2018 | C66: =C65+1 -> 43162 | D66: 0.0095 | H66: 0.0145 | I66: 0.0033 | K66: 0.0149 | M66: =AVERAGE(D37:E66) -> 0.019830333 | N66: =AVERAGE(F37:H66) -> 0.019707143 | O66: =AVERAGE(I37:J66) -> 0.017805333 | P66: =AVERAGE(K37:L66) -> 0.03243 | Q66: =IFERROR(AVERAGE(D66:E66),"") -> 0.0095 | R66: =IFERROR(AVERAGE(F66:H66),"") -> 0.0145 | S66: =IFERROR(AVERAGE(I66:J66),"") -> 0.0033 | T66: =IFERROR(AVERAGE(K66:L66),"") -> 0.0149 | V66: =AVERAGE(Q66:T66) -> 0.01055
A67: =IF(ISNUMBER(C67),MONTH(C67),"") -> 3 | B67: =IF(ISNUMBER(C67),YEAR(C67),"") -> 2018 | C67: =C66+1 -> 43163 | E67: 0.0094 | G67: 0.0147 | J67: 0.00827 | L67: 0.0179 | M67: =AVERAGE(D38:E67) -> 0.019250333 | N67: =AVERAGE(F38:H67) -> 0.019344286 | O67: =AVERAGE(I38:J67) -> 0.016904333 | P67: =AVERAGE(K38:L67) -> 0.031573333 | Q67: =IFERROR(AVERAGE(D67:E67),"") -> 0.0094 | R67: =IFERROR(AVERAGE(F67:H67),"") -> 0.0147 | S67: =IFERROR(AVERAGE(I67:J67),"") -> 0.00827 | T67: =IFERROR(AVERAGE(K67:L67),"") -> 0.0179 | V67: =AVERAGE(Q67:T67) -> 0.0125675 | X67: =AVERAGE(Q66:T67) -> 0.01155875
A68: =IF(ISNUMBER(C68),MONTH(C68),"") -> 3 | B68: =IF(ISNUMBER(C68),YEAR(C68),"") -> 2018 | C68: =C67+1 -> 43164 | D68: 0.0211 | F68: 0.0152 | H68: 0.0148 | I68: 0.0192 | K68: 0.0288 | M68: =AVERAGE(D39:E68) -> 0.019437 | N68: =AVERAGE(F39:H68) -> 0.019284286 | O68: =AVERAGE(I39:J68) -> 0.016877667 | P68: =AVERAGE(K39:L68) -> 0.031663333 | Q68: =IFERROR(AVERAGE(D68:E68),"") -> 0.0211 | R68: =IFERROR(AVERAGE(F68:H68),"") -> 0.015 | S68: =IFERROR(AVERAGE(I68:J68),"") -> 0.0192 | T68: =IFERROR(AVERAGE(K68:L68),"") -> 0.0288 | W68: =AVERAGE(Q68:T68) -> 0.021025
A69: =IF(ISNUMBER(C69),MONTH(C69),"") -> 3 | B69: =IF(ISNUMBER(C69),YEAR(C69),"") -> 2018 | C69: =C68+1 -> 43165 | E69: 0.0142 | G69: 0.0181 | J69: 0.027 | L69: 0.0374 | M69: =AVERAGE(D40:E69) -> 0.019460333 | N69: =AVERAGE(F40:H69) -> 0.019401429 | O69: =AVERAGE(I40:J69) -> 0.017431 | P69: =AVERAGE(K40:L69) -> 0.03216 | Q69: =IFERROR(AVERAGE(D69:E69),"") -> 0.0142 | R69: =IFERROR(AVERAGE(F69:H69),"") -> 0.0181 | S69: =IFERROR(AVERAGE(I69:J69),"") -> 0.027 | T69: =IFERROR(AVERAGE(K69:L69),"") -> 0.0374 | W69: =AVERAGE(Q69:T69) -> 0.024175
A70: =IF(ISNUMBER(C70),MONTH(C70),"") -> 3 | B70: =IF(ISNUMBER(C70),YEAR(C70),"") -> 2018 | C70: =C69+1 -> 43166 | D70: 0.0232 | F70: 0.0308 | I70: 0.0445 | K70: 0.0381 | M70: =AVERAGE(D41:E70) -> 0.019057 | N70: =AVERAGE(F41:H70) -> 0.019624286 | O70: =AVERAGE(I41:J70) -> 0.017887667 | P70: =AVERAGE(K41:L70) -> 0.032306667 | Q70: =IFERROR(AVERAGE(D70:E70),"") -> 0.0232 | R70: =IFERROR(AVERAGE(F70:H70),"") -> 0.0308 | S70: =IFERROR(AVERAGE(I70:J70),"") -> 0.0445 | T70: =IFERROR(AVERAGE(K70:L70),"") -> 0.0381 | W70: =AVERAGE(Q70:T70) -> 0.03415
A71: =IF(ISNUMBER(C71),MONTH(C71),"") -> 3 | B71: =IF(ISNUMBER(C71),YEAR(C71),"") -> 2018 | C71: =C70+1 -> 43167 | E71: 0.0406 | G71: 0.0305 | J71: 0.0312 | L71: 0.0549 | M71: =AVERAGE(D42:E71) -> 0.019803667 | N71: =AVERAGE(F42:H71) -> 0.019692857 | O71: =AVERAGE(I42:J71) -> 0.017891 | P71: =AVERAGE(K42:L71) -> 0.03311 | Q71: =IFERROR(AVERAGE(D71:E71),"") -> 0.0406 | R71: =IFERROR(AVERAGE(F71:H71),"") -> 0.0305 | S71: =IFERROR(AVERAGE(I71:J71),"") -> 0.0312 | T71: =IFERROR(AVERAGE(K71:L71),"") -> 0.0549 | W71: =AVERAGE(Q71:T71) -> 0.0393
A72: =IF(ISNUMBER(C72),MONTH(C72),"") -> 3 | B72: =IF(ISNUMBER(C72),YEAR(C72),"") -> 2018 | C72: =C71+1 -> 43168 | D72: 0.0275 | H72: 0.0164 | I72: 0.0227 | K72: 0.0358 | M72: =AVERAGE(D43:E72) -> 0.020177 | N72: =AVERAGE(F43:H72) -> 0.01911 | O72: =AVERAGE(I43:J72) -> 0.017527667 | P72: =AVERAGE(K43:L72) -> 0.032893333 | Q72: =IFERROR(AVERAGE(D72:E72),"") -> 0.0275 | R72: =IFERROR(AVERAGE(F72:H72),"") -> 0.0164 | S72: =IFERROR(AVERAGE(I72:J72),"") -> 0.0227 | T72: =IFERROR(AVERAGE(K72:L72),"") -> 0.0358 | W72: =AVERAGE(Q72:T72) -> 0.0256 | X72: =AVERAGE(Q68:T72) -> 0.02885
A73: =IF(ISNUMBER(C73),MONTH(C73),"") -> 3 | B73: =IF(ISNUMBER(C73),YEAR(C73),"") -> 2018 | C73: =C72+1 -> 43169 | E73: 0.0171 | G73: 0.0046 | J73: 0.0046 | L73: 0.0108 | M73: =AVERAGE(D44:E73) -> 0.020300333 | N73: =AVERAGE(F44:H73) -> 0.018552857 | O73: =AVERAGE(I44:J73) -> 0.016901 | P73: =AVERAGE(K44:L73) -> 0.03202 | Q73: =IFERROR(AVERAGE(D73:E73),"") -> 0.0171 | R73: =IFERROR(AVERAGE(F73:H73),"") -> 0.0046 | S73: =IFERROR(AVERAGE(I73:J73),"") -> 0.0046 | T73: =IFERROR(AVERAGE(K73:L73),"") -> 0.0108 | V73: =AVERAGE(Q73:T73) -> 0.009275
A74: =IF(ISNUMBER(C74),MONTH(C74),"") -> 3 | B74: =IF(ISNUMBER(C74),YEAR(C74),"") -> 2018 | C74: =C73+1 -> 43170 | D74: 0.00828 | F74: 0.00394 | H74: 0.00362 | I74: 0.00253 | K74: 0.00632 | M74: =AVERAGE(D45:E74) -> 0.019956333 | N74: =AVERAGE(F45:H74) -> 0.017460286 | O74: =AVERAGE(I45:J74) -> 0.016135333 | P74: =AVERAGE(K45:L74) -> 0.031167333 | Q74: =IFERROR(AVERAGE(D74:E74),"") -> 0.00828 | R74: =IFERROR(AVERAGE(F74:H74),"") -> 0.00378 | S74: =IFERROR(AVERAGE(I74:J74),"") -> 0.00253 | T74: =IFERROR(AVERAGE(K74:L74),"") -> 0.00632 | V74: =AVERAGE(Q74:T74) -> 0.0052275 | X74: =AVERAGE(Q73:T74) -> 0.00725125
A75: =IF(ISNUMBER(C75),MONTH(C75),"") -> 3 | B75: =IF(ISNUMBER(C75),YEAR(C75),"") -> 2018 | C75: =C74+1 -> 43171 | E75: 0.0359 | G75: 0.0373 | J75: 0.0335 | L75: 0.019 | M75: =AVERAGE(D46:E75) -> 0.020909333 | N75: =AVERAGE(F46:H75) -> 0.018301714 | O75: =AVERAGE(I46:J75) -> 0.016885333 | P75: =AVERAGE(K46:L75) -> 0.031250667 | Q75: =IFERROR(AVERAGE(D75:E75),"") -> 0.0359 | R75: =IFERROR(AVERAGE(F75:H75),"") -> 0.0373 | S75: =IFERROR(AVERAGE(I75:J75),"") -> 0.0335 | T75: =IFERROR(AVERAGE(K75:L75),"") -> 0.019 | W75: =AVERAGE(Q75:T75) -> 0.031425
A76: =IF(ISNUMBER(C76),MONTH(C76),"") -> 3 | B76: =IF(ISNUMBER(C76),YEAR(C76),"") -> 2018 | C76: =C75+1 -> 43172 | D76: 0.0168 | F76: 0.0263 | I76: 0.0246 | K76: 0.0178 | M76: =AVERAGE(D47:E76) -> 0.020986 | N76: =AVERAGE(F47:H76) -> 0.018670286 | O76: =AVERAGE(I47:J76) -> 0.017272 | P76: =AVERAGE(K47:L76) -> 0.030927333 | Q76: =IFERROR(AVERAGE(D76:E76),"") -> 0.0168 | R76: =IFERROR(AVERAGE(F76:H76),"") -> 0.0263 | S76: =IFERROR(AVERAGE(I76:J76),"") -> 0.0246 | T76: =IFERROR(AVERAGE(K76:L76),"") -> 0.0178 | W76: =AVERAGE(Q76:T76) -> 0.021375
A77: =IF(ISNUMBER(C77),MONTH(C77),"") -> 3 | B77: =IF(ISNUMBER(C77),YEAR(C77),"") -> 2018 | C77: =C76+1 -> 43173 | E77: 0.0307 | G77: 0.0266 | J77: 0.0157 | L77: 0.0233 | M77: =AVERAGE(D48:E77) -> 0.021242667 | N77: =AVERAGE(F48:H77) -> 0.018924571 | O77: =AVERAGE(I48:J77) -> 0.017328667 | P77: =AVERAGE(K48:L77) -> 0.030300667 | Q77: =IFERROR(AVERAGE(D77:E77),"") -> 0.0307 | R77: =IFERROR(AVERAGE(F77:H77),"") -> 0.0266 | S77: =IFERROR(AVERAGE(I77:J77),"") -> 0.0157 | T77: =IFERROR(AVERAGE(K77:L77),"") -> 0.0233 | W77: =AVERAGE(Q77:T77) -> 0.024075
A78: =IF(ISNUMBER(C78),MONTH(C78),"") -> 3 | B78: =IF(ISNUMBER(C78),YEAR(C78),"") -> 2018 | C78: =C77+1 -> 43174 | D78: 0.0296 | H78: 0.0155 | I78: 0.0245 | K78: 0.0198 | M78: =AVERAGE(D49:E78) -> 0.021809333 | N78: =AVERAGE(F49:H78) -> 0.018601714 | O78: =AVERAGE(I49:J78) -> 0.017622 | P78: =AVERAGE(K49:L78) -> 0.029100667 | Q78: =IFERROR(AVERAGE(D78:E78),"") -> 0.0296 | R78: =IFERROR(AVERAGE(F78:H78),"") -> 0.0155 | S78: =IFERROR(AVERAGE(I78:J78),"") -> 0.0245 | T78: =IFERROR(AVERAGE(K78:L78),"") -> 0.0198 | W78: =AVERAGE(Q78:T78) -> 0.02235
A79: =IF(ISNUMBER(C79),MONTH(C79),"") -> 3 | B79: =IF(ISNUMBER(C79),YEAR(C79),"") -> 2018 | C79: =C78+1 -> 43175 | E79: 0.0268 | G79: 0.0192 | J79: 0.0199 | L79: 0.0236 | M79: =AVERAGE(D50:E79) -> 0.021959333 | N79: =AVERAGE(F50:H79) -> 0.018696 | O79: =AVERAGE(I50:J79) -> 0.017712 | P79: =AVERAGE(K50:L79) -> 0.028340667 | Q79: =IFERROR(AVERAGE(D79:E79),"") -> 0.0268 | R79: =IFERROR(AVERAGE(F79:H79),"") -> 0.0192 | S79: =IFERROR(AVERAGE(I79:J79),"") -> 0.0199 | T79: =IFERROR(AVERAGE(K79:L79),"") -> 0.0236 | W79: =AVERAGE(Q79:T79) -> 0.022375 | X79: =AVERAGE(Q75:T79) -> 0.02432
A80: =IF(ISNUMBER(C80),MONTH(C80),"") -> 3 | B80: =IF(ISNUMBER(C80),YEAR(C80),"") -> 2018 | C80: =C79+1 -> 43176 | D80: 0.0169 | F80: 0.011 | H80: 0.00982 | I80: 0.00379 | K80: 0.0117 | M80: =AVERAGE(D51:E80) -> 0.022019333 | N80: =AVERAGE(F51:H80) -> 0.018079429 | O80: =AVERAGE(I51:J80) -> 0.017221667 | P80: =AVERAGE(K51:L80) -> 0.027547333 | Q80: =IFERROR(AVERAGE(D80:E80),"") -> 0.0169 | R80: =IFERROR(AVERAGE(F80:H80),"") -> 0.01041 | S80: =IFERROR(AVERAGE(I80:J80),"") -> 0.00379 | T80: =IFERROR(AVERAGE(K80:L80),"") -> 0.0117 | V80: =AVERAGE(Q80:T80) -> 0.0107
A81: =IF(ISNUMBER(C81),MONTH(C81),"") -> 3 | B81: =IF(ISNUMBER(C81),YEAR(C81),"") -> 2018 | C81: =C80+1 -> 43177 | E81: 0.0144 | G81: 0.0101 | J81: 0.005 | L81: 0.0149 | M81: =AVERAGE(D52:E81) -> 0.021266 | N81: =AVERAGE(F52:H81) -> 0.016948 | O81: =AVERAGE(I52:J81) -> 0.016258333 | P81: =AVERAGE(K52:L81) -> 0.026417333 | Q81: =IFERROR(AVERAGE(D81:E81),"") -> 0.0144 | R81: =IFERROR(AVERAGE(F81:H81),"") -> 0.0101 | S81: =IFERROR(AVERAGE(I81:J81),"") -> 0.005 | T81: =IFERROR(AVERAGE(K81:L81),"") -> 0.0149 | V81: =AVERAGE(Q81:T81) -> 0.0111 | X81: =AVERAGE(Q80:T81) -> 0.0109
A82: =IF(ISNUMBER(C82),MONTH(C82),"") -> 3 | B82: =IF(ISNUMBER(C82),YEAR(C82),"") -> 2018 | C82: =C81+1 -> 43178 | D82: 0.0251 | F82: 0.0229 | I82: 0.0285 | K82: 0.0355 | M82: =AVERAGE(D53:E82) -> 0.021539333 | N82: =AVERAGE(F53:H82) -> 0.016473714 | O82: =AVERAGE(I53:J82) -> 0.016401667 | P82: =AVERAGE(K53:L82) -> 0.025540667 | Q82: =IFERROR(AVERAGE(D82:E82),"") -> 0.0251 | R82: =IFERROR(AVERAGE(F82:H82),"") -> 0.0229 | S82: =IFERROR(AVERAGE(I82:J82),"") -> 0.0285 | T82: =IFERROR(AVERAGE(K82:L82),"") -> 0.0355 | W82: =AVERAGE(Q82:T82) -> 0.028
A83: =IF(ISNUMBER(C83),MONTH(C83),"") -> 3 | B83: =IF(ISNUMBER(C83),YEAR(C83),"") -> 2018 | C83: =C82+1 -> 43179 | E83: 0.0247 | G83: 0.0282 | J83: 0.0303 | L83: 0.0474 | M83: =AVERAGE(D54:E83) -> 0.021592667 | N83: =AVERAGE(F54:H83) -> 0.016865143 | O83: =AVERAGE(I54:J83) -> 0.017090667 | P83: =AVERAGE(K54:L83) -> 0.026097333 | Q83: =IFERROR(AVERAGE(D83:E83),"") -> 0.0247 | R83: =IFERROR(AVERAGE(F83:H83),"") -> 0.0282 | S83: =IFERROR(AVERAGE(I83:J83),"") -> 0.0303 | T83: =IFERROR(AVERAGE(K83:L83),"") -> 0.0474 | W83: =AVERAGE(Q83:T83) -> 0.03265
A84: =IF(ISNUMBER(C84),MONTH(C84),"") -> 3 | B84: =IF(ISNUMBER(C84),YEAR(C84),"") -> 2018 | C84: =C83+1 -> 43180 | D84: 0.0164 | H84: 0.0244 | I84: 0.0232 | K84: 0.0273 | M84: =AVERAGE(D55:E84) -> 0.021782667 | N84: =AVERAGE(F55:H84) -> 0.017208 | O84: =AVERAGE(I55:J84) -> 0.017649667 | P84: =AVERAGE(K55:L84) -> 0.026250667 | Q84: =IFERROR(AVERAGE(D84:E84),"") -> 0.0164 | R84: =IFERROR(AVERAGE(F84:H84),"") -> 0.0244 | S84: =IFERROR(AVERAGE(I84:J84),"") -> 0.0232 | T84: =IFERROR(AVERAGE(K84:L84),"") -> 0.0273 | W84: =AVERAGE(Q84:T84) -> 0.022825
A85: =IF(ISNUMBER(C85),MONTH(C85),"") -> 3 | B85: =IF(ISNUMBER(C85),YEAR(C85),"") -> 2018 | C85: =C84+1 -> 43181 | E85: 0.00839 | G85: 0.00817 | J85: 0.00608 | L85: 0.0126 | M85: =AVERAGE(D56:E85) -> 0.021549 | N85: =AVERAGE(F56:H85) -> 0.016861429 | O85: =AVERAGE(I56:J85) -> 0.017342333 | P85: =AVERAGE(K56:L85) -> 0.025507333 | Q85: =IFERROR(AVERAGE(D85:E85),"") -> 0.00839 | R85: =IFERROR(AVERAGE(F85:H85),"") -> 0.00817 | S85: =IFERROR(AVERAGE(I85:J85),"") -> 0.00608 | T85: =IFERROR(AVERAGE(K85:L85),"") -> 0.0126 | W85: =AVERAGE(Q85:T85) -> 0.00881
A86: =IF(ISNUMBER(C86),MONTH(C86),"") -> 3 | B86: =IF(ISNUMBER(C86),YEAR(C86),"") -> 2018 | C86: =C85+1 -> 43182 | D86: 0.022 | F86: 0.0211 | H86: 0.0205 | I86: 0.0245 | K86: 0.0286 | M86: =AVERAGE(D57:E86) -> 0.019815667 | N86: =AVERAGE(F57:H86) -> 0.01687 | O86: =AVERAGE(I57:J86) -> 0.017655667 | P86: =AVERAGE(K57:L86) -> 0.025397333 | Q86: =IFERROR(AVERAGE(D86:E86),"") -> 0.022 | R86: =IFERROR(AVERAGE(F86:H86),"") -> 0.0208 | S86: =IFERROR(AVERAGE(I86:J86),"") -> 0.0245 | T86: =IFERROR(AVERAGE(K86:L86),"") -> 0.0286 | W86: =AVERAGE(Q86:T86) -> 0.023975 | X86: =AVERAGE(Q82:T86) -> 0.023252
A87: =IF(ISNUMBER(C87),MONTH(C87),"") -> 3 | B87: =IF(ISNUMBER(C87),YEAR(C87),"") -> 2018 | C87: =C86+1 -> 43183 | E87: 0.0164 | G87: 0.0176 | J87: 0.0063 | L87: 0.0164 | M87: =AVERAGE(D58:E87) -> 0.019299 | N87: =AVERAGE(F58:H87) -> 0.016787143 | O87: =AVERAGE(I58:J87) -> 0.017389 | P87: =AVERAGE(K58:L87) -> 0.024814 | Q87: =IFERROR(AVERAGE(D87:E87),"") -> 0.0164 | R87: =IFERROR(AVERAGE(F87:H87),"") -> 0.0176 | S87: =IFERROR(AVERAGE(I87:J87),"") -> 0.0063 | T87: =IFERROR(AVERAGE(K87:L87),"") -> 0.0164 | V87: =AVERAGE(Q87:T87) -> 0.014175
A88: =IF(ISNUMBER(C88),MONTH(C88),"") -> 3 | B88: =IF(ISNUMBER(C88),YEAR(C88),"") -> 2018 | C88: =C87+1 -> 43184 | D88: 0.0129 | F88: 0.005 | I88: 0.0057 | K88: 0.0129 | M88: =AVERAGE(D59:E88) -> 0.019099 | N88: =AVERAGE(F59:H88) -> 0.016078571 | O88: =AVERAGE(I59:J88) -> 0.016879 | P88: =AVERAGE(K59:L88) -> 0.024197333 | Q88: =IFERROR(AVERAGE(D88:E88),"") -> 0.0129 | R88: =IFERROR(AVERAGE(F88:H88),"") -> 0.005 | S88: =IFERROR(AVERAGE(I88:J88),"") -> 0.0057 | T88: =IFERROR(AVERAGE(K88:L88),"") -> 0.0129 | V88: =AVERAGE(Q88:T88) -> 0.009125 | X88: =AVERAGE(Q87:T88) -> 0.01165
A89: =IF(ISNUMBER(C89),MONTH(C89),"") -> 3 | B89: =IF(ISNUMBER(C89),YEAR(C89),"") -> 2018 | C89: =C88+1 -> 43185 | E89: 0.0346 | G89: 0.0196 | J89: 0.0329 | L89: 0.0432 | M89: =AVERAGE(D60:E89) -> 0.019902333 | N89: =AVERAGE(F60:H89) -> 0.016378571 | O89: =AVERAGE(I60:J89) -> 0.017652333 | P89: =AVERAGE(K60:L89) -> 0.024520667 | Q89: =IFERROR(AVERAGE(D89:E89),"") -> 0.0346 | R89: =IFERROR(AVERAGE(F89:H89),"") -> 0.0196 | S89: =IFERROR(AVERAGE(I89:J89),"") -> 0.0329 | T89: =IFERROR(AVERAGE(K89:L89),"") -> 0.0432 | W89: =AVERAGE(Q89:T89) -> 0.032575
A90: =IF(ISNUMBER(C90),MONTH(C90),"") -> 3 | B90: =IF(ISNUMBER(C90),YEAR(C90),"") -> 2018 | C90: =C89+1 -> 43186 | D90: 0.0505 | H90: 0.0384 | I90: 0.0317 | K90: 0.0311 | M90: =AVERAGE(D61:E90) -> 0.021212333 | N90: =AVERAGE(F61:H90) -> 0.017198571 | O90: =AVERAGE(I61:J90) -> 0.018372333 | P90: =AVERAGE(K61:L90) -> 0.024950667 | Q90: =IFERROR(AVERAGE(D90:E90),"") -> 0.0505 | R90: =IFERROR(AVERAGE(F90:H90),"") -> 0.0384 | S90: =IFERROR(AVERAGE(I90:J90),"") -> 0.0317 | T90: =IFERROR(AVERAGE(K90:L90),"") -> 0.0311 | W90: =AVERAGE(Q90:T90) -> 0.037925
A91: =IF(ISNUMBER(C91),MONTH(C91),"") -> 3 | B91: =IF(ISNUMBER(C91),YEAR(C91),"") -> 2018 | C91: =C90+1 -> 43187 | E91: 0.0353 | G91: 0.036 | J91: 0.04 | L91: 0.0512 | M91: =AVERAGE(D62:E91) -> 0.021549 | N91: =AVERAGE(F62:H91) -> 0.017801429 | O91: =AVERAGE(I62:J91) -> 0.019265667 | P91: =AVERAGE(K62:L91) -> 0.025570667 | Q91: =IFERROR(AVERAGE(D91:E91),"") -> 0.0353 | R91: =IFERROR(AVERAGE(F91:H91),"") -> 0.036 | S91: =IFERROR(AVERAGE(I91:J91),"") -> 0.04 | T91: =IFERROR(AVERAGE(K91:L91),"") -> 0.0512 | W91: =AVERAGE(Q91:T91) -> 0.040625
A92: =IF(ISNUMBER(C92),MONTH(C92),"") -> 3 | B92: =IF(ISNUMBER(C92),YEAR(C92),"") -> 2018 | C92: =C91+1 -> 43188 | D92: 0.028 | F92: 0.0383 | H92: 0.0403 | I92: 0.0432 | K92: 0.0314 | M92: =AVERAGE(D63:E92) -> 0.021922333 | N92: =AVERAGE(F63:H92) -> 0.019287143 | O92: =AVERAGE(I63:J92) -> 0.020099 | P92: =AVERAGE(K63:L92) -> 0.025907333 | Q92: =IFERROR(AVERAGE(D92:E92),"") -> 0.028 | R92: =IFERROR(AVERAGE(F92:H92),"") -> 0.0393 | S92: =IFERROR(AVERAGE(I92:J92),"") -> 0.0432 | T92: =IFERROR(AVERAGE(K92:L92),"") -> 0.0314 | W92: =AVERAGE(Q92:T92) -> 0.035475
A93: =IF(ISNUMBER(C93),MONTH(C93),"") -> 3 | B93: =IF(ISNUMBER(C93),YEAR(C93),"") -> 2018 | C93: =C92+1 -> 43189 | E93: 0.0248 | G93: 0.0335 | J93: 0.0302 | L93: 0.0356 | M93: =AVERAGE(D64:E93) -> 0.022209 | N93: =AVERAGE(F64:H93) -> 0.019892857 | O93: =AVERAGE(I64:J93) -> 0.020535667 | P93: =AVERAGE(K64:L93) -> 0.026140667 | Q93: =IFERROR(AVERAGE(D93:E93),"") -> 0.0248 | R93: =IFERROR(AVERAGE(F93:H93),"") -> 0.0335 | S93: =IFERROR(AVERAGE(I93:J93),"") -> 0.0302 | T93: =IFERROR(AVERAGE(K93:L93),"") -> 0.0356 | W93: =AVERAGE(Q93:T93) -> 0.031025 | X93: =AVERAGE(Q89:T93) -> 0.035525
A94: =IF(ISNUMBER(C94),MONTH(C94),"") -> 3 | B94: =IF(ISNUMBER(C94),YEAR(C94),"") -> 2018 | C94: =C93+1 -> 43190 | D94: 0.0158 | F94: 0.0216 | I94: 0.0126 | K94: 0.0223 | M94: =AVERAGE(D65:E94) -> 0.022099 | N94: =AVERAGE(F65:H94) -> 0.020098571 | O94: =AVERAGE(I65:J94) -> 0.020409 | P94: =AVERAGE(K65:L94) -> 0.026157333 | Q94: =IFERROR(AVERAGE(D94:E94),"") -> 0.0158 | R94: =IFERROR(AVERAGE(F94:H94),"") -> 0.0216 | S94: =IFERROR(AVERAGE(I94:J94),"") -> 0.0126 | T94: =IFERROR(AVERAGE(K94:L94),"") -> 0.0223 | V94: =AVERAGE(Q94:T94) -> 0.018075
A95: =IF(ISNUMBER(C95),MONTH(C95),"") -> 4 | B95: =IF(ISNUMBER(C95),YEAR(C95),"") -> 2018 | C95: =C94+1 -> 43191 | E95: 0.0218 | G95: 0.011 | J95: 0.00513 | L95: 0.0109 | M95: =AVERAGE(D66:E95) -> 0.022622333 | N95: =AVERAGE(F66:H95) -> 0.020272857 | O95: =AVERAGE(I66:J95) -> 0.020353333 | P95: =AVERAGE(K66:L95) -> 0.026047333 | Q95: =IFERROR(AVERAGE(D95:E95),"") -> 0.0218 | R95: =IFERROR(AVERAGE(F95:H95),"") -> 0.011 | S95: =IFERROR(AVERAGE(I95:J95),"") -> 0.00513 | T95: =IFERROR(AVERAGE(K95:L95),"") -> 0.0109 | V95: =AVERAGE(Q95:T95) -> 0.0122075 | X95: =AVERAGE(Q94:T95) -> 0.01514125
A96: =IF(ISNUMBER(C96),MONTH(C96),"") -> 4 | B96: =IF(ISNUMBER(C96),YEAR(C96),"") -> 2018 | C96: =C95+1 -> 43192 | D96: 0.0464 | H96: 0.0242 | I96: 0.0253 | K96: 0.0265 | M96: =AVERAGE(D67:E96) -> 0.023852333 | N96: =AVERAGE(F67:H96) -> 0.02055 | O96: =AVERAGE(I67:J96) -> 0.021086667 | P96: =AVERAGE(K67:L96) -> 0.026434 | Q96: =IFERROR(AVERAGE(D96:E96),"") -> 0.0464 | R96: =IFERROR(AVERAGE(F96:H96),"") -> 0.0242 | S96: =IFERROR(AVERAGE(I96:J96),"") -> 0.0253 | T96: =IFERROR(AVERAGE(K96:L96),"") -> 0.0265 | W96: =AVERAGE(Q96:T96) -> 0.0306
A97: =IF(ISNUMBER(C97),MONTH(C97),"") -> 4 | B97: =IF(ISNUMBER(C97),YEAR(C97),"") -> 2018 | C97: =C96+1 -> 43193 | E97: 0.0292 | G97: 0.0463 | J97: 0.0508 | L97: 0.05 | M97: =AVERAGE(D68:E97) -> 0.024512333 | N97: =AVERAGE(F68:H97) -> 0.021452857 | O97: =AVERAGE(I68:J97) -> 0.022504333 | P97: =AVERAGE(K68:L97) -> 0.027504 | Q97: =IFERROR(AVERAGE(D97:E97),"") -> 0.0292 | R97: =IFERROR(AVERAGE(F97:H97),"") -> 0.0463 | S97: =IFERROR(AVERAGE(I97:J97),"") -> 0.0508 | T97: =IFERROR(AVERAGE(K97:L97),"") -> 0.05 | W97: =AVERAGE(Q97:T97) -> 0.044075
A98: =IF(ISNUMBER(C98),MONTH(C98),"") -> 4 | B98: =IF(ISNUMBER(C98),YEAR(C98),"") -> 2018 | C98: =C97+1 -> 43194 | D98: 0.0402 | F98: 0.033 | H98: 0.031 | I98: 0.0267 | K98: 0.0319 | M98: =AVERAGE(D69:E98) -> 0.025149 | N98: =AVERAGE(F69:H98) -> 0.022424286 | O98: =AVERAGE(I69:J98) -> 0.022754333 | P98: =AVERAGE(K69:L98) -> 0.027607333 | Q98: =IFERROR(AVERAGE(D98:E98),"") -> 0.0402 | R98: =IFERROR(AVERAGE(F98:H98),"") -> 0.032 | S98: =IFERROR(AVERAGE(I98:J98),"") -> 0.0267 | T98: =IFERROR(AVERAGE(K98:L98),"") -> 0.0319 | W98: =AVERAGE(Q98:T98) -> 0.0327
A99: =IF(ISNUMBER(C99),MONTH(C99),"") -> 4 | B99: =IF(ISNUMBER(C99),YEAR(C99),"") -> 2018 | C99: =C98+1 -> 43195 | E99: 0.0389 | G99: 0.0406 | J99: 0.0278 | L99: 0.0382 | M99: =AVERAGE(D70:E99) -> 0.025972333 | N99: =AVERAGE(F70:H99) -> 0.023067143 | O99: =AVERAGE(I70:J99) -> 0.022781 | P99: =AVERAGE(K70:L99) -> 0.027634 | Q99: =IFERROR(AVERAGE(D99:E99),"") -> 0.0389 | R99: =IFERROR(AVERAGE(F99:H99),"") -> 0.0406 | S99: =IFERROR(AVERAGE(I99:J99),"") -> 0.0278 | T99: =IFERROR(AVERAGE(K99:L99),"") -> 0.0382 | W99: =AVERAGE(Q99:T99) -> 0.036375
A100: =IF(ISNUMBER(C100),MONTH(C100),"") -> 4 | B100: =IF(ISNUMBER(C100),YEAR(C100),"") -> 2018 | C100: =C99+1 -> 43196 | D100: 0.0298 | F100: 0.0229 | I100: 0.021 | K100: 0.0306 | M100: =AVERAGE(D71:E100) -> 0.026192333 | N100: =AVERAGE(F71:H100) -> 0.022841429 | O100: =AVERAGE(I71:J100) -> 0.021997667 | P100: =AVERAGE(K71:L100) -> 0.027384 | Q100: =IFERROR(AVERAGE(D100:E100),"") -> 0.0298 | R100: =IFERROR(AVERAGE(F100:H100),"") -> 0.0229 | S100: =IFERROR(AVERAGE(I100:J100),"") -> 0.021 | T100: =IFERROR(AVERAGE(K100:L100),"") -> 0.0306 | W100: =AVERAGE(Q100:T100) -> 0.026075 | X100: =AVERAGE(Q96:T100) -> 0.033965
...

Sheet Arsenic (Daily)
C1: City of Industry Plant - Ambient Arsenic
C2: (units=ng/m3) | AQ2: 2.5 | AX2: 2.5 | BE2: 2.5 | BL2: 2.5 | BS2: 2.5 | BZ2: 2.5
A3: Month | B3: Year | C3: Monitoring | D3: Station 1 | F3: Station 2 | I3: Station 4 | K3: Station 5 | M3: Daily Results | AA3: =COUNTIF($D$5:$L$734,">=2.5") -> 22 | AC3: =COUNTIF($M$5:$P$734,">=2.5") -> 16
A4: =IF(ISNUMBER(C4),MONTH(C4),"") | B4: =IF(ISNUMBER(C4),YEAR(C4),"") | C4: Dates | D4: 1A | E4: 1B | F4: 2A | G4: 2B | H4: 2D | I4: 4A | J4: 4B | K4: 5A | L4: 5B | M4: Station 1 | N4: Station 2 | O4: Station 4 | P4: Station 5 | Q4: WeekEND | R4: WeekDAY | V4: WeekEND | W4: WeekDAY | X4: % WD Diff | Z4: 98th percentile | AE4: CY 2025 | AF4: Station 1 | AG4: Station 2 | AH4: Station 4 | AI4: Station 5 | AJ4: ALL Stations | AL4: CY 2024 | AM4: Station 1 | AN4: Station 2 | AO4: Station 4 | AP4: Station 5 | AQ4: ALL Stations | AS4: CY 2023 | AT4: Station 1 | AU4: Station 2 | AV4: Station 4 | AW4: Station 5 | AX4: ALL Stations | AZ4: CY 2022 | BA4: Station 1 | BB4: Station 2 | BC4: Station 4 | BD4: Station 5 | BE4: ALL Stations | BG4: CY 2021 | BH4: Station 1 | BI4: Station 2 | BJ4: Station 4 | BK4: Station 5 | BL4: ALL Stations | BN4: CY 2020 | BO4: Station 1 | BP4: Station 2 | BQ4: Station 4 | BR4: Station 5 | BS4: ALL Stations | BU4: CY 2019 | BV4: Station 1 | BW4: Station 2 | BX4: Station 4 | BY4: Station 5 | BZ4: ALL Stations | CC4: Station 1 | CD4: Station 2 | CE4: Station 4 | CF4: Station 5
A5: =IF(ISNUMBER(C5),MONTH(C5),"") -> 1 | B5: =IF(ISNUMBER(C5),YEAR(C5),"") -> 2018 | C5: 43101 | E5: 10.99 | G5: 9.29 | J5: 3.608 | L5: 8.132 | S5: EVENT | T5: =MAX(T556:T994) -> 9 | U5: max | V5: =MAX(Q5:Q3300) -> 3.848 | W5: =MAX(R5:R3300) -> 5.832875 | X5: =(W5-V5)/V5 -> 0.51581991 | Z5: WeekDAY | AA5: =PERCENTILE($R$5:$R$734,0.98) -> 1.9577 | AE5: max | AF5: =MAX($D$2562:$E$2926) -> 4.579 | AG5: =MAX($F$2562:$H$2926) -> 5.025 | AH5: =MAX($I$2562:$J$2926) -> 3.25 | AI5: =MAX($K$2562:$L$2926) -> 11.11 | AJ5: =MAX($D$2562:$L$2926) -> 11.11 | AL5: max | AM5: =MAX($D$2196:$E$2561) -> 3.899 | AN5: =MAX($F$2196:$H$2561) -> 3.563 | AO5: =MAX($I$2196:$J$2561) -> 7.729 | AP5: =MAX($K$2196:$L$2561) -> 5.803 | AQ5: =MAX($D$2196:$L$2561) -> 7.729 | AS5: max | AT5: =MAX($D$1831:$E$2195) -> 7.191 | AU5: =MAX($F$1831:$H$2195) -> 3.792 | AV5: =MAX($I$1831:$J$2195) -> 2.667 | AW5: =MAX($K$1831:$L$2195) -> 8.256 | AX5: =MAX($D$1831:$L$2195) -> 8.256 | AZ5: max | BA5: =MAX($D$1466:$E$1830) -> 6.778 | BB5: =MAX($F$1466:$H$1830) -> 3.174 | BC5: =MAX($I$1466:$J$1830) -> 2.027 | BD5: =MAX($K$1466:$L$1830) -> 2.727 | BE5: =MAX($D$1466:$L$1830) -> 6.778 | BG5: max | BH5: =MAX($D$1101:$E$1465) -> 5.866 | BI5: =MAX($F$1101:$H$1465) -> 3.005 | BJ5: =MAX($I$1101:$J$1465) -> 2.812 | BK5: =MAX($K$1101:$L$1465) -> 5.107 | BL5: =MAX($D$1101:$L$1465) -> 5.866 | BN5: max | BO5: =MAX($D$735:$E$1100) -> 5.541 | BP5: =MAX($F$735:$H$1100) -> 5.626 | BQ5: =MAX($I$735:$J$1100) -> 5.916 | BR5: =MAX($K$735:$L$1100) -> 6.464 | BS5: =MAX($D$735:$L$1100) -> 6.464 | BU5: max | BV5: =MAX($D$5:$E$734) -> 10.99 | BW5: =MAX($F$5:$H$734) -> 9.29 | BX5: =MAX($I$5:$J$734) -> 28.43 | BY5: =MAX($K$5:$L$734) -> 8.132 | BZ5: =MAX($D$5:$L$734) -> 28.43 | CB5: # greater than 6 | CC5: =COUNTIF($D$5:$E$734,">=6") -> 2 | CD5: =COUNTIF($F$5:$H$734,">=6") -> 1 | CE5: =COUNTIF($I$5:$J$734,">=6") -> 1 | CF5: =COUNTIF($K$5:$L$734,">=6") -> 1
A6: =IF(ISNUMBER(C6),MONTH(C6),"") -> 1 | B6: =IF(ISNUMBER(C6),YEAR(C6),"") -> 2018 | C6: =C5+1 -> 43102 | D6: 2.237 | H6: 2.163 | I6: 1.974 | K6: 2.17 | M6: =IFERROR(AVERAGE(D6:E6),"") -> 2.237 | N6: =IFERROR(AVERAGE(F6:H6),"") -> 2.163 | O6: =IFERROR(AVERAGE(I6:J6),"") -> 1.974 | P6: =IFERROR(AVERAGE(K6:L6),"") -> 2.17 | R6: =AVERAGE(M6:N6) -> 2.2 | S6: * averaged from two extractions & analyses | U6: 90th percentile | V6: =PERCENTILE($Q$5:$Q$3300,0.9) -> 1.297 | W6: =PERCENTILE($R$5:$R$3300,0.9) -> 1.7136451 | X6: =(W6-V6)/V6 -> 0.32123752 | Y6: =PERCENTILE($D$5:$L$2569,0.98) -> 2.5697 | Z6: WeekEND | AA6: =PERCENTILE($Q$5:$Q$734,0.98) -> 1.665915 | AC6: =PERCENTILE($D$5:$L$734,0.985) -> 2.0128 | AE6: 98th percentile | AF6: =PERCENTILE($D$2562:$E$2926,0.98) -> 2.8695392 | AG6: =PERCENTILE($F$2562:$H$2926,0.98) -> 2.7839221 | AH6: =PERCENTILE($I$2562:$J$2926,0.98) -> 2.0570032 | AI6: =PERCENTILE($K$2562:$L$2926,0.98) -> 2.8365171 | AJ6: =PERCENTILE($D$2562:$L$2926,0.98) -> 2.7446559 | AL6: 98th percentile | AM6: =PERCENTILE($D$2196:$E$2561,0.98) -> 2.2967 | AN6: =PERCENTILE($F$2196:$H$2561,0.98) -> 2.21236 | AO6: =PERCENTILE($I$2196:$J$2561,0.98) -> 2.0397 | AP6: =PERCENTILE($K$2196:$L$2561,0.98) -> 2.8619 | AQ6: =PERCENTILE($D$2196:$L$2561,0.98) -> 2.34944 | AS6: 98th percentile | AT6: =PERCENTILE($D$1831:$E$2195,0.98) -> 4.23864 | AU6: =PERCENTILE($F$1831:$H$2195,0.98) -> 2.402 | AV6: =PERCENTILE($I$1831:$J$2195,0.98) -> 1.85996 | AW6: =PERCENTILE($K$1831:$L$2195,0.98) -> 2.43504 | AX6: =PERCENTILE($D$1831:$L$2195,0.98) -> 2.95436 | AZ6: 98th percentile | BA6: =PERCENTILE($D$1466:$E$1830,0.98) -> 4.64974 | BB6: =PERCENTILE($F$1466:$H$1830,0.98) -> 2.3255 | BC6: =PERCENTILE($I$1466:$J$1830,0.98) -> 1.61804 | BD6: =PERCENTILE($K$1466:$L$1830,0.98) -> 2.03504 | BE6: =PERCENTILE($D$1466:$L$1830,0.98) -> 3.2676 | BG6: 98th percentile | BH6: =PERCENTILE($D$1101:$E$1465,0.98) -> 3.89592 | BI6: =PERCENTILE($F$1101:$H$1465,0.98) -> 2.176 | BJ6: =PERCENTILE($I$1101:$J$1465,0.98) -> 1.78592 | BK6: =PERCENTILE($K$1101:$L$1465,0.98) -> 2.59136 | BL6: =PERCENTILE($D$1101:$L$1465,0.98) -> 2.62016 | BN6: 98th percentile | BO6: =PERCENTILE($D$735:$E$1100,0.98) -> 2.1655 | BP6: =PERCENTILE($F$735:$H$1100,0.98) -> 2.24798 | BQ6: =PERCENTILE($I$735:$J$1100,0.98) -> 2.1995 | BR6: =PERCENTILE($K$735:$L$1100,0.98) -> 2.2006 | BS6: =PERCENTILE($D$735:$L$1100,0.98) -> 2.2072 | BU6: 98th percentile | BV6: =PERCENTILE($D$5:$E$734,0.98) -> 2.0356 | BW6: =PERCENTILE($F$5:$H$734,0.98) -> 2.00776 | BX6: =PERCENTILE($I$5:$J$734,0.98) -> 1.7511 | BY6: =PERCENTILE($K$5:$L$734,0.98) -> 1.8551 | BZ6: =PERCENTILE($D$5:$L$734,0.98) -> 1.9212 | CB6: # greater than 2.5 | CC6: =COUNTIF($D$5:$E$734,">=2.5") -> 6 | CD6: =COUNTIF($F$5:$H$734,">=2.5") -> 7 | CE6: =COUNTIF($I$5:$J$734,">=2.5") -> 5 | CF6: =COUNTIF($K$5:$L$734,">=2.5") -> 4
A7: =IF(ISNUMBER(C7),MONTH(C7),"") -> 1 | B7: =IF(ISNUMBER(C7),YEAR(C7),"") -> 2018 | C7: =C6+1 -> 43103 | E7: 1.744 | G7: 1.648 | J7: 1.749 | L7: 1.829 | M7: =IFERROR(AVERAGE(D7:E7),"") -> 1.744 | N7: =IFERROR(AVERAGE(F7:H7),"") -> 1.648 | O7: =IFERROR(AVERAGE(I7:J7),"") -> 1.749 | P7: =IFERROR(AVERAGE(K7:L7),"") -> 1.829 | R7: =AVERAGE(M7:N7) -> 1.696 | U7: 75th percentile | V7: =PERCENTILE($Q$5:$Q$3300,0.75) -> 1.0465813 | W7: =PERCENTILE($R$5:$R$3300,0.75) -> 1.3592797 | X7: =(W7-V7)/V7 -> 0.29878087 | Z7: All (w/ Events) | AA7: =PERCENTILE($D$5:$L$734,0.98) -> 1.9212 | AC7: =PERCENTILE($D$5:$L$734,0.99) -> 2.2436 | AE7: 95th percentile | AF7: =PERCENTILE($D$2562:$E$2926,0.95) -> 2.3270752 | AG7: =PERCENTILE($F$2562:$H$2926,0.95) -> 2.1766312 | AH7: =PERCENTILE($I$2562:$J$2926,0.95) -> 1.748 | AI7: =PERCENTILE($K$2562:$L$2926,0.95) -> 2.2154232 | AJ7: =PERCENTILE($D$2562:$L$2926,0.95) -> 2.145002 | AL7: 95th percentile | AM7: =PERCENTILE($D$2196:$E$2561,0.95) -> 1.91225 | AN7: =PERCENTILE($F$2196:$H$2561,0.95) -> 1.7609 | AO7: =PERCENTILE($I$2196:$J$2561,0.95) -> 1.7275 | AP7: =PERCENTILE($K$2196:$L$2561,0.95) -> 2.057 | AQ7: =PERCENTILE($D$2196:$L$2561,0.95) -> 1.8582 | AS7: 95th percentile | AT7: =PERCENTILE($D$1831:$E$2195,0.95) -> 3.13055 | AU7: =PERCENTILE($F$1831:$H$2195,0.95) -> 2.04325 | AV7: =PERCENTILE($I$1831:$J$2195,0.95) -> 1.6276 | AW7: =PERCENTILE($K$1831:$L$2195,0.95) -> 2.0644 | AX7: =PERCENTILE($D$1831:$L$2195,0.95) -> 2.26955 | AZ7: 95th percentile | BA7: =PERCENTILE($D$1466:$E$1830,0.95) -> 3.7674 | BB7: =PERCENTILE($F$1466:$H$1830,0.95) -> 1.97275 | BC7: =PERCENTILE($I$1466:$J$1830,0.95) -> 1.4708 | BD7: =PERCENTILE($K$1466:$L$1830,0.95) -> 1.7298 | BE7: =PERCENTILE($D$1466:$L$1830,0.95) -> 2.4002 | BG7: 95th percentile | BH7: =PERCENTILE($D$1101:$E$1465,0.95) -> 2.7458 | BI7: =PERCENTILE($F$1101:$H$1465,0.95) -> 1.7568 | BJ7: =PERCENTILE($I$1101:$J$1465,0.95) -> 1.4648 | BK7: =PERCENTILE($K$1101:$L$1465,0.95) -> 1.7616 | BL7: =PERCENTILE($D$1101:$L$1465,0.95) -> 1.79035 | BN7: 95th percentile | BO7: =PERCENTILE($D$735:$E$1100,0.95) -> 1.91875 | BP7: =PERCENTILE($F$735:$H$1100,0.95) -> 1.8994 | BQ7: =PERCENTILE($I$735:$J$1100,0.95) -> 1.9505 | BR7: =PERCENTILE($K$735:$L$1100,0.95) -> 2.053 | BS7: =PERCENTILE($D$735:$L$1100,0.95) -> 1.9562 | BU7: 95th percentile | BV7: =PERCENTILE($D$5:$E$734,0.95) -> 1.7586 | BW7: =PERCENTILE($F$5:$H$734,0.95) -> 1.77315 | BX7: =PERCENTILE($I$5:$J$734,0.95) -> 1.56645 | BY7: =PERCENTILE($K$5:$L$734,0.95) -> 1.64745 | BZ7: =PERCENTILE($D$5:$L$734,0.95) -> 1.709 | CB7: # greater than 1.95 | CC7: =COUNTIF($D$5:$E$734,">=1.95") -> 21 | CD7: =COUNTIF($F$5:$H$734,">=1.95") -> 21 | CE7: =COUNTIF($I$5:$J$734,">=1.95") -> 8 | CF7: =COUNTIF($K$5:$L$734,">=1.95") -> 6
A8: =IF(ISNUMBER(C8),MONTH(C8),"") -> 1 | B8: =IF(ISNUMBER(C8),YEAR(C8),"") -> 2018 | C8: =C7+1 -> 43104 | D8: 1.563 | F8: 1.578 | H8: 1.578 | I8: 2.02 | K8: 1.69 | M8: =IFERROR(AVERAGE(D8:E8),"") -> 1.563 | N8: =IFERROR(AVERAGE(F8:H8),"") -> 1.578 | O8: =IFERROR(AVERAGE(I8:J8),"") -> 2.02 | P8: =IFERROR(AVERAGE(K8:L8),"") -> 1.69 | R8: =AVERAGE(M8:N8) -> 1.5705 | U8: average | V8: =AVERAGE(Q5:Q3300) -> 0.84828132 | W8: =AVERAGE(R5:R3300) -> 1.1258336 | X8: =(W8-V8)/V8 -> 0.32719369 | AE8: 90th percentile | AF8: =PERCENTILE($D$2562:$E$2926,0.9) -> 1.9372638 | AG8: =PERCENTILE($F$2562:$H$2926,0.9) -> 1.9177866 | AH8: =PERCENTILE($I$2562:$J$2926,0.9) -> 1.5934064 | AI8: =PERCENTILE($K$2562:$L$2926,0.9) -> 1.766883 | AJ8: =PERCENTILE($D$2562:$L$2926,0.9) -> 1.7756201 | AL8: 90th percentile | AM8: =PERCENTILE($D$2196:$E$2561,0.9) -> 1.6005 | AN8: =PERCENTILE($F$2196:$H$2561,0.9) -> 1.56 | AO8: =PERCENTILE($I$2196:$J$2561,0.9) -> 1.422 | AP8: =PERCENTILE($K$2196:$L$2561,0.9) -> 1.6865 | AQ8: =PERCENTILE($D$2196:$L$2561,0.9) -> 1.5684 | AS8: 90th percentile | AT8: =PERCENTILE($D$1831:$E$2195,0.9) -> 2.5987 | AU8: =PERCENTILE($F$1831:$H$2195,0.9) -> 1.8045 | AV8: =PERCENTILE($I$1831:$J$2195,0.9) -> 1.4458 | AW8: =PERCENTILE($K$1831:$L$2195,0.9) -> 1.8192 | AX8: =PERCENTILE($D$1831:$L$2195,0.9) -> 1.9003 | AZ8: 90th percentile | BA8: =PERCENTILE($D$1466:$E$1830,0.9) -> 3.0493 | BB8: =PERCENTILE($F$1466:$H$1830,0.9) -> 1.6935 | BC8: =PERCENTILE($I$1466:$J$1830,0.9) -> 1.2806 | BD8: =PERCENTILE($K$1466:$L$1830,0.9) -> 1.5176 | BE8: =PERCENTILE($D$1466:$L$1830,0.9) -> 1.8954 | BG8: 90th percentile | BH8: =PERCENTILE($D$1101:$E$1465,0.9) -> 1.7226 | BI8: =PERCENTILE($F$1101:$H$1465,0.9) -> 1.5056 | BJ8: =PERCENTILE($I$1101:$J$1465,0.9) -> 1.32 | BK8: =PERCENTILE($K$1101:$L$1465,0.9) -> 1.4972 | BL8: =PERCENTILE($D$1101:$L$1465,0.9) -> 1.4962 | BN8: 90th percentile | BO8: =PERCENTILE($D$735:$E$1100,0.9) -> 1.6725 | BP8: =PERCENTILE($F$735:$H$1100,0.9) -> 1.6785 | BQ8: =PERCENTILE($I$735:$J$1100,0.9) -> 1.565 | BR8: =PERCENTILE($K$735:$L$1100,0.9) -> 1.6586 | BS8: =PERCENTILE($D$735:$L$1100,0.9) -> 1.6508 | BU8: 90th percentile | BV8: =PERCENTILE($D$5:$E$734,0.9) -> 1.5262 | BW8: =PERCENTILE($F$5:$H$734,0.9) -> 1.5714 | BX8: =PERCENTILE($I$5:$J$734,0.9) -> 1.3703 | BY8: =PERCENTILE($K$5:$L$734,0.9) -> 1.496 | BZ8: =PERCENTILE($D$5:$L$734,0.9) -> 1.505
A9: =IF(ISNUMBER(C9),MONTH(C9),"") -> 1 | B9: =IF(ISNUMBER(C9),YEAR(C9),"") -> 2018 | C9: =C8+1 -> 43105 | E9: 1.052 | G9: 1.029 | J9: 1.158 | L9: 1.254 | M9: =IFERROR(AVERAGE(D9:E9),"") -> 1.052 | N9: =IFERROR(AVERAGE(F9:H9),"") -> 1.029 | O9: =IFERROR(AVERAGE(I9:J9),"") -> 1.158 | P9: =IFERROR(AVERAGE(K9:L9),"") -> 1.254 | R9: =AVERAGE(M9:N9) -> 1.0405 | S9: =AVERAGE(L5:O9) -> 2.0753333
A10: =IF(ISNUMBER(C10),MONTH(C10),"") -> 1 | B10: =IF(ISNUMBER(C10),YEAR(C10),"") -> 2018 | C10: =C9+1 -> 43106 | D10: 0.966 | F10: 0.831 | I10: 0.862 | K10: 0.99 | M10: =IFERROR(AVERAGE(D10:E10),"") -> 0.966 | N10: =IFERROR(AVERAGE(F10:H10),"") -> 0.831 | O10: =IFERROR(AVERAGE(I10:J10),"") -> 0.862 | P10: =IFERROR(AVERAGE(K10:L10),"") -> 0.99 | Q10: =AVERAGE(M10:N10) -> 0.8985 | V10: Station 1 | W10: Station 2 | X10: Station 4 | Y10: Station 5
A11: =IF(ISNUMBER(C11),MONTH(C11),"") -> 1 | B11: =IF(ISNUMBER(C11),YEAR(C11),"") -> 2018 | C11: =C10+1 -> 43107 | E11: 1.078 | G11: 1.136 | J11: 0.9165 | L11: 0.9961 | M11: =IFERROR(AVERAGE(D11:E11),"") -> 1.078 | N11: =IFERROR(AVERAGE(F11:H11),"") -> 1.136 | O11: =IFERROR(AVERAGE(I11:J11),"") -> 0.9165 | P11: =IFERROR(AVERAGE(K11:L11),"") -> 0.9961 | Q11: =AVERAGE(M11:N11) -> 1.107 | S11: =AVERAGE(L10:O11) -> 0.96937143 | V11: Tuesday
A12: =IF(ISNUMBER(C12),MONTH(C12),"") -> 1 | B12: =IF(ISNUMBER(C12),YEAR(C12),"") -> 2018 | C12: =C11+1 -> 43108 | D12: 1.337 | H12: 1.079 | I12: 0.9778 | K12: 1.178 | M12: =IFERROR(AVERAGE(D12:E12),"") -> 1.337 | N12: =IFERROR(AVERAGE(F12:H12),"") -> 1.079 | O12: =IFERROR(AVERAGE(I12:J12),"") -> 0.9778 | P12: =IFERROR(AVERAGE(K12:L12),"") -> 1.178 | R12: =AVERAGE(M12:N12) -> 1.208
A13: =IF(ISNUMBER(C13),MONTH(C13),"") -> 1 | B13: =IF(ISNUMBER(C13),YEAR(C13),"") -> 2018 | C13: =C12+1 -> 43109 | E13: 0.4883 | G13: 0.459 | J13: 0.3129 | L13: 0.4883 | M13: =IFERROR(AVERAGE(D13:E13),"") -> 0.4883 | N13: =IFERROR(AVERAGE(F13:H13),"") -> 0.459 | O13: =IFERROR(AVERAGE(I13:J13),"") -> 0.3129 | P13: =IFERROR(AVERAGE(K13:L13),"") -> 0.4883 | R13: =AVERAGE(M13:N13) -> 0.47365
A14: =IF(ISNUMBER(C14),MONTH(C14),"") -> 1 | B14: =IF(ISNUMBER(C14),YEAR(C14),"") -> 2018 | C14: =C13+1 -> 43110 | D14: 0.7806 | F14: 0.6619 | H14: 0.5726 | I14: 0.6036 | K14: 0.7007 | M14: =IFERROR(AVERAGE(D14:E14),"") -> 0.7806 | N14: =IFERROR(AVERAGE(F14:H14),"") -> 0.61725 | O14: =IFERROR(AVERAGE(I14:J14),"") -> 0.6036 | P14: =IFERROR(AVERAGE(K14:L14),"") -> 0.7007 | R14: =AVERAGE(M14:N14) -> 0.698925
A15: =IF(ISNUMBER(C15),MONTH(C15),"") -> 1 | B15: =IF(ISNUMBER(C15),YEAR(C15),"") -> 2018 | C15: =C14+1 -> 43111 | E15: 1.561 | G15: 1.304 | J15: 1.444 | L15: 1.42 | M15: =IFERROR(AVERAGE(D15:E15),"") -> 1.561 | N15: =IFERROR(AVERAGE(F15:H15),"") -> 1.304 | O15: =IFERROR(AVERAGE(I15:J15),"") -> 1.444 | P15: =IFERROR(AVERAGE(K15:L15),"") -> 1.42 | R15: =AVERAGE(M15:N15) -> 1.4325
A16: =IF(ISNUMBER(C16),MONTH(C16),"") -> 1 | B16: =IF(ISNUMBER(C16),YEAR(C16),"") -> 2018 | C16: =C15+1 -> 43112 | D16: 1.861 | F16: 1.921 | I16: 2.53 | K16: 1.914 | M16: =IFERROR(AVERAGE(D16:E16),"") -> 1.861 | N16: =IFERROR(AVERAGE(F16:H16),"") -> 1.921 | O16: =IFERROR(AVERAGE(I16:J16),"") -> 2.53 | P16: =IFERROR(AVERAGE(K16:L16),"") -> 1.914 | R16: =AVERAGE(M16:N16) -> 1.891 | S16: =AVERAGE(L12:O16) -> 1.1285147
A17: =IF(ISNUMBER(C17),MONTH(C17),"") -> 1 | B17: =IF(ISNUMBER(C17),YEAR(C17),"") -> 2018 | C17: =C16+1 -> 43113 | E17: 1.085 | G17: 1.004 | J17: 0.9243 | L17: 1.154 | M17: =IFERROR(AVERAGE(D17:E17),"") -> 1.085 | N17: =IFERROR(AVERAGE(F17:H17),"") -> 1.004 | O17: =IFERROR(AVERAGE(I17:J17),"") -> 0.9243 | P17: =IFERROR(AVERAGE(K17:L17),"") -> 1.154 | Q17: =AVERAGE(M17:N17) -> 1.0445
A18: =IF(ISNUMBER(C18),MONTH(C18),"") -> 1 | B18: =IF(ISNUMBER(C18),YEAR(C18),"") -> 2018 | C18: =C17+1 -> 43114 | D18: 0.862 | H18: 0.7981 | I18: 0.6096 | K18: 0.7297 | M18: =IFERROR(AVERAGE(D18:E18),"") -> 0.862 | N18: =IFERROR(AVERAGE(F18:H18),"") -> 0.7981 | O18: =IFERROR(AVERAGE(I18:J18),"") -> 0.6096 | P18: =IFERROR(AVERAGE(K18:L18),"") -> 0.7297 | Q18: =AVERAGE(M18:N18) -> 0.83005 | S18: =AVERAGE(L17:O18) -> 0.91957143
A19: =IF(ISNUMBER(C19),MONTH(C19),"") -> 1 | B19: =IF(ISNUMBER(C19),YEAR(C19),"") -> 2018 | C19: =C18+1 -> 43115 | E19: 1.601 | G19: 1.433 | J19: 1.407 | L19: 1.427 | M19: =IFERROR(AVERAGE(D19:E19),"") -> 1.601 | N19: =IFERROR(AVERAGE(F19:H19),"") -> 1.433 | O19: =IFERROR(AVERAGE(I19:J19),"") -> 1.407 | P19: =IFERROR(AVERAGE(K19:L19),"") -> 1.427 | R19: =AVERAGE(M19:N19) -> 1.517
A20: =IF(ISNUMBER(C20),MONTH(C20),"") -> 1 | B20: =IF(ISNUMBER(C20),YEAR(C20),"") -> 2018 | C20: =C19+1 -> 43116 | D20: 1.631 | F20: 1.607 | H20: 1.475 | I20: 1.648 | K20: 1.685 | M20: =IFERROR(AVERAGE(D20:E20),"") -> 1.631 | N20: =IFERROR(AVERAGE(F20:H20),"") -> 1.541 | O20: =IFERROR(AVERAGE(I20:J20),"") -> 1.648 | P20: =IFERROR(AVERAGE(K20:L20),"") -> 1.685 | R20: =AVERAGE(M20:N20) -> 1.586
A21: =IF(ISNUMBER(C21),MONTH(C21),"") -> 1 | B21: =IF(ISNUMBER(C21),YEAR(C21),"") -> 2018 | C21: =C20+1 -> 43117 | E21: 2.029 | G21: 1.705 | J21: 1.754 | L21: 1.807 | M21: =IFERROR(AVERAGE(D21:E21),"") -> 2.029 | N21: =IFERROR(AVERAGE(F21:H21),"") -> 1.705 | O21: =IFERROR(AVERAGE(I21:J21),"") -> 1.754 | P21: =IFERROR(AVERAGE(K21:L21),"") -> 1.807 | R21: =AVERAGE(M21:N21) -> 1.867
A22: =IF(ISNUMBER(C22),MONTH(C22),"") -> 1 | B22: =IF(ISNUMBER(C22),YEAR(C22),"") -> 2018 | C22: =C21+1 -> 43118 | D22: 2.429 | F22: 1.61 | I22: 1.401 | K22: 1.875 | M22: =IFERROR(AVERAGE(D22:E22),"") -> 2.429 | N22: =IFERROR(AVERAGE(F22:H22),"") -> 1.61 | O22: =IFERROR(AVERAGE(I22:J22),"") -> 1.401 | P22: =IFERROR(AVERAGE(K22:L22),"") -> 1.875 | R22: =AVERAGE(M22:N22) -> 2.0195
A23: =IF(ISNUMBER(C23),MONTH(C23),"") -> 1 | B23: =IF(ISNUMBER(C23),YEAR(C23),"") -> 2018 | C23: =C22+1 -> 43119 | E23: 1.234 | G23: 1.067 | J23: 0.8709 | L23: 1.064 | M23: =IFERROR(AVERAGE(D23:E23),"") -> 1.234 | N23: =IFERROR(AVERAGE(F23:H23),"") -> 1.067 | O23: =IFERROR(AVERAGE(I23:J23),"") -> 0.8709 | P23: =IFERROR(AVERAGE(K23:L23),"") -> 1.064 | R23: =AVERAGE(M23:N23) -> 1.1505 | S23: =AVERAGE(L19:O23) -> 1.5366056
A24: =IF(ISNUMBER(C24),MONTH(C24),"") -> 1 | B24: =IF(ISNUMBER(C24),YEAR(C24),"") -> 2018 | C24: =C23+1 -> 43120 | D24: 0.5491 | H24: 0.6941 | I24: 0.4958 | K24: 0.7702 | M24: =IFERROR(AVERAGE(D24:E24),"") -> 0.5491 | N24: =IFERROR(AVERAGE(F24:H24),"") -> 0.6941 | O24: =IFERROR(AVERAGE(I24:J24),"") -> 0.4958 | P24: =IFERROR(AVERAGE(K24:L24),"") -> 0.7702 | Q24: =AVERAGE(M24:N24) -> 0.6216
A25: =IF(ISNUMBER(C25),MONTH(C25),"") -> 1 | B25: =IF(ISNUMBER(C25),YEAR(C25),"") -> 2018 | C25: =C24+1 -> 43121 | E25: 0.708 | G25: 0.857 | J25: 0.6178 | L25: 0.709 | M25: =IFERROR(AVERAGE(D25:E25),"") -> 0.708 | N25: =IFERROR(AVERAGE(F25:H25),"") -> 0.857 | O25: =IFERROR(AVERAGE(I25:J25),"") -> 0.6178 | P25: =IFERROR(AVERAGE(K25:L25),"") -> 0.709 | Q25: =AVERAGE(M25:N25) -> 0.7825 | S25: =AVERAGE(L24:O25) -> 0.66154286
A26: =IF(ISNUMBER(C26),MONTH(C26),"") -> 1 | B26: =IF(ISNUMBER(C26),YEAR(C26),"") -> 2018 | C26: =C25+1 -> 43122 | D26: 1.026 | F26: 0.7841 | H26: 0.8281 | I26: 0.998 | K26: 1.059 | M26: =IFERROR(AVERAGE(D26:E26),"") -> 1.026 | N26: =IFERROR(AVERAGE(F26:H26),"") -> 0.8061 | O26: =IFERROR(AVERAGE(I26:J26),"") -> 0.998 | P26: =IFERROR(AVERAGE(K26:L26),"") -> 1.059 | R26: =AVERAGE(M26:N26) -> 0.91605
A27: =IF(ISNUMBER(C27),MONTH(C27),"") -> 1 | B27: =IF(ISNUMBER(C27),YEAR(C27),"") -> 2018 | C27: =C26+1 -> 43123 | E27: 1.288 | G27: 1.487 | J27: 1.326 | L27: 1.557 | M27: =IFERROR(AVERAGE(D27:E27),"") -> 1.288 | N27: =IFERROR(AVERAGE(F27:H27),"") -> 1.487 | O27: =IFERROR(AVERAGE(I27:J27),"") -> 1.326 | P27: =IFERROR(AVERAGE(K27:L27),"") -> 1.557 | R27: =AVERAGE(M27:N27) -> 1.3875
A28: =IF(ISNUMBER(C28),MONTH(C28),"") -> 1 | B28: =IF(ISNUMBER(C28),YEAR(C28),"") -> 2018 | C28: =C27+1 -> 43124 | D28: 1.058 | F28: 1.178 | I28: 0.8385 | K28: 1.157 | M28: =IFERROR(AVERAGE(D28:E28),"") -> 1.058 | N28: =IFERROR(AVERAGE(F28:H28),"") -> 1.178 | O28: =IFERROR(AVERAGE(I28:J28),"") -> 0.8385 | P28: =IFERROR(AVERAGE(K28:L28),"") -> 1.157 | R28: =AVERAGE(M28:N28) -> 1.118
A29: =IF(ISNUMBER(C29),MONTH(C29),"") -> 1 | B29: =IF(ISNUMBER(C29),YEAR(C29),"") -> 2018 | C29: =C28+1 -> 43125 | E29: 1.17 | G29: 0.9668 | J29: 0.9708 | L29: 1.069 | M29: =IFERROR(AVERAGE(D29:E29),"") -> 1.17 | N29: =IFERROR(AVERAGE(F29:H29),"") -> 0.9668 | O29: =IFERROR(AVERAGE(I29:J29),"") -> 0.9708 | P29: =IFERROR(AVERAGE(K29:L29),"") -> 1.069 | R29: =AVERAGE(M29:N29) -> 1.0684
A30: =IF(ISNUMBER(C30),MONTH(C30),"") -> 1 | B30: =IF(ISNUMBER(C30),YEAR(C30),"") -> 2018 | C30: =C29+1 -> 43126 | D30: 1.196 | H30: 1.089 | I30: 1.025 | K30: 1.035 | M30: =IFERROR(AVERAGE(D30:E30),"") -> 1.196 | N30: =IFERROR(AVERAGE(F30:H30),"") -> 1.089 | O30: =IFERROR(AVERAGE(I30:J30),"") -> 1.025 | P30: =IFERROR(AVERAGE(K30:L30),"") -> 1.035 | R30: =AVERAGE(M30:N30) -> 1.1425 | S30: =AVERAGE(L26:O30) -> 1.1205412
A31: =IF(ISNUMBER(C31),MONTH(C31),"") -> 1 | B31: =IF(ISNUMBER(C31),YEAR(C31),"") -> 2018 | C31: =C30+1 -> 43127 | E31: 1.116 | G31: 0.9809 | J31: 0.8853 | L31: 1.266 | M31: =IFERROR(AVERAGE(D31:E31),"") -> 1.116 | N31: =IFERROR(AVERAGE(F31:H31),"") -> 0.9809 | O31: =IFERROR(AVERAGE(I31:J31),"") -> 0.8853 | P31: =IFERROR(AVERAGE(K31:L31),"") -> 1.266 | Q31: =AVERAGE(M31:N31) -> 1.04845
A32: =IF(ISNUMBER(C32),MONTH(C32),"") -> 1 | B32: =IF(ISNUMBER(C32),YEAR(C32),"") -> 2018 | C32: =C31+1 -> 43128 | D32: 1.246 | F32: 1.034 | H32: 1.259 | I32: 0.8595 | K32: 1.368 | M32: =IFERROR(AVERAGE(D32:E32),"") -> 1.246 | N32: =IFERROR(AVERAGE(F32:H32),"") -> 1.1465 | O32: =IFERROR(AVERAGE(I32:J32),"") -> 0.8595 | P32: =IFERROR(AVERAGE(K32:L32),"") -> 1.368 | Q32: =AVERAGE(M32:N32) -> 1.19625 | S32: =AVERAGE(L31:O32) -> 1.0714571
A33: =IF(ISNUMBER(C33),MONTH(C33),"") -> 1 | B33: =IF(ISNUMBER(C33),YEAR(C33),"") -> 2018 | C33: =C32+1 -> 43129 | E33: 1.064 | G33: 1.064 | J33: 0.944 | L33: 1.238 | M33: =IFERROR(AVERAGE(D33:E33),"") -> 1.064 | N33: =IFERROR(AVERAGE(F33:H33),"") -> 1.064 | O33: =IFERROR(AVERAGE(I33:J33),"") -> 0.944 | P33: =IFERROR(AVERAGE(K33:L33),"") -> 1.238 | R33: =AVERAGE(M33:N33) -> 1.064 | U33: January | V33: 2018
A34: =IF(ISNUMBER(C34),MONTH(C34),"") -> 1 | B34: =IF(ISNUMBER(C34),YEAR(C34),"") -> 2018 | C34: =C33+1 -> 43130 | D34: 1.286 | F34: 1.046 | I34: 1.092 | K34: 1.262 | M34: =IFERROR(AVERAGE(D34:E34),"") -> 1.286 | N34: =IFERROR(AVERAGE(F34:H34),"") -> 1.046 | O34: =IFERROR(AVERAGE(I34:J34),"") -> 1.092 | P34: =IFERROR(AVERAGE(K34:L34),"") -> 1.262 | R34: =AVERAGE(M34:N34) -> 1.166 | U34: Parameter | V34: Station 1 | W34: Station 2 | X34: Station 4 | Y34: Station 5
A35: =IF(ISNUMBER(C35),MONTH(C35),"") -> 1 | B35: =IF(ISNUMBER(C35),YEAR(C35),"") -> 2018 | C35: =C34+1 -> 43131 | E35: 1.458 | G35: 1.322 | J35: 1.2 | L35: 1.415 | M35: =IFERROR(AVERAGE(D35:E35),"") -> 1.458 | N35: =IFERROR(AVERAGE(F35:H35),"") -> 1.322 | O35: =IFERROR(AVERAGE(I35:J35),"") -> 1.2 | P35: =IFERROR(AVERAGE(K35:L35),"") -> 1.415 | R35: =AVERAGE(M35:N35) -> 1.39 | U35: Average | V35: =AVERAGE(D5:E35) -> 1.6030323 | W35: =AVERAGE(F5:H35) -> 1.4038778 | X35: =AVERAGE(I5:J35) -> 1.2265581 | Y35: =AVERAGE(K5:L35) -> 1.4970645
A36: =IF(ISNUMBER(C36),MONTH(C36),"") -> 2 | B36: =IF(ISNUMBER(C36),YEAR(C36),"") -> 2018 | C36: =C35+1 -> 43132 | D36: 1.84 | H36: 1.752 | I36: 1.673 | K36: 1.768 | M36: =IFERROR(AVERAGE(D36:E36),"") -> 1.84 | N36: =IFERROR(AVERAGE(F36:H36),"") -> 1.752 | O36: =IFERROR(AVERAGE(I36:J36),"") -> 1.673 | P36: =IFERROR(AVERAGE(K36:L36),"") -> 1.768 | R36: =AVERAGE(M36:N36) -> 1.796 | U36: Maximum | V36: =MAX(D5:E35) -> 10.99 | W36: =MAX(F5:H35) -> 9.29 | X36: =MAX(I5:J35) -> 3.608 | Y36: =MAX(K5:L35) -> 8.132
A37: =IF(ISNUMBER(C37),MONTH(C37),"") -> 2 | B37: =IF(ISNUMBER(C37),YEAR(C37),"") -> 2018 | C37: =C36+1 -> 43133 | E37: 1.827 | G37: 1.643 | J37: 1.714 | L37: 1.808 | M37: =IFERROR(AVERAGE(D37:E37),"") -> 1.827 | N37: =IFERROR(AVERAGE(F37:H37),"") -> 1.643 | O37: =IFERROR(AVERAGE(I37:J37),"") -> 1.714 | P37: =IFERROR(AVERAGE(K37:L37),"") -> 1.808 | R37: =AVERAGE(M37:N37) -> 1.735 | S37: =AVERAGE(L33:O37) -> 1.4103333 | U37: # DAYS > 2.5 | V37: =COUNTIF(D5:E35,">=2.5") -> 1 | W37: =COUNTIF(F5:G35,">=2.5") -> 1 | X37: =COUNTIF(I5:J35,">=2.5") -> 2 | Y37: =COUNTIF(I5:J35,">=2.5") -> 2
A38: =IF(ISNUMBER(C38),MONTH(C38),"") -> 2 | B38: =IF(ISNUMBER(C38),YEAR(C38),"") -> 2018 | C38: =C37+1 -> 43134 | D38: 1.178 | F38: 1.21 | H38: 1.153 | I38: 1.209 | K38: 1.288 | M38: =IFERROR(AVERAGE(D38:E38),"") -> 1.178 | N38: =IFERROR(AVERAGE(F38:H38),"") -> 1.1815 | O38: =IFERROR(AVERAGE(I38:J38),"") -> 1.209 | P38: =IFERROR(AVERAGE(K38:L38),"") -> 1.288 | Q38: =AVERAGE(M38:N38) -> 1.17975 | Y38: =AVERAGE(V35:Y35) -> 1.4326332
A39: =IF(ISNUMBER(C39),MONTH(C39),"") -> 2 | B39: =IF(ISNUMBER(C39),YEAR(C39),"") -> 2018 | C39: =C38+1 -> 43135 | E39: 1.124 | G39: 1.046 | J39: 0.8332 | L39: 1.053 | M39: =IFERROR(AVERAGE(D39:E39),"") -> 1.124 | N39: =IFERROR(AVERAGE(F39:H39),"") -> 1.046 | O39: =IFERROR(AVERAGE(I39:J39),"") -> 0.8332 | P39: =IFERROR(AVERAGE(K39:L39),"") -> 1.053 | Q39: =AVERAGE(M39:N39) -> 1.085 | S39: =AVERAGE(L38:O39) -> 1.0892429
A40: =IF(ISNUMBER(C40),MONTH(C40),"") -> 2 | B40: =IF(ISNUMBER(C40),YEAR(C40),"") -> 2018 | C40: =C39+1 -> 43136 | D40: 1.155 | F40: 1.115 | I40: 1.198 | K40: 1.301 | M40: =IFERROR(AVERAGE(D40:E40),"") -> 1.155 | N40: =IFERROR(AVERAGE(F40:H40),"") -> 1.115 | O40: =IFERROR(AVERAGE(I40:J40),"") -> 1.198 | P40: =IFERROR(AVERAGE(K40:L40),"") -> 1.301 | R40: =AVERAGE(M40:N40) -> 1.135
A41: =IF(ISNUMBER(C41),MONTH(C41),"") -> 2 | B41: =IF(ISNUMBER(C41),YEAR(C41),"") -> 2018 | C41: =C40+1 -> 43137 | E41: 1.205 | G41: 1.304 | J41: 1.165 | L41: 1.283 | M41: =IFERROR(AVERAGE(D41:E41),"") -> 1.205 | N41: =IFERROR(AVERAGE(F41:H41),"") -> 1.304 | O41: =IFERROR(AVERAGE(I41:J41),"") -> 1.165 | P41: =IFERROR(AVERAGE(K41:L41),"") -> 1.283 | R41: =AVERAGE(M41:N41) -> 1.2545
A42: =IF(ISNUMBER(C42),MONTH(C42),"") -> 2 | B42: =IF(ISNUMBER(C42),YEAR(C42),"") -> 2018 | C42: =C41+1 -> 43138 | D42: 1.403 | H42: 1.528 | I42: 1.503 | K42: 1.501 | M42: =IFERROR(AVERAGE(D42:E42),"") -> 1.403 | N42: =IFERROR(AVERAGE(F42:H42),"") -> 1.528 | O42: =IFERROR(AVERAGE(I42:J42),"") -> 1.503 | P42: =IFERROR(AVERAGE(K42:L42),"") -> 1.501 | R42: =AVERAGE(M42:N42) -> 1.4655
A43: =IF(ISNUMBER(C43),MONTH(C43),"") -> 2 | B43: =IF(ISNUMBER(C43),YEAR(C43),"") -> 2018 | C43: =C42+1 -> 43139 | E43: 1.331 | G43: 1.534 | J43: 0.9991 | L43: 1.781 | M43: =IFERROR(AVERAGE(D43:E43),"") -> 1.331 | N43: =IFERROR(AVERAGE(F43:H43),"") -> 1.534 | O43: =IFERROR(AVERAGE(I43:J43),"") -> 0.9991 | P43: =IFERROR(AVERAGE(K43:L43),"") -> 1.781 | R43: =AVERAGE(M43:N43) -> 1.4325
A44: =IF(ISNUMBER(C44),MONTH(C44),"") -> 2 | B44: =IF(ISNUMBER(C44),YEAR(C44),"") -> 2018 | C44: =C43+1 -> 43140 | D44: 1.664 | F44: 1.542 | H44: 1.309 | I44: 1.337 | K44: 1.851 | M44: =IFERROR(AVERAGE(D44:E44),"") -> 1.664 | N44: =IFERROR(AVERAGE(F44:H44),"") -> 1.4255 | O44: =IFERROR(AVERAGE(I44:J44),"") -> 1.337 | P44: =IFERROR(AVERAGE(K44:L44),"") -> 1.851 | R44: =AVERAGE(M44:N44) -> 1.54475 | S44: =AVERAGE(L40:O44) -> 1.3488588
A45: =IF(ISNUMBER(C45),MONTH(C45),"") -> 2 | B45: =IF(ISNUMBER(C45),YEAR(C45),"") -> 2018 | C45: =C44+1 -> 43141 | E45: 0.7084 | G45: 0.7153 | J45: 0.6273 | L45: 0.7906 | M45: =IFERROR(AVERAGE(D45:E45),"") -> 0.7084 | N45: =IFERROR(AVERAGE(F45:H45),"") -> 0.7153 | O45: =IFERROR(AVERAGE(I45:J45),"") -> 0.6273 | P45: =IFERROR(AVERAGE(K45:L45),"") -> 0.7906 | Q45: =AVERAGE(M45:N45) -> 0.71185
A46: =IF(ISNUMBER(C46),MONTH(C46),"") -> 2 | B46: =IF(ISNUMBER(C46),YEAR(C46),"") -> 2018 | C46: =C45+1 -> 43142 | D46: 1.281 | F46: 1.135 | I46: 1.059 | K46: 1.313 | M46: =IFERROR(AVERAGE(D46:E46),"") -> 1.281 | N46: =IFERROR(AVERAGE(F46:H46),"") -> 1.135 | O46: =IFERROR(AVERAGE(I46:J46),"") -> 1.059 | P46: =IFERROR(AVERAGE(K46:L46),"") -> 1.313 | Q46: =AVERAGE(M46:N46) -> 1.208 | S46: =AVERAGE(L45:O46) -> 0.90237143
A47: =IF(ISNUMBER(C47),MONTH(C47),"") -> 2 | B47: =IF(ISNUMBER(C47),YEAR(C47),"") -> 2018 | C47: =C46+1 -> 43143 | E47: 0.7949 | G47: 0.6677 | J47: 0.6734 | L47: 0.7096 | M47: =IFERROR(AVERAGE(D47:E47),"") -> 0.7949 | N47: =IFERROR(AVERAGE(F47:H47),"") -> 0.6677 | O47: =IFERROR(AVERAGE(I47:J47),"") -> 0.6734 | P47: =IFERROR(AVERAGE(K47:L47),"") -> 0.7096 | R47: =AVERAGE(M47:N47) -> 0.7313
A48: =IF(ISNUMBER(C48),MONTH(C48),"") -> 2 | B48: =IF(ISNUMBER(C48),YEAR(C48),"") -> 2018 | C48: =C47+1 -> 43144 | D48: 0.7663 | H48: 0.7517 | I48: 0.6644 | K48: 1.165 | M48: =IFERROR(AVERAGE(D48:E48),"") -> 0.7663 | N48: =IFERROR(AVERAGE(F48:H48),"") -> 0.7517 | O48: =IFERROR(AVERAGE(I48:J48),"") -> 0.6644 | P48: =IFERROR(AVERAGE(K48:L48),"") -> 1.165 | R48: =AVERAGE(M48:N48) -> 0.759
A49: =IF(ISNUMBER(C49),MONTH(C49),"") -> 2 | B49: =IF(ISNUMBER(C49),YEAR(C49),"") -> 2018 | C49: =C48+1 -> 43145 | E49: 0.9011 | G49: 0.915 | J49: 0.769 | L49: 0.9571 | M49: =IFERROR(AVERAGE(D49:E49),"") -> 0.9011 | N49: =IFERROR(AVERAGE(F49:H49),"") -> 0.915 | O49: =IFERROR(AVERAGE(I49:J49),"") -> 0.769 | P49: =IFERROR(AVERAGE(K49:L49),"") -> 0.9571 | R49: =AVERAGE(M49:N49) -> 0.90805
A50: =IF(ISNUMBER(C50),MONTH(C50),"") -> 2 | B50: =IF(ISNUMBER(C50),YEAR(C50),"") -> 2018 | C50: =C49+1 -> 43146 | D50: 1.135 | F50: 1.14 | H50: 1.168 | I50: 1.159 | K50: 1.12 | M50: =IFERROR(AVERAGE(D50:E50),"") -> 1.135 | N50: =IFERROR(AVERAGE(F50:H50),"") -> 1.154 | O50: =IFERROR(AVERAGE(I50:J50),"") -> 1.159 | P50: =IFERROR(AVERAGE(K50:L50),"") -> 1.12 | R50: =AVERAGE(M50:N50) -> 1.1445
A51: =IF(ISNUMBER(C51),MONTH(C51),"") -> 2 | B51: =IF(ISNUMBER(C51),YEAR(C51),"") -> 2018 | C51: =C50+1 -> 43147 | E51: 0.8846 | G51: 0.9602 | J51: 0.7427 | L51: 0.978 | M51: =IFERROR(AVERAGE(D51:E51),"") -> 0.8846 | N51: =IFERROR(AVERAGE(F51:H51),"") -> 0.9602 | O51: =IFERROR(AVERAGE(I51:J51),"") -> 0.7427 | P51: =IFERROR(AVERAGE(K51:L51),"") -> 0.978 | R51: =AVERAGE(M51:N51) -> 0.9224 | S51: =AVERAGE(L47:O51) -> 0.86576111
A52: =IF(ISNUMBER(C52),MONTH(C52),"") -> 2 | B52: =IF(ISNUMBER(C52),YEAR(C52),"") -> 2018 | C52: =C51+1 -> 43148 | D52: 0.8592 | F52: 0.8371 | I52: 0.7757 | K52: 1.043 | M52: =IFERROR(AVERAGE(D52:E52),"") -> 0.8592 | N52: =IFERROR(AVERAGE(F52:H52),"") -> 0.8371 | O52: =IFERROR(AVERAGE(I52:J52),"") -> 0.7757 | P52: =IFERROR(AVERAGE(K52:L52),"") -> 1.043 | Q52: =AVERAGE(M52:N52) -> 0.84815
A53: =IF(ISNUMBER(C53),MONTH(C53),"") -> 2 | B53: =IF(ISNUMBER(C53),YEAR(C53),"") -> 2018 | C53: =C52+1 -> 43149 | E53: 1.221 | G53: 1.516 | J53: 0.9473 | L53: 1.152 | M53: =IFERROR(AVERAGE(D53:E53),"") -> 1.221 | N53: =IFERROR(AVERAGE(F53:H53),"") -> 1.516 | O53: =IFERROR(AVERAGE(I53:J53),"") -> 0.9473 | P53: =IFERROR(AVERAGE(K53:L53),"") -> 1.152 | Q53: =AVERAGE(M53:N53) -> 1.3685 | S53: =AVERAGE(L52:O53) -> 1.0440429
A54: =IF(ISNUMBER(C54),MONTH(C54),"") -> 2 | B54: =IF(ISNUMBER(C54),YEAR(C54),"") -> 2018 | C54: =C53+1 -> 43150 | D54: 0.7114 | H54: 0.6389 | I54: 0.5524 | K54: 0.7529 | M54: =IFERROR(AVERAGE(D54:E54),"") -> 0.7114 | N54: =IFERROR(AVERAGE(F54:H54),"") -> 0.6389 | O54: =IFERROR(AVERAGE(I54:J54),"") -> 0.5524 | P54: =IFERROR(AVERAGE(K54:L54),"") -> 0.7529 | R54: =AVERAGE(M54:N54) -> 0.67515
A55: =IF(ISNUMBER(C55),MONTH(C55),"") -> 2 | B55: =IF(ISNUMBER(C55),YEAR(C55),"") -> 2018 | C55: =C54+1 -> 43151 | E55: 0.8175 | G55: 0.9881 | J55: 0.7168 | L55: 0.8711 | M55: =IFERROR(AVERAGE(D55:E55),"") -> 0.8175 | N55: =IFERROR(AVERAGE(F55:H55),"") -> 0.9881 | O55: =IFERROR(AVERAGE(I55:J55),"") -> 0.7168 | P55: =IFERROR(AVERAGE(K55:L55),"") -> 0.8711 | R55: =AVERAGE(M55:N55) -> 0.9028
A56: =IF(ISNUMBER(C56),MONTH(C56),"") -> 2 | B56: =IF(ISNUMBER(C56),YEAR(C56),"") -> 2018 | C56: =C55+1 -> 43152 | D56: 1.239 | F56: 0.7709 | H56: 0.7151 | I56: 0.584 | K56: 0.8328 | M56: =IFERROR(AVERAGE(D56:E56),"") -> 1.239 | N56: =IFERROR(AVERAGE(F56:H56),"") -> 0.743 | O56: =IFERROR(AVERAGE(I56:J56),"") -> 0.584 | P56: =IFERROR(AVERAGE(K56:L56),"") -> 0.8328 | R56: =AVERAGE(M56:N56) -> 0.991
A57: =IF(ISNUMBER(C57),MONTH(C57),"") -> 2 | B57: =IF(ISNUMBER(C57),YEAR(C57),"") -> 2018 | C57: =C56+1 -> 43153 | E57: 0.6912 | G57: 0.7593 | J57: 0.5856 | L57: 0.689 | M57: =IFERROR(AVERAGE(D57:E57),"") -> 0.6912 | N57: =IFERROR(AVERAGE(F57:H57),"") -> 0.7593 | O57: =IFERROR(AVERAGE(I57:J57),"") -> 0.5856 | P57: =IFERROR(AVERAGE(K57:L57),"") -> 0.689 | R57: =AVERAGE(M57:N57) -> 0.72525
A58: =IF(ISNUMBER(C58),MONTH(C58),"") -> 2 | B58: =IF(ISNUMBER(C58),YEAR(C58),"") -> 2018 | C58: =C57+1 -> 43154 | D58: 0.609 | F58: 0.911 | I58: 0.654 | K58: 0.835 | M58: =IFERROR(AVERAGE(D58:E58),"") -> 0.609 | N58: =IFERROR(AVERAGE(F58:H58),"") -> 0.911 | O58: =IFERROR(AVERAGE(I58:J58),"") -> 0.654 | P58: =IFERROR(AVERAGE(K58:L58),"") -> 0.835 | R58: =AVERAGE(M58:N58) -> 0.76 | S58: =AVERAGE(L54:O58) -> 0.75066471
A59: =IF(ISNUMBER(C59),MONTH(C59),"") -> 2 | B59: =IF(ISNUMBER(C59),YEAR(C59),"") -> 2018 | C59: =C58+1 -> 43155 | E59: 0.773 | G59: 0.89 | J59: 0.6361 | L59: 0.79 | M59: =IFERROR(AVERAGE(D59:E59),"") -> 0.773 | N59: =IFERROR(AVERAGE(F59:H59),"") -> 0.89 | O59: =IFERROR(AVERAGE(I59:J59),"") -> 0.6361 | P59: =IFERROR(AVERAGE(K59:L59),"") -> 0.79 | Q59: =AVERAGE(M59:N59) -> 0.8315
A60: =IF(ISNUMBER(C60),MONTH(C60),"") -> 2 | B60: =IF(ISNUMBER(C60),YEAR(C60),"") -> 2018 | C60: =C59+1 -> 43156 | D60: 0.7514 | H60: 1.211 | I60: 0.7083 | K60: 0.8189 | M60: =IFERROR(AVERAGE(D60:E60),"") -> 0.7514 | N60: =IFERROR(AVERAGE(F60:H60),"") -> 1.211 | O60: =IFERROR(AVERAGE(I60:J60),"") -> 0.7083 | P60: =IFERROR(AVERAGE(K60:L60),"") -> 0.8189 | Q60: =AVERAGE(M60:N60) -> 0.9812 | S60: =AVERAGE(L59:O60) -> 0.82282857
A61: =IF(ISNUMBER(C61),MONTH(C61),"") -> 2 | B61: =IF(ISNUMBER(C61),YEAR(C61),"") -> 2018 | C61: =C60+1 -> 43157 | E61: 0.7613 | G61: 0.6058 | J61: 0.6295 | L61: 0.7187 | M61: =IFERROR(AVERAGE(D61:E61),"") -> 0.7613 | N61: =IFERROR(AVERAGE(F61:H61),"") -> 0.6058 | O61: =IFERROR(AVERAGE(I61:J61),"") -> 0.6295 | P61: =IFERROR(AVERAGE(K61:L61),"") -> 0.7187 | R61: =AVERAGE(M61:N61) -> 0.68355 | U61: February | V61: 2018
A62: =IF(ISNUMBER(C62),MONTH(C62),"") -> 2 | B62: =IF(ISNUMBER(C62),YEAR(C62),"") -> 2018 | C62: =C61+1 -> 43158 | D62: 0.549 | F62: 0.4371 | H62: 0.6193 | I62: 0.3956 | K62: 0.5903 | M62: =IFERROR(AVERAGE(D62:E62),"") -> 0.549 | N62: =IFERROR(AVERAGE(F62:H62),"") -> 0.5282 | O62: =IFERROR(AVERAGE(I62:J62),"") -> 0.3956 | P62: =IFERROR(AVERAGE(K62:L62),"") -> 0.5903 | R62: =AVERAGE(M62:N62) -> 0.5386 | U62: Parameter | V62: Station 1 | W62: Station 2 | X62: Station 4 | Y62: Station 5
A63: =IF(ISNUMBER(C63),MONTH(C63),"") -> 2 | B63: =IF(ISNUMBER(C63),YEAR(C63),"") -> 2018 | C63: =C62+1 -> 43159 | E63: 0.9948 | G63: 0.5176 | J63: 0.5898 | L63: 0.8243 | M63: =IFERROR(AVERAGE(D63:E63),"") -> 0.9948 | N63: =IFERROR(AVERAGE(F63:H63),"") -> 0.5176 | O63: =IFERROR(AVERAGE(I63:J63),"") -> 0.5898 | P63: =IFERROR(AVERAGE(K63:L63),"") -> 0.8243 | R63: =AVERAGE(M63:N63) -> 0.7562 | U63: Average | V63: =AVERAGE(D36:E63) -> 1.0420036 | W63: =AVERAGE(F36:H63) -> 1.0304879 | X63: =AVERAGE(I36:J63) -> 0.89647143 | Y63: =AVERAGE(K36:L63) -> 1.0923321
