Workbook
Name Cntrl_Eff: '500000MP'!$B$17
Name CRF: '500000MP'!$B$14
Name DataProp: 'Pvap Calcs'!$A$3:$K$28
Name EqLife: '500000MP'!$B$13
Name Interest: '500000MP'!$B$12
Name VOC_Credit: '500000MP'!$B$16

Sheet 500000MP
A1: 500,000 Model Plant
F2: Carbon Adsorber
A3: Surrogate Pvap (psia) | B3: Ship EmF (lb/1,000 gal) | C3: Barge EmF (lb/1,000 gal) | D3: Throughput (1,000 gal/yr) | E3: Loss (ton/yr) | F3: Capital (TCI) ($) | G3: Annual Op Costs (AOC) ($/yr) | H3: Total Annualized Cost (TAC) no Rec.Credit | I3: VOC Recovery Credit ($/yr) | J3: TAC w/ Recov ($/yr) | K3: VOC Cost Eff ($/ton)
A4: 0.5 | B4: =0.4*A4 -> 0.2 | C4: =A4*1 -> 0.5 | D4: 500000 | E4: =(B4+C4)/2*D4/2000 -> 87.5 | F4: 3773295 | G4: 358223 | H4: =F4*CRF+G4 -> 734139.77 | I4: =E4*VOC_Credit*(Cntrl_Eff) -> 56017.5 | J4: =H4-I4 -> 678122.27 | K4: =J4/E4 -> 7749.9688
A5: 1 | B5: =0.4*A5 -> 0.4 | C5: =A5*1 -> 1 | D5: 500000 | E5: =(B5+C5)/2*D5/2000 -> 175 | F5: 3773295 | G5: 358223 | H5: =F5*CRF+G5 -> 734139.77 | I5: =E5*VOC_Credit*(Cntrl_Eff) -> 112035 | J5: =H5-I5 -> 622104.77 | K5: =J5/E5 -> 3554.8844
A6: 1.5 | B6: =0.4*A6 -> 0.6 | C6: =A6*1 -> 1.5 | D6: 500000 | E6: =(B6+C6)/2*D6/2000 -> 262.5 | F6: 3773295 | G6: 358223 | H6: =F6*CRF+G6 -> 734139.77 | I6: =E6*VOC_Credit*(Cntrl_Eff) -> 168052.5 | J6: =H6-I6 -> 566087.27 | K6: =J6/E6 -> 2156.5229
A7: 3 | B7: =0.4*A7 -> 1.2 | C7: =A7*1 -> 3 | D7: 500000 | E7: =(B7+C7)/2*D7/2000 -> 525 | F7: 3773295 | G7: 358223 | H7: =F7*CRF+G7 -> 734139.77 | I7: =E7*VOC_Credit*(Cntrl_Eff) -> 336105 | J7: =H7-I7 -> 398034.77 | K7: =J7/E7 -> 758.16147
F9: Thermal Oxidizer (70% Rec Eff)
E10: Surrogate Pvap (psia) | F10: Capital (TCI) ($) | G10: Annual Op Costs (AOC) ($/yr) | H10: TAC (no Rec.) ($/yr) | I10: VOC Cost Eff ($/ton)
E11: 0.5 | F11: 945594 | G11: 161309 | H11: =F11*CRF+G11 -> 255514.37 | I11: =H11/E4*Cntrl_Eff -> 2832.5593
A12: Interest | B12: 0.055 | E12: 1 | F12: 945594 | G12: 161309 | H12: =F12*CRF+G12 -> 255514.37 | I12: =H12/E5*Cntrl_Eff -> 1416.2796
A13: EqLife | B13: 15 | C13: years | E13: 1.5 | F13: 945594 | G13: 161309 | H13: =F13*CRF+G13 -> 255514.37 | I13: =H13/E6*Cntrl_Eff -> 944.18642
A14: CRF | B14: =(Interest*(1+Interest)^EqLife)/(((1+Interest)^EqLife)-1) -> 0.099625598 | E14: 3 | F14: 945594 | G14: 161309 | H14: =F14*CRF+G14 -> 255514.37 | I14: =H14/E7*Cntrl_Eff -> 472.09321
A16: VOC_Credit | B16: 660 | C16: per ton | F16: Thermal Oxid/Flare (0% Rec Eff)
A17: Cntrl_Eff | B17: 0.97 | E17: Surrogate Pvap (psia) | F17: Capital (TCI) ($) | G17: Annual Op Costs (AOC) ($/yr) | H17: TAC (no Rec.) ($/yr) | I17: VOC Cost Eff ($/ton)
E18: 0.5 | F18: 397135 | G18: 371992 | H18: =F18*CRF+G18 -> 411556.81 | I18: =H18/E4*Cntrl_Eff -> 4562.4012
E19: 1 | F19: 397135 | G19: 371992 | H19: =F19*CRF+G19 -> 411556.81 | I19: =H19/E5*Cntrl_Eff -> 2281.2006
E20: 1.5 | F20: 397135 | G20: 371992 | H20: =F20*CRF+G20 -> 411556.81 | I20: =H20/E6*Cntrl_Eff -> 1520.8004
E21: 3 | F21: 397135 | G21: 371992 | H21: =F21*CRF+G21 -> 411556.81 | I21: =H21/E7*Cntrl_Eff -> 760.4002

Sheet Pvap Calcs
A1: Chemicals | B1: Antoine's Equation Constants | K1: Temp (degC) | L1: Temp (degR)
B2: A dimensionless | C2: B degrees C | D2: C degrees C | E2: MW | F2: Liquid Density (lb/gal) | G2: Source | I2: Product Stored Category for 7.1-10 | K2: 20 | L2: =K2*9/5+32+459.67 -> 527.67
A3: Acetaldehye | B3: 8.063 | C3: 1637.1 | D3: 295.47 | E3: 44.05 | F3: 6.54 | G3: Table 7.1-3 | I3: Single-component stocks | K3: =IF(I3=$I$3,(10^(B3-(C3/($K$2+D3)))*(14.696/760)),EXP(B3-C3/($L$2))) -> 14.453919 | L3: =L2-459.67 -> 68
A4: Acetone | B4: 7.3 | C4: 1312.3 | D4: 240.71 | E4: 58.08 | F4: 6.55 | G4: Table 7.1-3 | I4: Single-component stocks | K4: =IF(I4=$I$3,(10^(B4-(C4/($K$2+D4)))*(14.696/760)),EXP(B4-C4/($L$2))) -> 3.5712755
A5: Benzene | B5: 6.906 | C5: 1211 | D5: 220.79 | E5: 78.11 | F5: 7.32 | G5: Table 7.1-3 | I5: Single-component stocks | K5: =IF(I5=$I$3,(10^(B5-(C5/($K$2+D5)))*(14.696/760)),EXP(B5-C5/($L$2))) -> 1.4558175
A6: Butane (n) | B6: 6.725 | C6: 909.7 | D6: 237 | E6: 58.12 | F6: 4.78 | G6: Table 7.1-3 | I6: Single-component stocks | K6: =IF(I6=$I$3,(10^(B6-(C6/($K$2+D6)))*(14.696/760)),EXP(B6-C6/($L$2))) -> 29.627625
A7: Chloroform | B7: 7.083 | C7: 1233.1 | D7: 232.2 | E7: 119.38 | F7: 12.38 | G7: Table 7.1-3 | I7: Single-component stocks | K7: =IF(I7=$I$3,(10^(B7-(C7/($K$2+D7)))*(14.696/760)),EXP(B7-C7/($L$2))) -> 3.0200354
A8: Crude (RVP5) | B8: =12.82-0.9672*LN(5) -> 11.263352 | C8: =7261-1216*LN(5) -> 5303.9235 | E8: 50 | F8: 7.1 | G8: Table 7.1-2 | I8: Crude oil | K8: =IF(I8=$I$3,(10^(B8-(C8/($K$2+D8)))*(14.696/760)),EXP(B8-C8/($L$2))) -> 3.3593911
A9: Cyclohexane | B9: 6.845 | C9: 1203.5 | D9: 222.86 | E9: 84.16 | F9: 6.46 | G9: Table 7.1-3 | I9: Single-component stocks | K9: =IF(I9=$I$3,(10^(B9-(C9/($K$2+D9)))*(14.696/760)),EXP(B9-C9/($L$2))) -> 1.4991863
A10: Diethylamine | B10: 5.737 | C10: 559.1 | D10: 140.18 | E10: 73.14 | F10: 5.89 | G10: Table 7.1-3 | I10: Single-component stocks | K10: =IF(I10=$I$3,(10^(B10-(C10/($K$2+D10)))*(14.696/760)),EXP(B10-C10/($L$2))) -> 3.4114366
A11: Ethyl acetate | B11: 7.103 | C11: 1245.7 | D11: 217.96 | E11: 88.11 | F11: 7.51 | G11: Table 7.1-3 | I11: Single-component stocks | K11: =IF(I11=$I$3,(10^(B11-(C11/($K$2+D11)))*(14.696/760)),EXP(B11-C11/($L$2))) -> 1.4271582
A12: Ethyl alcohol | B12: 8.247 | C12: 1670.4 | D12: 232.96 | E12: 46.07 | F12: 6.59 | G12: Table 7.1-3 | I12: Single-component stocks | K12: =IF(I12=$I$3,(10^(B12-(C12/($K$2+D12)))*(14.696/760)),EXP(B12-C12/($L$2))) -> 0.85107923
A13: Ethyl benzene | B13: 6.95 | C13: 1419.3 | D13: 212.61 | E13: 106.17 | F13: 7.24 | G13: Table 7.1-3 | I13: Single-component stocks | K13: =IF(I13=$I$3,(10^(B13-(C13/($K$2+D13)))*(14.696/760)),EXP(B13-C13/($L$2))) -> 0.13638174
A14: Gasoline (RVP7) | B14: 11.833 | C14: 5500.6 | E14: 68 | F14: 5.6 | G14: Table 7.1-2 | I14: Gasoline | K14: =IF(I14=$I$3,(10^(B14-(C14/($K$2+D14)))*(14.696/760)),EXP(B14-C14/($L$2))) -> 4.0905596
A15: Gasoline (RVP10) | B15: 11.724 | C15: 5237.3 | E15: 66 | F15: 5.6 | G15: Table 7.1-2 | I15: Gasoline | K15: =IF(I15=$I$3,(10^(B15-(C15/($K$2+D15)))*(14.696/760)),EXP(B15-C15/($L$2))) -> 6.041594
A16: Gasoline (RVP13) | B16: 11.644 | C16: 5043.6 | E16: 62 | F16: 5.6 | G16: Table 7.1-2 | I16: Gasoline | K16: =IF(I16=$I$3,(10^(B16-(C16/($K$2+D16)))*(14.696/760)),EXP(B16-C16/($L$2))) -> 8.0506543
A17: Heptane | B17: 6.903 | C17: 1268.6 | D17: 216.95 | E17: 100.2 | F17: 5.71 | G17: Table 7.1-3 | I17: Single-component stocks | K17: =IF(I17=$I$3,(10^(B17-(C17/($K$2+D17)))*(14.696/760)),EXP(B17-C17/($L$2))) -> 0.68472065
A18: Hexane | B18: 6.878 | C18: 1171.5 | D18: 224.37 | E18: 86.18 | F18: 5.47 | G18: Table 7.1-3 | I18: Single-component stocks | K18: =IF(I18=$I$3,(10^(B18-(C18/($K$2+D18)))*(14.696/760)),EXP(B18-C18/($L$2))) -> 2.3465271
A19: Isopentane | B19: 6.79 | C19: 1020 | D19: 233.1 | E19: 72.15 | F19: 5.18 | G19: Table 7.1-3 | I19: Single-component stocks | K19: =IF(I19=$I$3,(10^(B19-(C19/($K$2+D19)))*(14.696/760)),EXP(B19-C19/($L$2))) -> 11.126483
A20: Methacrylonitrile | B20: 6.999 | C20: 1353.6 | D20: 238.03 | E20: 67.09 | F20: 6.68 | G20: Table 7.1-3 | I20: Single-component stocks | K20: =IF(I20=$I$3,(10^(B20-(C20/($K$2+D20)))*(14.696/760)),EXP(B20-C20/($L$2))) -> 1.095176
A21: Methyl isobutyl ketone | B21: 6.828 | C21: 1254.1 | D21: 201.61 | E21: 100.16 | F21: 6.65 | G21: Table 7.1-3 | I21: Single-component stocks | K21: =IF(I21=$I$3,(10^(B21-(C21/($K$2+D21)))*(14.696/760)),EXP(B21-C21/($L$2))) -> 0.28532833
A22: Methylene chloride | B22: 7.412 | C22: 1327 | D22: 252.68 | E22: 84.93 | F22: 11.07 | G22: Table 7.1-3 | I22: Single-component stocks | K22: =IF(I22=$I$3,(10^(B22-(C22/($K$2+D22)))*(14.696/760)),EXP(B22-C22/($L$2))) -> 6.7900873
A23: Pentane | B23: 6.864 | C23: 1070.6 | D23: 232.7 | E23: 72.15 | F23: 5.23 | G23: Table 7.1-3 | I23: Single-component stocks | K23: =IF(I23=$I$3,(10^(B23-(C23/($K$2+D23)))*(14.696/760)),EXP(B23-C23/($L$2))) -> 8.1986304
A24: Toluene | B24: 7.017 | C24: 1377.6 | D24: 222.64 | E24: 92.14 | F24: 7.24 | G24: Table 7.1-3 | I24: Single-component stocks | K24: =IF(I24=$I$3,(10^(B24-(C24/($K$2+D24)))*(14.696/760)),EXP(B24-C24/($L$2))) -> 0.42251153
A25: 1,1,1,-trichloroethane | B25: 8.761 | C25: 2210.2 | D25: 308.05 | E25: 133.4 | F25: 11.18 | G25: Table 7.1-3 | I25: Single-component stocks | K25: =IF(I25=$I$3,(10^(B25-(C25/($K$2+D25)))*(14.696/760)),EXP(B25-C25/($L$2))) -> 2.0417283
A26: Trichloroethylene | B26: 6.429 | C26: 974.5 | D26: 187.34 | E26: 131.39 | F26: 12.22 | G26: Table 7.1-3 | I26: Single-component stocks | K26: =IF(I26=$I$3,(10^(B26-(C26/($K$2+D26)))*(14.696/760)),EXP(B26-C26/($L$2))) -> 1.0360385
A27: Vinyl acetate | B27: 7.215 | C27: 1299.1 | D27: 226.97 | E27: 86.09 | F27: 7.78 | G27: Table 7.1-3 | I27: Single-component stocks | K27: =IF(I27=$I$3,(10^(B27-(C27/($K$2+D27)))*(14.696/760)),EXP(B27-C27/($L$2))) -> 1.7427396
A28: O-xylene | B28: 6.999 | C28: 1474.7 | D28: 213.69 | E28: 106.17 | F28: 7.35 | G28: Table 7.1-3 | I28: Single-component stocks | K28: =IF(I28=$I$3,(10^(B28-(C28/($K$2+D28)))*(14.696/760)),EXP(B28-C28/($L$2))) -> 0.094381905
A45: .. | B45: .

Sheet Loading Loss
A1: Commodities | B1: Saturation Factor (S) | C1: Saturation Factor (S) | D1: True Vapor Pressure (P) | E1: Molecular Weight | F1: Temperature | G1: Density | H1: Loading Loss (ships) | I1: Loading Loss (Barges)
B2: ships | C2: barges | D2: psia | E2: lb/lb-mole | F2: °R | G2: lb/gal | H2: lb/1000 gal | I2: lb/1000 gal
A3: Acetone | B3: 0.2 | C3: 0.5 | D3: =VLOOKUP($A3,DataProp,11,FALSE) -> 3.5712755 | E3: =VLOOKUP($A3,DataProp,5,FALSE) -> 58.08 | F3: ='Pvap Calcs'!$L$2 -> 527.67 | G3: =VLOOKUP($A3,DataProp,6,FALSE) -> 6.55 | H3: =12.46*B3*$D3*$E3/$F3 -> 0.97957027 | I3: =12.46*C3*$D3*$E3/$F3 -> 2.4489257
A4: Benzene | B4: 0.2 | C4: 0.5 | D4: =VLOOKUP($A4,DataProp,11,FALSE) -> 1.4558175 | E4: =VLOOKUP($A4,DataProp,5,FALSE) -> 78.11 | F4: ='Pvap Calcs'!$L$2 -> 527.67 | G4: =VLOOKUP($A4,DataProp,6,FALSE) -> 7.32 | H4: =12.46*B4*$D4*$E4/$F4 -> 0.53703081 | I4: =12.46*C4*$D4*$E4/$F4 -> 1.342577
A5: Chloroform | B5: 0.2 | C5: 0.5 | D5: =VLOOKUP($A5,DataProp,11,FALSE) -> 3.0200354 | E5: =VLOOKUP($A5,DataProp,5,FALSE) -> 119.38 | F5: ='Pvap Calcs'!$L$2 -> 527.67 | G5: =VLOOKUP($A5,DataProp,6,FALSE) -> 12.38 | H5: =12.46*B5*$D5*$E5/$F5 -> 1.7026651 | I5: =12.46*C5*$D5*$E5/$F5 -> 4.2566629
A6: Cyclohexane | B6: 0.2 | C6: 0.5 | D6: =VLOOKUP($A6,DataProp,11,FALSE) -> 1.4991863 | E6: =VLOOKUP($A6,DataProp,5,FALSE) -> 84.16 | F6: ='Pvap Calcs'!$L$2 -> 527.67 | G6: =VLOOKUP($A6,DataProp,6,FALSE) -> 6.46 | H6: =12.46*B6*$D6*$E6/$F6 -> 0.59586377 | I6: =12.46*C6*$D6*$E6/$F6 -> 1.4896594
A7: Diethylamine | B7: 0.2 | C7: 0.5 | D7: =VLOOKUP($A7,DataProp,11,FALSE) -> 3.4114366 | E7: =VLOOKUP($A7,DataProp,5,FALSE) -> 73.14 | F7: ='Pvap Calcs'!$L$2 -> 527.67 | G7: =VLOOKUP($A7,DataProp,6,FALSE) -> 5.89 | H7: =12.46*B7*$D7*$E7/$F7 -> 1.1783597 | I7: =12.46*C7*$D7*$E7/$F7 -> 2.9458993
A8: Ethyl acetate | B8: 0.2 | C8: 0.5 | D8: =VLOOKUP($A8,DataProp,11,FALSE) -> 1.4271582 | E8: =VLOOKUP($A8,DataProp,5,FALSE) -> 88.11 | F8: ='Pvap Calcs'!$L$2 -> 527.67 | G8: =VLOOKUP($A8,DataProp,6,FALSE) -> 7.51 | H8: =12.46*B8*$D8*$E8/$F8 -> 0.59385847 | I8: =12.46*C8*$D8*$E8/$F8 -> 1.4846462
A9: Ethyl alcohol | B9: 0.2 | C9: 0.5 | D9: =VLOOKUP($A9,DataProp,11,FALSE) -> 0.85107923 | E9: =VLOOKUP($A9,DataProp,5,FALSE) -> 46.07 | F9: ='Pvap Calcs'!$L$2 -> 527.67 | G9: =VLOOKUP($A9,DataProp,6,FALSE) -> 6.59 | H9: =12.46*B9*$D9*$E9/$F9 -> 0.18517137 | I9: =12.46*C9*$D9*$E9/$F9 -> 0.46292842
A10: Ethyl benzene | B10: 0.2 | C10: 0.5 | D10: =VLOOKUP($A10,DataProp,11,FALSE) -> 0.13638174 | E10: =VLOOKUP($A10,DataProp,5,FALSE) -> 106.17 | F10: ='Pvap Calcs'!$L$2 -> 527.67 | G10: =VLOOKUP($A10,DataProp,6,FALSE) -> 7.24 | H10: =12.46*B10*$D10*$E10/$F10 -> 0.068382294 | I10: =12.46*C10*$D10*$E10/$F10 -> 0.17095574
A11: Heptane | B11: 0.2 | C11: 0.5 | D11: =VLOOKUP($A11,DataProp,11,FALSE) -> 0.68472065 | E11: =VLOOKUP($A11,DataProp,5,FALSE) -> 100.2 | F11: ='Pvap Calcs'!$L$2 -> 527.67 | G11: =VLOOKUP($A11,DataProp,6,FALSE) -> 5.71 | H11: =12.46*B11*$D11*$E11/$F11 -> 0.32401624 | I11: =12.46*C11*$D11*$E11/$F11 -> 0.81004061
A12: Hexane | B12: 0.2 | C12: 0.5 | D12: =VLOOKUP($A12,DataProp,11,FALSE) -> 2.3465271 | E12: =VLOOKUP($A12,DataProp,5,FALSE) -> 86.18 | F12: ='Pvap Calcs'!$L$2 -> 527.67 | G12: =VLOOKUP($A12,DataProp,6,FALSE) -> 5.47 | H12: =12.46*B12*$D12*$E12/$F12 -> 0.9550315 | I12: =12.46*C12*$D12*$E12/$F12 -> 2.3875788
A13: Methacrylonitrile | B13: 0.2 | C13: 0.5 | D13: =VLOOKUP($A13,DataProp,11,FALSE) -> 1.095176 | E13: =VLOOKUP($A13,DataProp,5,FALSE) -> 67.09 | F13: ='Pvap Calcs'!$L$2 -> 527.67 | G13: =VLOOKUP($A13,DataProp,6,FALSE) -> 6.68 | H13: =12.46*B13*$D13*$E13/$F13 -> 0.34699829 | I13: =12.46*C13*$D13*$E13/$F13 -> 0.86749573
A14: Methyl isobutyl ketone | B14: 0.2 | C14: 0.5 | D14: =VLOOKUP($A14,DataProp,11,FALSE) -> 0.28532833 | E14: =VLOOKUP($A14,DataProp,5,FALSE) -> 100.16 | F14: ='Pvap Calcs'!$L$2 -> 527.67 | G14: =VLOOKUP($A14,DataProp,6,FALSE) -> 6.65 | H14: =12.46*B14*$D14*$E14/$F14 -> 0.13496615 | I14: =12.46*C14*$D14*$E14/$F14 -> 0.33741536
... A20: O-xylene | B20: 0.2 | C20: 0.5 | D20: =VLOOKUP($A20,DataProp,11,FALSE) -> 0.094381905 | E20: =VLOOKUP($A20,DataProp,5,FALSE) -> 106.17 | F20: ='Pvap Calcs'!$L$2 -> 527.67 | G20: =VLOOKUP($A20,DataProp,6,FALSE) -> 7.35 | H20: =12.46*B20*$D20*$E20/$F20 -> 0.047323427 | I20: =12.46*C20*$D20*$E20/$F20 -> 0.11830857

Sheet AP-42
