Workbook
Name degR_degF: [1]Truck_leaks!$K$5
Name psi_atm: [1]Truck_leaks!$K$4
Name R__ideal_gas_constant: [1]Truck_leaks!$K$6

Sheet Gasoline MP
A1: Loading Threshold (1000 gal/yr) | B1: Gasoline
B2: Loading Loss (TPY) | C2: Emissions | L2: Number of Facilities Greater than Threshold
C3: Benzene (TPY) | D3: Hexane (TPY) | E3: Toluene (TPY) | F3: Xylene (TPY) | G3: Ethylbenzene (TPY) | H3: 2,2,4-Trimethyl-pentane (isooctane) (TPY) | I3: Cumene (TPY) | J3: Naphthalene (TPY) | K3: Total HAP (TPY)
A4: Typical MTVLO Facility
A5: Barges
A6: 5000000 | B6: =A6*'Loading Loss'!$C$24/2000 -> 8500 | C6: =$B6*'Fuel Composition'!$J$6/100 -> 67.721706 | D6: =$B6*'Fuel Composition'!$J$7/100 -> 67.981745 | E6: =$B6*'Fuel Composition'!$J$8/100 -> 88.186679 | F6: =$B6*'Fuel Composition'!$J$9/100 -> 26.15689 | G6: =$B6*'Fuel Composition'!$J$10/100 -> 6.363477 | H6: =$B6*'Fuel Composition'!$J$11/100 -> 23.758003 | I6: =$B6*'Fuel Composition'!$J$12/100 -> 0.35517806 | J6: =$B6*'Fuel Composition'!$J$13/100 -> 0.044907852 | K6: =SUM(C6:J6) -> 280.56859 | L6: 2
A7: 1000000 | B7: =A7*'Loading Loss'!$C$24/2000 -> 1700 | C7: =$B7*'Fuel Composition'!$J$6/100 -> 13.544341 | D7: =$B7*'Fuel Composition'!$J$7/100 -> 13.596349 | E7: =$B7*'Fuel Composition'!$J$8/100 -> 17.637336 | F7: =$B7*'Fuel Composition'!$J$9/100 -> 5.2313779 | G7: =$B7*'Fuel Composition'!$J$10/100 -> 1.2726954 | H7: =$B7*'Fuel Composition'!$J$11/100 -> 4.7516007 | I7: =$B7*'Fuel Composition'!$J$12/100 -> 0.071035612 | J7: =$B7*'Fuel Composition'!$J$13/100 -> 0.0089815704 | K7: =SUM(C7:J7) -> 56.113717 | L7: 17
A8: 500000 | B8: =A8*'Loading Loss'!$C$24/2000 -> 850 | C8: =$B8*'Fuel Composition'!$J$6/100 -> 6.7721706 | D8: =$B8*'Fuel Composition'!$J$7/100 -> 6.7981745 | E8: =$B8*'Fuel Composition'!$J$8/100 -> 8.8186679 | F8: =$B8*'Fuel Composition'!$J$9/100 -> 2.615689 | G8: =$B8*'Fuel Composition'!$J$10/100 -> 0.6363477 | H8: =$B8*'Fuel Composition'!$J$11/100 -> 2.3758003 | I8: =$B8*'Fuel Composition'!$J$12/100 -> 0.035517806 | J8: =$B8*'Fuel Composition'!$J$13/100 -> 0.0044907852 | K8: =SUM(C8:J8) -> 28.056859 | L8: 22
A9: 100000 | B9: =A9*'Loading Loss'!$C$24/2000 -> 170 | C9: =$B9*'Fuel Composition'!$J$6/100 -> 1.3544341 | D9: =$B9*'Fuel Composition'!$J$7/100 -> 1.3596349 | E9: =$B9*'Fuel Composition'!$J$8/100 -> 1.7637336 | F9: =$B9*'Fuel Composition'!$J$9/100 -> 0.52313779 | G9: =$B9*'Fuel Composition'!$J$10/100 -> 0.12726954 | H9: =$B9*'Fuel Composition'!$J$11/100 -> 0.47516007 | I9: =$B9*'Fuel Composition'!$J$12/100 -> 0.0071035612 | J9: =$B9*'Fuel Composition'!$J$13/100 -> 0.00089815704 | K9: =SUM(C9:J9) -> 5.6113717 | L9: 41
A10: Ships
A11: 5000000 | B11: =A11*'Loading Loss'!$B$24/2000 -> 4500 | C11: =$B11*'Fuel Composition'!$J$6/100 -> 35.852668 | D11: =$B11*'Fuel Composition'!$J$7/100 -> 35.990336 | E11: =$B11*'Fuel Composition'!$J$8/100 -> 46.687065 | F11: =$B11*'Fuel Composition'!$J$9/100 -> 13.847765 | G11: =$B11*'Fuel Composition'!$J$10/100 -> 3.3688996 | H11: =$B11*'Fuel Composition'!$J$11/100 -> 12.577766 | I11: =$B11*'Fuel Composition'!$J$12/100 -> 0.18803544 | J11: =$B11*'Fuel Composition'!$J$13/100 -> 0.023774745 | K11: =SUM(C11:J11) -> 148.53631 | L11: 2
A12: 1000000 | B12: =A12*'Loading Loss'!$B$24/2000 -> 900 | C12: =$B12*'Fuel Composition'!$J$6/100 -> 7.1705336 | D12: =$B12*'Fuel Composition'!$J$7/100 -> 7.1980671 | E12: =$B12*'Fuel Composition'!$J$8/100 -> 9.3374131 | F12: =$B12*'Fuel Composition'!$J$9/100 -> 2.769553 | G12: =$B12*'Fuel Composition'!$J$10/100 -> 0.67377992 | H12: =$B12*'Fuel Composition'!$J$11/100 -> 2.5155533 | I12: =$B12*'Fuel Composition'!$J$12/100 -> 0.037607089 | J12: =$B12*'Fuel Composition'!$J$13/100 -> 0.004754949 | K12: =SUM(C12:J12) -> 29.707262 | L12: 17
A13: 500000 | B13: =A13*'Loading Loss'!$B$24/2000 -> 450 | C13: =$B13*'Fuel Composition'!$J$6/100 -> 3.5852668 | D13: =$B13*'Fuel Composition'!$J$7/100 -> 3.5990336 | E13: =$B13*'Fuel Composition'!$J$8/100 -> 4.6687065 | F13: =$B13*'Fuel Composition'!$J$9/100 -> 1.3847765 | G13: =$B13*'Fuel Composition'!$J$10/100 -> 0.33688996 | H13: =$B13*'Fuel Composition'!$J$11/100 -> 1.2577766 | I13: =$B13*'Fuel Composition'!$J$12/100 -> 0.018803544 | J13: =$B13*'Fuel Composition'!$J$13/100 -> 0.0023774745 | K13: =SUM(C13:J13) -> 14.853631 | L13: 22
A14: 100000 | B14: =A14*'Loading Loss'!$B$24/2000 -> 90 | C14: =$B14*'Fuel Composition'!$J$6/100 -> 0.71705336 | D14: =$B14*'Fuel Composition'!$J$7/100 -> 0.71980671 | E14: =$B14*'Fuel Composition'!$J$8/100 -> 0.93374131 | F14: =$B14*'Fuel Composition'!$J$9/100 -> 0.2769553 | G14: =$B14*'Fuel Composition'!$J$10/100 -> 0.067377992 | H14: =$B14*'Fuel Composition'!$J$11/100 -> 0.25155533 | I14: =$B14*'Fuel Composition'!$J$12/100 -> 0.0037607089 | J14: =$B14*'Fuel Composition'!$J$13/100 -> 0.0004754949 | K14: =SUM(C14:J14) -> 2.9707262 | L14: 41
B19: Carbon Adsorber | I19: Recuperative Oxidizer
B20: Costs (2021 dollars) | F20: Cost Effectiveness ($/ton) | I20: Costs (2021 dollars) | L20: Cost Effectiveness ($/ton)
B21: Capital (TCI) | C21: Annual Costs | D21: Solvent Recovery Credit | E21: Total Annual Cost (TAC) | I21: Capital (TCI) | J21: Annual Costs | K21: Total Annual Cost (TAC)
A22: Typical MTVLO Facility | H22: Typical MTVLO Facility
A23: Barges | B23: 3058425 | C23: =112292+418458 -> 530750 | D23: 269492 | E23: 261258 | H23: Barges | I23: 946196 | J23: =122892+123686 -> 246578 | K23: 246579
A24: 5000000 | F24: =$E$23/(K6-(K6*0.03)) -> 959.97256 | H24: 5000000 | L24: =$K$23/(K6-(K6*0.03)) -> 906.0357
A25: 1000000 | F25: =$E$23/(K7-(K7*0.03)) -> 4799.8628 | H25: 1000000 | L25: =$K$23/(K7-(K7*0.03)) -> 4530.1785
A26: 500000 | F26: =$E$23/(K8-(K8*0.03)) -> 9599.7256 | H26: 500000 | L26: =$K$23/(K8-(K8*0.03)) -> 9060.357
A27: 100000 | F27: =$E$23/(K9-(K9*0.03)) -> 47998.628 | H27: 100000 | L27: =$K$23/(K9-(K9*0.03)) -> 45301.785
A28: Ships | B28: 1368100 | C28: =65216+189861 -> 255077 | D28: 142683 | E28: 112407 | H28: Ships | I28: 946368 | J28: =129356+123708 -> 253064 | K28: 253064
A29: 5000000 | F29: =$E$28/(K11-(K11*0.03)) -> 780.16954 | H29: 5000000 | L29: =$K$28/(K11-(K11*0.03)) -> 1756.4104
A30: 1000000 | F30: =$E$28/(K12-(K12*0.03)) -> 3900.8477 | H30: 1000000 | L30: =$K$28/(K12-(K12*0.03)) -> 8782.052
A31: 500000 | F31: =$E$28/(K13-(K13*0.03)) -> 7801.6954 | H31: 500000 | L31: =$K$28/(K13-(K13*0.03)) -> 17564.104
A32: 100000 | F32: =$E$28/(K14-(K14*0.03)) -> 39008.477 | H32: 100000 | L32: =$K$28/(K14-(K14*0.03)) -> 87820.52
A35: 5000 bbl/hr
A38: Tons/Yr Emissions | B38: Hours/yr | C38: Tons VOC Removed | D38: Tons HAP removed | E38: Annual Cost | F38: Cost/Ton Removed
A39: 1000 | B39: =A39*2000/'Loading Loss'!$N$24 -> 4941.1765 | C39: =A39-(A39*0.03) -> 970 | D39: =C39*SUM('Fuel Composition'!$J$6:$J$13)/100 -> 32.017827 | E39: 2345 | F39: =E39/D39 -> 73.240448
A40: 500 | B40: =A40*2000/'Loading Loss'!$N$24 -> 2470.5882 | C40: =A40-(A40*0.03) -> 485 | D40: =C40*SUM('Fuel Composition'!$J$6:$J$13)/100 -> 16.008913 | E40: 225875 | F40: =E40/D40 -> 14109.327
A41: 100 | B41: =A41*2000/'Loading Loss'!$N$24 -> 494.11765 | C41: =A41-(A41*0.03) -> 97 | D41: =C41*SUM('Fuel Composition'!$J$6:$J$13)/100 -> 3.2017827 | E41: 404789 | F41: =E41/D41 -> 126426.13
A42: 50 | B42: =A42*2000/'Loading Loss'!$N$24 -> 247.05882 | C42: =A42-(A42*0.03) -> 48.5 | D42: =C42*SUM('Fuel Composition'!$J$6:$J$13)/100 -> 1.6008913 | F42: =E42/D42 -> 0
A43: 25 | B43: =A43*2000/'Loading Loss'!$N$24 -> 123.52941 | C43: =A43-(A43*0.03) -> 24.25 | D43: =C43*SUM('Fuel Composition'!$J$6:$J$13)/100 -> 0.80044567 | F43: =E43/D43 -> 0
A44: 10 | B44: =A44*2000/'Loading Loss'!$N$24 -> 49.411765 | C44: =A44-(A44*0.03) -> 9.7 | D44: =C44*SUM('Fuel Composition'!$J$6:$J$13)/100 -> 0.32017827 | F44: =E44/D44 -> 0
A45: 5 | B45: =A45*2000/'Loading Loss'!$N$24 -> 24.705882 | C45: =A45-(A45*0.03) -> 4.85 | D45: =C45*SUM('Fuel Composition'!$J$6:$J$13)/100 -> 0.16008913 | F45: =E45/D45 -> 0
A46: 1 | B46: =A46*2000/'Loading Loss'!$N$24 -> 4.9411765 | C46: =A46-(A46*0.03) -> 0.97 | D46: =C46*SUM('Fuel Composition'!$J$6:$J$13)/100 -> 0.032017827 | F46: =E46/D46 -> 0

Sheet Crude Oil MP
A1: Loading Threshold (1000 gal/yr) | B1: Crude Oil
B2: Loading Loss (TPY) | C2: Emissions | L2: Number of Facilities Greater than Threshold
C3: Benzene (TPY) | D3: Biphenyl (TPY) | E3: Ethylbenzene (TPY) | F3: n-Hexane (TPY) | G3: Naphthalene (TPY) | H3: Phenol (TPY) | I3: Toluene (TPY) | J3: Xylene (TPY) | K3: Total HAP (TPY)
A4: Typical MTVLO Facility
A5: Uncleaned
A6: 10000000 | B6: =A6*'Loading Loss'!$H$19/2000 -> 12086.606 | C6: =$B6*'Fuel Composition'!$J$32/100 -> 39.35632 | D6: =$B6*'Fuel Composition'!$J$33/100 -> 0.013172385 | E6: =$B6*'Fuel Composition'!$J$35/100 -> 2.8743081 | F6: =$B6*'Fuel Composition'!$J$36/100 -> 350.8282 | G6: =$B6*'Fuel Composition'!$J$37/100 -> 0.046411029 | H6: =$B6*'Fuel Composition'!$J$39/100 -> 0.083415686 | I6: =$B6*'Fuel Composition'!$J$40/100 -> 22.494666 | J6: =$B6*'Fuel Composition'!$J$42/100 -> 10.854081 | K6: =SUM(C6:J6) -> 426.55057 | L6: 2
A7: 5000000 | B7: =A7*'Loading Loss'!$H$19/2000 -> 6043.3029 | C7: =$B7*'Fuel Composition'!$J$32/100 -> 19.67816 | D7: =$B7*'Fuel Composition'!$J$33/100 -> 0.0065861924 | E7: =$B7*'Fuel Composition'!$J$35/100 -> 1.437154 | F7: =$B7*'Fuel Composition'!$J$36/100 -> 175.4141 | G7: =$B7*'Fuel Composition'!$J$37/100 -> 0.023205515 | H7: =$B7*'Fuel Composition'!$J$39/100 -> 0.041707843 | I7: =$B7*'Fuel Composition'!$J$40/100 -> 11.247333 | J7: =$B7*'Fuel Composition'!$J$42/100 -> 5.4270405 | K7: =SUM(C7:J7) -> 213.27529 | L7: 6
A8: 1000000 | B8: =A8*'Loading Loss'!$H$19/2000 -> 1208.6606 | C8: =$B8*'Fuel Composition'!$J$32/100 -> 3.935632 | D8: =$B8*'Fuel Composition'!$J$33/100 -> 0.0013172385 | E8: =$B8*'Fuel Composition'!$J$35/100 -> 0.28743081 | F8: =$B8*'Fuel Composition'!$J$36/100 -> 35.08282 | G8: =$B8*'Fuel Composition'!$J$37/100 -> 0.0046411029 | H8: =$B8*'Fuel Composition'!$J$39/100 -> 0.0083415686 | I8: =$B8*'Fuel Composition'!$J$40/100 -> 2.2494666 | J8: =$B8*'Fuel Composition'!$J$42/100 -> 1.0854081 | K8: =SUM(C8:J8) -> 42.655057 | L8: 8
A9: 500000 | B9: =A9*'Loading Loss'!$H$19/2000 -> 604.33029 | C9: =$B9*'Fuel Composition'!$J$32/100 -> 1.967816 | D9: =$B9*'Fuel Composition'!$J$33/100 -> 0.00065861924 | E9: =$B9*'Fuel Composition'!$J$35/100 -> 0.1437154 | F9: =$B9*'Fuel Composition'!$J$36/100 -> 17.54141 | G9: =$B9*'Fuel Composition'!$J$37/100 -> 0.0023205515 | H9: =$B9*'Fuel Composition'!$J$39/100 -> 0.0041707843 | I9: =$B9*'Fuel Composition'!$J$40/100 -> 1.1247333 | J9: =$B9*'Fuel Composition'!$J$42/100 -> 0.54270405 | K9: =SUM(C9:J9) -> 21.327529 | L9: 13
A10: Ballasted
A11: 10000000 | B11: =A6*'Loading Loss'!$I$19/2000 -> 10086.606 | C11: =$B11*'Fuel Composition'!$J$32/100 -> 32.843934 | D11: =$B11*'Fuel Composition'!$J$33/100 -> 0.010992718 | E11: =$B11*'Fuel Composition'!$J$35/100 -> 2.3986893 | F11: =$B11*'Fuel Composition'!$J$36/100 -> 292.7758 | G11: =$B11*'Fuel Composition'!$J$37/100 -> 0.038731283 | H11: =$B11*'Fuel Composition'!$J$39/100 -> 0.06961269 | I11: =$B11*'Fuel Composition'!$J$40/100 -> 18.772419 | J11: =$B11*'Fuel Composition'!$J$42/100 -> 9.0580299 | K11: =SUM(C11:J11) -> 355.96821 | L11: 2
A12: 5000000 | B12: =A7*'Loading Loss'!$I$19/2000 -> 5043.3029 | C12: =$B12*'Fuel Composition'!$J$32/100 -> 16.421967 | D12: =$B12*'Fuel Composition'!$J$33/100 -> 0.0054963591 | E12: =$B12*'Fuel Composition'!$J$35/100 -> 1.1993447 | F12: =$B12*'Fuel Composition'!$J$36/100 -> 146.3879 | G12: =$B12*'Fuel Composition'!$J$37/100 -> 0.019365642 | H12: =$B12*'Fuel Composition'!$J$39/100 -> 0.034806345 | I12: =$B12*'Fuel Composition'!$J$40/100 -> 9.3862097 | J12: =$B12*'Fuel Composition'!$J$42/100 -> 4.529015 | K12: =SUM(C12:J12) -> 177.98411 | L12: 6
A13: 1000000 | B13: =A8*'Loading Loss'!$I$19/2000 -> 1008.6606 | C13: =$B13*'Fuel Composition'!$J$32/100 -> 3.2843934 | D13: =$B13*'Fuel Composition'!$J$33/100 -> 0.0010992718 | E13: =$B13*'Fuel Composition'!$J$35/100 -> 0.23986893 | F13: =$B13*'Fuel Composition'!$J$36/100 -> 29.27758 | G13: =$B13*'Fuel Composition'!$J$37/100 -> 0.0038731283 | H13: =$B13*'Fuel Composition'!$J$39/100 -> 0.006961269 | I13: =$B13*'Fuel Composition'!$J$40/100 -> 1.8772419 | J13: =$B13*'Fuel Composition'!$J$42/100 -> 0.90580299 | K13: =SUM(C13:J13) -> 35.596821 | L13: 8
A14: 500000 | B14: =A9*'Loading Loss'!$I$19/2000 -> 504.33029 | C14: =$B14*'Fuel Composition'!$J$32/100 -> 1.6421967 | D14: =$B14*'Fuel Composition'!$J$33/100 -> 0.00054963591 | E14: =$B14*'Fuel Composition'!$J$35/100 -> 0.11993447 | F14: =$B14*'Fuel Composition'!$J$36/100 -> 14.63879 | G14: =$B14*'Fuel Composition'!$J$37/100 -> 0.0019365642 | H14: =$B14*'Fuel Composition'!$J$39/100 -> 0.0034806345 | I14: =$B14*'Fuel Composition'!$J$40/100 -> 0.93862097 | J14: =$B14*'Fuel Composition'!$J$42/100 -> 0.4529015 | K14: =SUM(C14:J14) -> 17.798411 | L14: 13
A15: Cleaned/Gas-Freed
A16: 10000000 | B16: =A6*'Loading Loss'!$J$19/2000 -> 9436.6057 | C16: =$B16*'Fuel Composition'!$J$32/100 -> 30.727408 | D16: =$B16*'Fuel Composition'!$J$33/100 -> 0.010284327 | E16: =$B16*'Fuel Composition'!$J$35/100 -> 2.2441132 | F16: =$B16*'Fuel Composition'!$J$36/100 -> 273.90878 | G16: =$B16*'Fuel Composition'!$J$37/100 -> 0.036235366 | H16: =$B16*'Fuel Composition'!$J$39/100 -> 0.065126716 | I16: =$B16*'Fuel Composition'!$J$40/100 -> 17.562689 | J16: =$B16*'Fuel Composition'!$J$42/100 -> 8.4743133 | K16: =SUM(C16:J16) -> 333.02895 | L16: 2
A17: 5000000 | B17: =A7*'Loading Loss'!$J$19/2000 -> 4718.3029 | C17: =$B17*'Fuel Composition'!$J$32/100 -> 15.363704 | D17: =$B17*'Fuel Composition'!$J$33/100 -> 0.0051421633 | E17: =$B17*'Fuel Composition'!$J$35/100 -> 1.1220566 | F17: =$B17*'Fuel Composition'!$J$36/100 -> 136.95439 | G17: =$B17*'Fuel Composition'!$J$37/100 -> 0.018117683 | H17: =$B17*'Fuel Composition'!$J$39/100 -> 0.032563358 | I17: =$B17*'Fuel Composition'!$J$40/100 -> 8.7813445 | J17: =$B17*'Fuel Composition'!$J$42/100 -> 4.2371567 | K17: =SUM(C17:J17) -> 166.51447 | L17: 6
A18: 1000000 | B18: =A8*'Loading Loss'!$J$19/2000 -> 943.66057 | C18: =$B18*'Fuel Composition'!$J$32/100 -> 3.0727408 | D18: =$B18*'Fuel Composition'!$J$33/100 -> 0.0010284327 | E18: =$B18*'Fuel Composition'!$J$35/100 -> 0.22441132 | F18: =$B18*'Fuel Composition'!$J$36/100 -> 27.390878 | G18: =$B18*'Fuel Composition'!$J$37/100 -> 0.0036235366 | H18: =$B18*'Fuel Composition'!$J$39/100 -> 0.0065126716 | I18: =$B18*'Fuel Composition'!$J$40/100 -> 1.7562689 | J18: =$B18*'Fuel Composition'!$J$42/100 -> 0.84743133 | K18: =SUM(C18:J18) -> 33.302895 | L18: 8
A19: 500000 | B19: =A9*'Loading Loss'!$J$19/2000 -> 471.83029 | C19: =$B19*'Fuel Composition'!$J$32/100 -> 1.5363704 | D19: =$B19*'Fuel Composition'!$J$33/100 -> 0.00051421633 | E19: =$B19*'Fuel Composition'!$J$35/100 -> 0.11220566 | F19: =$B19*'Fuel Composition'!$J$36/100 -> 13.695439 | G19: =$B19*'Fuel Composition'!$J$37/100 -> 0.0018117683 | H19: =$B19*'Fuel Composition'!$J$39/100 -> 0.0032563358 | I19: =$B19*'Fuel Composition'!$J$40/100 -> 0.87813445 | J19: =$B19*'Fuel Composition'!$J$42/100 -> 0.42371567 | K19: =SUM(C19:J19) -> 16.651447 | L19: 13
B25: Carbon Adsorber | I25: Recuperative Oxidizer
B26: Costs (2021 dollars) | F26: Cost Effectiveness ($/ton) | I26: Costs (2021 dollars) | L26: Cost Effectiveness ($/ton)
B27: Capital (TCI) | C27: Annual Costs | D27: Solvent Recovery Credit | E27: Total Annual Cost (TAC) | I27: Capital (TCI) | J27: Annual Costs | K27: Total Annual Cost (TAC)
A28: Typical MTVLO Facility | H28: Typical MTVLO Facility
A29: Uncleaned | B29: 2231973 | C29: =87138+306391 -> 393529 | D29: 191606 | E29: 201923 | H29: Uncleaned | I29: 946189 | J29: =122650+123685 -> 246335 | K29: 246335
A30: 10000000 | F30: =$E$29/(K6-(K6*0.03)) -> 488.02664 | H30: 10000000 | L30: =$K$29/(K6-(K6*0.03)) -> 595.36577
A31: 5000000 | F31: =$E$29/(K7-(K7*0.03)) -> 976.05327 | H31: 5000000 | L31: =$K$29/(K7-(K7*0.03)) -> 1190.7315
A32: 1000000 | F32: =$E$29/(K8-(K8*0.03)) -> 4880.2664 | H32: 1000000 | L32: =$K$29/(K8-(K8*0.03)) -> 5953.6577
A33: 500000 | F33: =$E$29/(K9-(K9*0.03)) -> 9760.5327 | H33: 500000 | L33: =$K$29/(K9-(K9*0.03)) -> 11907.315
A34: Ballasted | B34: 1774647 | C34: =74747+244593 -> 319340 | D34: 159900 | E34: 159440 | H34: Ballasted | I34: 946251 | J34: =124963+123693 -> 248656 | K34: 248656
A35: 10000000 | F35: =$E$34/(K11-(K11*0.03)) -> 461.7579 | H35: 10000000 | L35: =$K$34/(K11-(K11*0.03)) -> 720.13843
A36: 5000000 | F36: =$E$34/(K12-(K12*0.03)) -> 923.5158 | H36: 5000000 | L36: =$K$34/(K12-(K12*0.03)) -> 1440.2769
A37: 1000000 | F37: =$E$34/(K13-(K13*0.03)) -> 4617.579 | H37: 1000000 | L37: =$K$34/(K13-(K13*0.03)) -> 7201.3843
A38: 500000 | F38: =$E$34/(K14-(K14*0.03)) -> 9235.158 | H38: 500000 | L38: =$K$34/(K14-(K14*0.03)) -> 14402.769
A39: Cleaned/Gas-Freed | B39: 1635636 | C39: =70719+225853 -> 296572 | D39: 149594 | E39: 146978 | H39: Cleaned/Gas-Freed | I39: 946271 | J39: =125715+123696 -> 249411 | K39: 249410
A40: 10000000 | F40: =$E$39/(K16-(K16*0.03)) -> 454.98661 | H40: 10000000 | L40: =$K$39/(K16-(K16*0.03)) -> 772.07616
A41: 5000000 | F41: =$E$39/(K17-(K17*0.03)) -> 909.97322 | H41: 5000000 | L41: =$K$39/(K17-(K17*0.03)) -> 1544.1523
A42: 1000000 | F42: =$E$39/(K18-(K18*0.03)) -> 4549.8661 | H42: 1000000 | L42: =$K$39/(K18-(K18*0.03)) -> 7720.7616
A43: 500000 | F43: =$E$39/(K19-(K19*0.03)) -> 9099.7322 | H43: 500000 | L43: =$K$39/(K19-(K19*0.03)) -> 15441.523

Sheet Benzene_Toluene MP
A1: Loading Threshold (1000 gal/yr) | B1: Chemicals
B2: Emissions | D2: Number of Facilites Greater than Threshold
B3: Benzene (TPY) | C3: Toluene (TPY)
A4: Typical MTVLO Facility
A5: Barges
A6: 100000 | B6: =A6*'Loading Loss'!$I$7/2000 -> 85.768211 | C6: =A6*'Loading Loss'!$I$8/2000 -> 29.970926 | D6: 9
A7: 50000 | B7: =A7*'Loading Loss'!$I$7/2000 -> 42.884105 | C7: =A7*'Loading Loss'!$I$8/2000 -> 14.985463 | D7: 15
A8: 5000 | B8: =A8*'Loading Loss'!$I$7/2000 -> 4.2884105 | C8: =A8*'Loading Loss'!$I$8/2000 -> 1.4985463 | D8: 29
A9: Ships
A10: 100000 | B10: =A10*'Loading Loss'!$H$7/2000 -> 34.307284 | C10: =A10*'Loading Loss'!$H$8/2000 -> 11.988371 | D10: 9
A11: 50000 | B11: =A11*'Loading Loss'!$H$7/2000 -> 17.153642 | C11: =A11*'Loading Loss'!$H$8/2000 -> 5.9941853 | D11: 15
A12: 5000 | B12: =A12*'Loading Loss'!$H$7/2000 -> 1.7153642 | C12: =A12*'Loading Loss'!$H$8/2000 -> 0.59941853 | D12: 29
B17: Carbon Adsorber (Benzene) | G17: Carbon Adsorber (Toluene)
B18: Costs (2021 dollars) | F18: Cost Effectiveness ($/ton) | G18: Costs (2021 dollars) | K18: Cost Effectiveness ($/ton)
B19: Capital (TCI) | C19: Annual Costs | D19: Solvent Recovery Credit | E19: Total Annual Cost (TAC) | G19: Capital (TCI) | H19: Annual Costs | I19: Solvent Recovery Credit | J19: Total Annual Cost (TAC)
A20: Typical MTVLO Facility
A21: Barges | B21: 989089 | C21: =57262+139118 -> 196380 | D21: 135965 | E21: 60415 | G21: 431507 | H21: =25743+66007 -> 91750 | I21: 47512 | J21: 44239
A22: 100000 | F22: =$E$21/(B6-(B6*0.03)) -> 726.18403 | K22: =$J$21/(C6-(C6*0.03)) -> 1521.7153
A23: 50000 | F23: =$E$21/(B7-(B7*0.03)) -> 1452.3681 | K23: =$J$21/(C7-(C7*0.03)) -> 3043.4305
A24: 5000 | F24: =$E$21/(B8-(B8*0.03)) -> 14523.681 | K24: =$J$21/(C8-(C8*0.03)) -> 30434.305
A25: Ships | B25: 514987 | C25: =30258+76620 -> 106878 | D25: 54383 | E25: 52495 | G25: 383514 | H25: =17651+60160 -> 77811 | I25: 19002 | J25: 58809
A26: 100000 | F26: =$E$25/(B10-(B10*0.03)) -> 1577.4655 | K26: =$J$25/(C10-(C10*0.03)) -> 5057.2206
A27: 50000 | F27: =$E$25/(B11-(B11*0.03)) -> 3154.931 | K27: =$J$25/(C11-(C11*0.03)) -> 10114.441
A28: 5000 | F28: =$E$25/(B12-(B12*0.03)) -> 31549.31 | K28: =$J$25/(C12-(C12*0.03)) -> 101144.41
B32: Recuperative Oxidizer (Benzene) | F32: Recuperative Oxidizer (Toluene)
B33: Costs (2021 dollars) | E33: Cost Effectiveness ($/ton) | F33: Costs (2021 dollars) | I33: Cost Effectiveness ($/ton)
B34: Capital (TCI) | C34: Annual Costs | D34: Total Annual Cost (TAC) | F34: Capital (TCI) | G34: Annual Costs | H34: Total Annual Cost (TAC)
A35: Typical MTVLO Facility
A36: Barges | B36: 946560 | C36: =136543+123731 -> 260274 | D36: 260274 | F36: 946561 | G36: =136590+123731 -> 260321 | H36: 260322
A37: 100000 | E37: =$D$36/(B6-(B6*0.03)) -> 3128.4751 | I37: =$H$36/(C6-(C6*0.03)) -> 8954.4511
A38: 50000 | E38: =$D$36/(B7-(B7*0.03)) -> 6256.9502 | I38: =$H$36/(C7-(C7*0.03)) -> 17908.902
A39: 5000 | E39: =$D$36/(B8-(B8*0.03)) -> 62569.502 | I39: =$H$36/(C8-(C8*0.03)) -> 179089.02
A40: Ships | B40: 946561 | C40: =136593+123731 -> 260324 | D40: 260325 | F40: 946562 | G40: =136612+123731 -> 260343 | H40: 260344
A41: 100000 | E41: =$D$40/(B10-(B10*0.03)) -> 7822.7203 | I41: =$H$40/(C10-(C10*0.03)) -> 22388.02
A42: 50000 | E42: =$D$40/(B11-(B11*0.03)) -> 15645.441 | I42: =$H$40/(C11-(C11*0.03)) -> 44776.039
A43: 5000 | E43: =$D$40/(B12-(B12*0.03)) -> 156454.41 | I43: =$H$40/(C12-(C12*0.03)) -> 447760.39

Sheet Alcohols MP
A1: Loading Threshold (1000 gal/yr) | B1: Alcohols
B2: Emissions | D2: Number of Facilites Greater than Threshold
B3: Methanol (TPY) | C3: Ethylene Glycol (TPY)
A4: Typical MTVLO Facility
A5: Barges
A6: 500000 | B6: =A6*'Loading Loss'!$I$9/2000 -> 175.52385 | C6: =A6*'Loading Loss'!$I$10/2000 -> 0.18696376 | D6: 16
A7: 100000 | B7: =A7*'Loading Loss'!$I$9/2000 -> 35.10477 | C7: =A7*'Loading Loss'!$I$10/2000 -> 0.037392751 | D7: 26
A8: 50000 | B8: =A8*'Loading Loss'!$I$9/2000 -> 17.552385 | C8: =A8*'Loading Loss'!$I$10/2000 -> 0.018696376 | D8: 36
A9: 5000 | B9: =A9*'Loading Loss'!$I$9/2000 -> 1.7552385 | C9: =A9*'Loading Loss'!$I$10/2000 -> 0.0018696376 | D9: 65
A10: Ships
A11: 500000 | B11: =A11*'Loading Loss'!$H$9/2000 -> 70.209539 | C11: =A11*'Loading Loss'!$H$10/2000 -> 0.074785502 | D11: 16
A12: 100000 | B12: =A12*'Loading Loss'!$H$9/2000 -> 14.041908 | C12: =A12*'Loading Loss'!$H$10/2000 -> 0.0149571 | D12: 26
A13: 50000 | B13: =A13*'Loading Loss'!$H$9/2000 -> 7.0209539 | C13: =A13*'Loading Loss'!$H$10/2000 -> 0.0074785502 | D13: 36
A14: 5000 | B14: =A14*'Loading Loss'!$H$9/2000 -> 0.70209539 | C14: =A14*'Loading Loss'!$H$10/2000 -> 0.00074785502 | D14: 65
B18: Carbon Adsorber (Methanol) | G18: Carbon Adsorber (Ethylene Glycol)
B19: Costs (2021 dollars) | F19: Cost Effectiveness ($/ton) | G19: Costs (2021 dollars) | K19: Cost Effectiveness ($/ton)
B20: Capital (TCI) | C20: Annual Costs | D20: Solvent Recovery Credit | E20: Total Annual Cost (TAC) | G20: Capital (TCI) | H20: Annual Costs | I20: Solvent Recovery Credit | J20: Total Annual Cost (TAC)
A21: Typical MTVLO Facility
A22: Barges | B22: 416205 | C22: =26578+64109 -> 90687 | D22: 55648 | E22: 35039 | G22: 362648 | H22: =12300+57805 -> 70105 | I22: 59 | J22: 70046
A23: 500000 | F23: =$E$22/(B6-(B6*0.03)) -> 205.79927 | K23: =$J$22/(C6-(C6*0.03)) -> 386237.27
A24: 100000 | F24: =$E$22/(B7-(B7*0.03)) -> 1028.9964 | K24: =$J$22/(C7-(C7*0.03)) -> 1931186.4
A25: 50000 | F25: =$E$22/(B8-(B8*0.03)) -> 2057.9927 | K25: =$J$22/(C8-(C8*0.03)) -> 3862372.7
A26: 5000 | F26: =$E$22/(B9-(B9*0.03)) -> 20579.927 | K26: =$J$22/(C9-(C9*0.03)) -> 38623727
A27: Ships | B27: 379360 | C27: =17985+59675 -> 77660 | D27: 22258 | E27: 55402 | G27: 362463 | H27: =12274+57786 -> 70060 | I27: 24 | J27: 70036
A28: 500000 | F28: =$E$27/(B11-(B11*0.03)) -> 813.50005 | K28: =$J$27/(C11-(C11*0.03)) -> 965455.33
A29: 100000 | F29: =$E$27/(B12-(B12*0.03)) -> 4067.5003 | K29: =$J$27/(C12-(C12*0.03)) -> 4827276.7
A30: 50000 | F30: =$E$27/(B13-(B13*0.03)) -> 8135.0005 | K30: =$J$27/(C13-(C13*0.03)) -> 9654553.3
A31: 5000 | F31: =$E$27/(B14-(B14*0.03)) -> 81350.005 | K31: =$J$27/(C14-(C14*0.03)) -> 96545533
B34: Recuperative Oxidizer (Methanol) | F34: Recuperative Oxidizer (Ethylene Glycol)
B35: Costs (2021 dollars) | E35: Cost Effectiveness ($/ton) | F35: Costs (2021 dollars) | I35: Cost Effectiveness ($/ton)
B36: Capital (TCI) | C36: Annual Costs | D36: Total Annual Cost (TAC) | F36: Capital (TCI) | G36: Annual Costs | H36: Total Annual Cost (TAC)
A37: Typical MTVLO Facility
A38: Barges | B38: 946546 | C38: =136001+123729 -> 259730 | D38: 259740 | F38: 946562 | G38: =136626+123732 -> 260358 | H38: 260358
A39: 500000 | E39: =$D$38/(B6-(B6*0.03)) -> 1525.5659 | I39: =$H$38/(C6-(C6*0.03)) -> 1435627.5
A40: 100000 | E40: =$D$38/(B7-(B7*0.03)) -> 7627.8295 | I40: =$H$38/(C7-(C7*0.03)) -> 7178137.5
A41: 50000 | E41: =$D$38/(B8-(B8*0.03)) -> 15255.659 | I41: =$H$38/(C8-(C8*0.03)) -> 14356275
A42: 5000 | E42: =$D$38/(B9-(B9*0.03)) -> 152556.59 | I42: =$H$38/(C9-(C9*0.03)) -> 1.4356275e+08
A43: Ships | B43: 946556 | C43: =136383+123731 -> 260114 | D43: 260113 | F43: 946562 | G43: =136626+123732 -> 260358 | H43: 260358
A44: 500000 | E44: =$D$43/(B11-(B11*0.03)) -> 3819.3917 | I44: =$H$43/(C11-(C11*0.03)) -> 3589068.8
A45: 100000 | E45: =$D$43/(B12-(B12*0.03)) -> 19096.959 | I45: =$H$43/(C12-(C12*0.03)) -> 17945344
A46: 50000 | E46: =$D$43/(B13-(B13*0.03)) -> 38193.917 | I46: =$H$43/(C13-(C13*0.03)) -> 35890688
A47: 5000 | E47: =$D$43/(B14-(B14*0.03)) -> 381939.17 | I47: =$H$43/(C14-(C14*0.03)) -> 3.5890688e+08

Sheet Naphtha MP
A1: Loading Threshold (1000 gal/yr) | B1: Naphtha
B2: Loading Loss (TPY) | C2: Emissions | I2: Number of Facilities Greater than Threshold
C3: Benzene (TPY) | D3: Hexane (TPY) | E3: Toluene (TPY) | F3: Xylene (TPY) | G3: Ethylbenzene (TPY) | H3: Total HAP (TPY)
A4: Typical MTVLO Facility
A5: Barges
A6: 500000 | B6: =A6*'Loading Loss'!$I$3/2000 -> 3858.8145 | C6: =$B6*'Fuel Composition'!$J$6/100 -> 30.744177 | D6: =$B6*'Fuel Composition'!$J$7/100 -> 30.862229 | E6: =$B6*'Fuel Composition'!$J$8/100 -> 40.034828 | F6: =$B6*'Fuel Composition'!$J$9/100 -> 11.874657 | G6: =$B6*'Fuel Composition'!$J$10/100 -> 2.8888797 | H6: =SUM(C6:G6) -> 116.40477 | I6: 5
A7: 100000 | B7: =A7*'Loading Loss'!$I$3/2000 -> 771.7629 | C7: =$B7*'Fuel Composition'!$J$6/100 -> 6.1488354 | D7: =$B7*'Fuel Composition'!$J$7/100 -> 6.1724457 | E7: =$B7*'Fuel Composition'!$J$8/100 -> 8.0069656 | F7: =$B7*'Fuel Composition'!$J$9/100 -> 2.3749314 | G7: =$B7*'Fuel Composition'!$J$10/100 -> 0.57777594 | H7: =SUM(C7:G7) -> 23.280954 | I7: 15
A8: 50000 | B8: =A8*'Loading Loss'!$I$3/2000 -> 385.88145 | C8: =$B8*'Fuel Composition'!$J$6/100 -> 3.0744177 | D8: =$B8*'Fuel Composition'!$J$7/100 -> 3.0862229 | E8: =$B8*'Fuel Composition'!$J$8/100 -> 4.0034828 | F8: =$B8*'Fuel Composition'!$J$9/100 -> 1.1874657 | G8: =$B8*'Fuel Composition'!$J$10/100 -> 0.28888797 | H8: =SUM(C8:G8) -> 11.640477 | I8: 21
A9: Ships
A10: 500000 | B10: =A10*'Loading Loss'!$H$3/2000 -> 1543.5258 | C10: =$B10*'Fuel Composition'!$J$6/100 -> 12.297671 | D10: =$B10*'Fuel Composition'!$J$7/100 -> 12.344891 | E10: =$B10*'Fuel Composition'!$J$8/100 -> 16.013931 | F10: =$B10*'Fuel Composition'!$J$9/100 -> 4.7498628 | G10: =$B10*'Fuel Composition'!$J$10/100 -> 1.1555519 | H10: =SUM(C10:G10) -> 46.561908 | I10: 5
A11: 100000 | B11: =A11*'Loading Loss'!$H$3/2000 -> 308.70516 | C11: =$B11*'Fuel Composition'!$J$6/100 -> 2.4595341 | D11: =$B11*'Fuel Composition'!$J$7/100 -> 2.4689783 | E11: =$B11*'Fuel Composition'!$J$8/100 -> 3.2027862 | F11: =$B11*'Fuel Composition'!$J$9/100 -> 0.94997257 | G11: =$B11*'Fuel Composition'!$J$10/100 -> 0.23111037 | H11: =SUM(C11:G11) -> 9.3123816 | I11: 15
A12: 50000 | B12: =A12*'Loading Loss'!$H$3/2000 -> 154.35258 | C12: =$B12*'Fuel Composition'!$J$6/100 -> 1.2297671 | D12: =$B12*'Fuel Composition'!$J$7/100 -> 1.2344891 | E12: =$B12*'Fuel Composition'!$J$8/100 -> 1.6013931 | F12: =$B12*'Fuel Composition'!$J$9/100 -> 0.47498628 | G12: =$B12*'Fuel Composition'!$J$10/100 -> 0.11555519 | H12: =SUM(C12:G12) -> 4.6561908 | I12: 21
B17: Carbon Adsorber | I17: Recuperative Oxidizer
B18: Costs (2021 dollars) | F18: Cost Effectiveness ($/ton) | I18: Costs (2021 dollars) | L18: Cost Effectiveness ($/ton)
B19: Capital (TCI) | C19: Annual Costs | D19: Solvent Recovery Credit | E19: Total Annual Cost (TAC) | I19: Capital (TCI) | J19: Annual Costs | K19: Total Annual Cost (TAC)
A20: Typical MTVLO Facility | H20: Typical MTVLO Facility
A21: Barges | B21: 85143088 | C21: =708381+11744767 -> 12453148 | D21: 1223422 | E21: 1223442 | H21: Barges | I21: 944273 | J21: =51072+123488 -> 174560 | K21: 174520
A22: 500000 | F22: =$E$21/(H6-(H6*0.03)) -> 10835.298 | H22: 500000 | L22: =$K$21/(H6-(H6*0.03)) -> 1545.6199
A23: 100000 | F23: =$E$21/(H7-(H7*0.03)) -> 54176.492 | H23: 100000 | L23: =$K$21/(H7-(H7*0.03)) -> 7728.0994
A24: 50000 | F24: =$E$21/(H8-(H8*0.03)) -> 108352.98 | H24: 50000 | L24: =$K$21/(H8-(H8*0.03)) -> 15456.199
A25: Ships | B25: 21276854 | C25: =290705+2917747 -> 3208452 | D25: 489376 | E25: 2719077 | H25: Ships | I25: 945649 | J25: =102413+123619 -> 226032 | K25: 226032
A26: 500000 | F26: =$E$25/(H10-(H10*0.03)) -> 60203.121 | H26: 500000 | L26: =$K$25/(H10-(H10*0.03)) -> 5004.5776
A27: 100000 | F27: =$E$25/(H11-(H11*0.03)) -> 301015.6 | H27: 100000 | L27: =$K$25/(H11-(H11*0.03)) -> 25022.888
A28: 50000 | F28: =$E$25/(H12-(H12*0.03)) -> 602031.21 | H28: 50000 | L28: =$K$25/(H12-(H12*0.03)) -> 50045.776

Sheet Kerosene MP
A1: Loading Threshold (1000 gal/yr) | B1: Kerosene
B2: Loading Loss (TPY) | C2: Emissions | L2: Number of Facilities Greater than Threshold
C3: Benzene (TPY) | D3: Biphenyl (TPY) | E3: Ethylbenzene (TPY) | F3: Hexane (TPY) | G3: Naphthalene (TPY) | H3: Phenol (TPY) | I3: Toluene (TPY) | J3: Xylene (TPY) | K3: Total HAP (TPY)
A4: Typical MTVLO Facility
A5: Barges
A6: 1000000 | B6: =A6*'Loading Loss'!$I$4/2000 -> 7.6506908 | C6: =$B6*'Fuel Composition'!$J$87/100 -> 0.0089841114 | D6: =$B6*'Fuel Composition'!$J$88/100 -> 6.7054807e-05 | E6: =$B6*'Fuel Composition'!$J$89/100 -> 0.026853225 | F6: =$B6*'Fuel Composition'!$J$90/100 -> 0.018127403 | G6: =$B6*'Fuel Composition'!$J$91/100 -> 0.0039538171 | H6: =$B6*'Fuel Composition'!$J$92/100 -> 0.0050614092 | I6: =$B6*'Fuel Composition'!$J$93/100 -> 0.084774241 | J6: =$B6*'Fuel Composition'!$J$94/100 -> 0.060311749 | K6: =SUM(C6:J6) -> 0.20813301 | L6: 1
A7: 500000 | B7: =A7*'Loading Loss'!$I$4/2000 -> 3.8253454 | C7: =$B7*'Fuel Composition'!$J$87/100 -> 0.0044920557 | D7: =$B7*'Fuel Composition'!$J$88/100 -> 3.3527404e-05 | E7: =$B7*'Fuel Composition'!$J$89/100 -> 0.013426612 | F7: =$B7*'Fuel Composition'!$J$90/100 -> 0.0090637017 | G7: =$B7*'Fuel Composition'!$J$91/100 -> 0.0019769085 | H7: =$B7*'Fuel Composition'!$J$92/100 -> 0.0025307046 | I7: =$B7*'Fuel Composition'!$J$93/100 -> 0.04238712 | J7: =$B7*'Fuel Composition'!$J$94/100 -> 0.030155875 | K7: =SUM(C7:J7) -> 0.10406651 | L7: 6
A8: 100000 | B8: =A8*'Loading Loss'!$I$4/2000 -> 0.76506908 | C8: =$B8*'Fuel Composition'!$J$87/100 -> 0.00089841114 | D8: =$B8*'Fuel Composition'!$J$88/100 -> 6.7054807e-06 | E8: =$B8*'Fuel Composition'!$J$89/100 -> 0.0026853225 | F8: =$B8*'Fuel Composition'!$J$90/100 -> 0.0018127403 | G8: =$B8*'Fuel Composition'!$J$91/100 -> 0.00039538171 | H8: =$B8*'Fuel Composition'!$J$92/100 -> 0.00050614092 | I8: =$B8*'Fuel Composition'!$J$93/100 -> 0.0084774241 | J8: =$B8*'Fuel Composition'!$J$94/100 -> 0.0060311749 | K8: =SUM(C8:J8) -> 0.020813301 | L8: 25
A9: Ships
A10: 1000000 | B10: =A10*'Loading Loss'!$H$4/2000 -> 3.0602763 | C10: =$B10*'Fuel Composition'!$J$87/100 -> 0.0035936445 | D10: =$B10*'Fuel Composition'!$J$88/100 -> 2.6821923e-05 | E10: =$B10*'Fuel Composition'!$J$89/100 -> 0.01074129 | F10: =$B10*'Fuel Composition'!$J$90/100 -> 0.0072509614 | G10: =$B10*'Fuel Composition'!$J$91/100 -> 0.0015815268 | H10: =$B10*'Fuel Composition'!$J$92/100 -> 0.0020245637 | I10: =$B10*'Fuel Composition'!$J$93/100 -> 0.033909696 | J10: =$B10*'Fuel Composition'!$J$94/100 -> 0.0241247 | K10: =SUM(C10:J10) -> 0.083253204 | L10: 1
A11: 500000 | B11: =A11*'Loading Loss'!$H$4/2000 -> 1.5301382 | C11: =$B11*'Fuel Composition'!$J$87/100 -> 0.0017968223 | D11: =$B11*'Fuel Composition'!$J$88/100 -> 1.3410961e-05 | E11: =$B11*'Fuel Composition'!$J$89/100 -> 0.005370645 | F11: =$B11*'Fuel Composition'!$J$90/100 -> 0.0036254807 | G11: =$B11*'Fuel Composition'!$J$91/100 -> 0.00079076342 | H11: =$B11*'Fuel Composition'!$J$92/100 -> 0.0010122818 | I11: =$B11*'Fuel Composition'!$J$93/100 -> 0.016954848 | J11: =$B11*'Fuel Composition'!$J$94/100 -> 0.01206235 | K11: =SUM(C11:J11) -> 0.041626602 | L11: 6
A12: 100000 | B12: =A12*'Loading Loss'!$H$4/2000 -> 0.30602763 | C12: =$B12*'Fuel Composition'!$J$87/100 -> 0.00035936445 | D12: =$B12*'Fuel Composition'!$J$88/100 -> 2.6821923e-06 | E12: =$B12*'Fuel Composition'!$J$89/100 -> 0.001074129 | F12: =$B12*'Fuel Composition'!$J$90/100 -> 0.00072509614 | G12: =$B12*'Fuel Composition'!$J$91/100 -> 0.00015815268 | H12: =$B12*'Fuel Composition'!$J$92/100 -> 0.00020245637 | I12: =$B12*'Fuel Composition'!$J$93/100 -> 0.0033909696 | J12: =$B12*'Fuel Composition'!$J$94/100 -> 0.00241247 | K12: =SUM(C12:J12) -> 0.0083253204 | L12: 25
B17: Carbon Adsorber | I17: Recuperative Oxidizer
B18: Costs (2021 dollars) | F18: Cost Effectiveness ($/ton) | I18: Costs (2021 dollars) | L18: Cost Effectiveness ($/ton)
B19: Capital (TCI) | C19: Annual Costs | D19: Solvent Recovery Credit | E19: Total Annual Cost (TAC) | I19: Capital (TCI) | J19: Annual Costs | K19: Total Annual Cost (TAC)
A20: Typical MTVLO Facility | H20: Typical MTVLO Facility
A21: Barges | B21: 304982 | C21: =12751+48679 -> 61430 | D21: 1212 | E21: 60219 | H21: Barges | I21: 946559 | J21: =136488+123731 -> 260219 | K21: 260219
A22: 1000000 | F22: =$E$21/(K6-(K6*0.03)) -> 298277.74 | H22: 1000000 | L22: =$K$21/(K6-(K6*0.03)) -> 1288921
A23: 500000 | F23: =$E$21/(K7-(K7*0.03)) -> 596555.47 | H23: 500000 | L23: =$K$21/(K7-(K7*0.03)) -> 2577842
A24: 100000 | F24: =$E$21/(K8-(K8*0.03)) -> 2982777.4 | H24: 100000 | L24: =$K$21/(K8-(K8*0.03)) -> 12889210
A25: Ships | B25: 303387 | C25: =12455+48512 -> 60967 | D25: 485 | E25: 60481 | H25: Ships | I25: 946561 | J25: =136571+123731 -> 260302 | K25: 260303
A26: 1000000 | F26: =$E$25/(K10-(K10*0.03)) -> 748938.7 | H26: 1000000 | L26: =$K$25/(K10-(K10*0.03)) -> 3223342.7
A27: 500000 | F27: =$E$25/(K11-(K11*0.03)) -> 1497877.4 | H27: 500000 | L27: =$K$25/(K11-(K11*0.03)) -> 6446685.4
A28: 100000 | F28: =$E$25/(K12-(K12*0.03)) -> 7489387 | H28: 100000 | L28: =$K$25/(K12-(K12*0.03)) -> 32233427

Sheet Distillate MP
A1: Loading Threshold (1000 gal/yr) | B1: Distillate Fuel Oil (No. 2)
B2: Loading Loss (TPY) | C2: Emissions | M2: Number of Facilities Greater than Threshold
C3: Benzene (TPY) | D3: Biphenyl (TPY) | E3: Ethylbenzene (TPY) | F3: Hexane (TPY) | G3: Naphthalene (TPY) | H3: Phenol (TPY) | I3: Styrene (TPY) | J3: Toluene (TPY) | K3: Xylene (TPY) | L3: Total HAP (TPY)
A4: Typical MTVLO Facility
A5: Barges
A6: 5000000 | B6: =A6*'Loading Loss'!$I$5/2000 -> 33.294673 | C6: =$B6*'Fuel Composition'!$J$110/100 -> 0.0017851486 | D6: =$B6*'Fuel Composition'!$J$111/100 -> 5.5515969e-05 | E6: =$B6*'Fuel Composition'!$J$112/100 -> 0.0027308971 | F6: =$B6*'Fuel Composition'!$J$113/100 -> 3.6019265 | G6: =$B6*'Fuel Composition'!$J$114/100 -> 0.0029474371 | H6: =$B6*'Fuel Composition'!$J$115/100 -> 0.00041795541 | I6: =$B6*'Fuel Composition'!$J$116/100 -> 0.0043065484 | J6: =$B6*'Fuel Composition'!$J$117/100 -> 0.020731933 | K6: =$B6*'Fuel Composition'!$J$118/100 -> 0.0056054113 | L6: =SUM(C6:J6) -> 3.634902 | M6: 1
A7: 1000000 | B7: =A7*'Loading Loss'!$I$5/2000 -> 6.6589346 | C7: =$B7*'Fuel Composition'!$J$110/100 -> 0.00035702972 | D7: =$B7*'Fuel Composition'!$J$111/100 -> 1.1103194e-05 | E7: =$B7*'Fuel Composition'!$J$112/100 -> 0.00054617942 | F7: =$B7*'Fuel Composition'!$J$113/100 -> 0.72038531 | G7: =$B7*'Fuel Composition'!$J$114/100 -> 0.00058948742 | H7: =$B7*'Fuel Composition'!$J$115/100 -> 8.3591082e-05 | I7: =$B7*'Fuel Composition'!$J$116/100 -> 0.00086130968 | J7: =$B7*'Fuel Composition'!$J$117/100 -> 0.0041463866 | K7: =$B7*'Fuel Composition'!$J$118/100 -> 0.0011210823 | L7: =SUM(C7:J7) -> 0.7269804 | M7: 13
A8: 500000 | B8: =A8*'Loading Loss'!$I$5/2000 -> 3.3294673 | C8: =$B8*'Fuel Composition'!$J$110/100 -> 0.00017851486 | D8: =$B8*'Fuel Composition'!$J$111/100 -> 5.5515969e-06 | E8: =$B8*'Fuel Composition'!$J$112/100 -> 0.00027308971 | F8: =$B8*'Fuel Composition'!$J$113/100 -> 0.36019265 | G8: =$B8*'Fuel Composition'!$J$114/100 -> 0.00029474371 | H8: =$B8*'Fuel Composition'!$J$115/100 -> 4.1795541e-05 | I8: =$B8*'Fuel Composition'!$J$116/100 -> 0.00043065484 | J8: =$B8*'Fuel Composition'!$J$117/100 -> 0.0020731933 | K8: =$B8*'Fuel Composition'!$J$118/100 -> 0.00056054113 | L8: =SUM(C8:J8) -> 0.3634902 | M8: 20
A9: Ships
A10: 5000000 | B10: =A10*'Loading Loss'!$H$5/2000 -> 13.317869 | C10: =$B10*'Fuel Composition'!$J$110/100 -> 0.00071405945 | D10: =$B10*'Fuel Composition'!$J$111/100 -> 2.2206388e-05 | E10: =$B10*'Fuel Composition'!$J$112/100 -> 0.0010923588 | F10: =$B10*'Fuel Composition'!$J$113/100 -> 1.4407706 | G10: =$B10*'Fuel Composition'!$J$114/100 -> 0.0011789748 | H10: =$B10*'Fuel Composition'!$J$115/100 -> 0.00016718216 | I10: =$B10*'Fuel Composition'!$J$116/100 -> 0.0017226194 | J10: =$B10*'Fuel Composition'!$J$117/100 -> 0.0082927731 | K10: =$B10*'Fuel Composition'!$J$118/100 -> 0.0022421645 | L10: =SUM(C10:J10) -> 1.4539608 | M10: 1
A11: 1000000 | B11: =A11*'Loading Loss'!$H$5/2000 -> 2.6635738 | C11: =$B11*'Fuel Composition'!$J$110/100 -> 0.00014281189 | D11: =$B11*'Fuel Composition'!$J$111/100 -> 4.4412776e-06 | E11: =$B11*'Fuel Composition'!$J$112/100 -> 0.00021847177 | F11: =$B11*'Fuel Composition'!$J$113/100 -> 0.28815412 | G11: =$B11*'Fuel Composition'!$J$114/100 -> 0.00023579497 | H11: =$B11*'Fuel Composition'!$J$115/100 -> 3.3436433e-05 | I11: =$B11*'Fuel Composition'!$J$116/100 -> 0.00034452387 | J11: =$B11*'Fuel Composition'!$J$117/100 -> 0.0016585546 | K11: =$B11*'Fuel Composition'!$J$118/100 -> 0.00044843291 | L11: =SUM(C11:J11) -> 0.29079216 | M11: 13
A12: 500000 | B12: =A12*'Loading Loss'!$H$5/2000 -> 1.3317869 | C12: =$B12*'Fuel Composition'!$J$110/100 -> 7.1405945e-05 | D12: =$B12*'Fuel Composition'!$J$111/100 -> 2.2206388e-06 | E12: =$B12*'Fuel Composition'!$J$112/100 -> 0.00010923588 | F12: =$B12*'Fuel Composition'!$J$113/100 -> 0.14407706 | G12: =$B12*'Fuel Composition'!$J$114/100 -> 0.00011789748 | H12: =$B12*'Fuel Composition'!$J$115/100 -> 1.6718216e-05 | I12: =$B12*'Fuel Composition'!$J$116/100 -> 0.00017226194 | J12: =$B12*'Fuel Composition'!$J$117/100 -> 0.00082927731 | K12: =$B12*'Fuel Composition'!$J$118/100 -> 0.00022421645 | L12: =SUM(C12:J12) -> 0.14539608 | M12: 20
B19: Carbon Adsorber | I19: Recuperative Oxidizer
B20: Costs (2021 dollars) | F20: Cost Effectiveness ($/ton) | I20: Costs (2021 dollars) | L20: Cost Effectiveness ($/ton)
B21: Capital (TCI) | C21: Annual Costs | D21: Solvent Recovery Credit | E21: Total Annual Cost (TAC) | I21: Capital (TCI) | J21: Annual Costs | K21: Total Annual Cost (TAC)
A22: Typical MTVLO Facility | H22: Typical MTVLO Facility
A23: Barges | B23: 366104 | C23: =12830+58177 -> 71007 | D23: 1052 | E23: 69952 | H23: Barges | I23: 946560 | J23: =136556+123731 -> 260287 | K23: 260287
A24: 1000000 | F24: =$E$23/(L6-(L6*0.03)) -> 19839.727 | H24: 1000000 | L24: =$K$23/(L6-(L6*0.03)) -> 73822.379
A25: 500000 | F25: =$E$23/(L7-(L7*0.03)) -> 99198.636 | H25: 500000 | L25: =$K$23/(L7-(L7*0.03)) -> 369111.9
A26: 100000 | F26: =$E$23/(L8-(L8*0.03)) -> 198397.27 | H26: 100000 | L26: =$K$23/(L8-(L8*0.03)) -> 738223.79
A27: Ships | B27: 363797 | C27: =12486+57928 -> 70414 | D27: 422 | E27: 69991 | H27: Ships | I27: 946562 | J27: =136598+123731 -> 260329 | K27: 260329
A28: 1000000 | F28: =$E$27/(L10-(L10*0.03)) -> 49626.971 | H28: 1000000 | L28: =$K$27/(L10-(L10*0.03)) -> 184585.73
A29: 500000 | F29: =$E$27/(L11-(L11*0.03)) -> 248134.85 | H29: 500000 | L29: =$K$27/(L11-(L11*0.03)) -> 922928.64
A30: 100000 | F30: =$E$27/(L12-(L12*0.03)) -> 496269.71 | H30: 100000 | L30: =$K$27/(L12-(L12*0.03)) -> 1845857.3

Sheet Residual MP
A1: Loading Threshold (1000 gal/yr) | B1: Residual Fuel Oil (No. 6)
B2: Loading Loss (TPY) | C2: Emissions | J2: Number of Facilities Greater than Threshold
C3: Benzene (TPY) | D3: Ethylbenzene (TPY) | E3: Chlorine (TPY) | F3: Naphthalene (TPY) | G3: Toluene (TPY) | H3: Xylene (TPY) | I3: Total HAP (TPY)
A4: Typical MTVLO Facility
A5: Barges
A6: 1000000 | B6: =A6*'Loading Loss'!$I$6/2000 -> 4.5691625 | C6: =$B6*'Fuel Composition'!$J$135/100 -> 0.00089176772 | D6: =$B6*'Fuel Composition'!$J$136/100 -> 0.00018469367 | E6: =$B6*'Fuel Composition'!$J$137/100 -> 0.78473929 | F6: =$B6*'Fuel Composition'!$J$138/100 -> 0.00021416535 | G6: =$B6*'Fuel Composition'!$J$139/100 -> 0.0015534899 | H6: =$B6*'Fuel Composition'!$J$140/100 -> 0.0010042 | I6: =SUM(C6:H6) -> 0.78858761 | J6: 1
A7: 500000 | B7: =A7*'Loading Loss'!$I$6/2000 -> 2.2845813 | C7: =$B7*'Fuel Composition'!$J$135/100 -> 0.00044588386 | D7: =$B7*'Fuel Composition'!$J$136/100 -> 9.2346837e-05 | E7: =$B7*'Fuel Composition'!$J$137/100 -> 0.39236964 | F7: =$B7*'Fuel Composition'!$J$138/100 -> 0.00010708268 | G7: =$B7*'Fuel Composition'!$J$139/100 -> 0.00077674493 | H7: =$B7*'Fuel Composition'!$J$140/100 -> 0.00050209998 | I7: =SUM(C7:H7) -> 0.3942938 | J7: 4
A8: 100000 | B8: =A8*'Loading Loss'!$I$6/2000 -> 0.45691625 | C8: =$B8*'Fuel Composition'!$J$135/100 -> 8.9176772e-05 | D8: =$B8*'Fuel Composition'!$J$136/100 -> 1.8469367e-05 | E8: =$B8*'Fuel Composition'!$J$137/100 -> 0.078473929 | F8: =$B8*'Fuel Composition'!$J$138/100 -> 2.1416535e-05 | G8: =$B8*'Fuel Composition'!$J$139/100 -> 0.00015534899 | H8: =$B8*'Fuel Composition'!$J$140/100 -> 0.00010042 | I8: =SUM(C8:H8) -> 0.078858761 | J8: 25
A9: Ships
A10: 1000000 | B10: =A10*'Loading Loss'!$H$6/2000 -> 1.827665 | C10: =$B10*'Fuel Composition'!$J$135/100 -> 0.00035670709 | D10: =$B10*'Fuel Composition'!$J$136/100 -> 7.387747e-05 | E10: =$B10*'Fuel Composition'!$J$137/100 -> 0.31389572 | F10: =$B10*'Fuel Composition'!$J$138/100 -> 8.5666141e-05 | G10: =$B10*'Fuel Composition'!$J$139/100 -> 0.00062139594 | H10: =$B10*'Fuel Composition'!$J$140/100 -> 0.00040167998 | I10: =SUM(C10:H10) -> 0.31543504 | J10: 1
A11: 500000 | B11: =A11*'Loading Loss'!$H$6/2000 -> 0.91383251 | C11: =$B11*'Fuel Composition'!$J$135/100 -> 0.00017835354 | D11: =$B11*'Fuel Composition'!$J$136/100 -> 3.6938735e-05 | E11: =$B11*'Fuel Composition'!$J$137/100 -> 0.15694786 | F11: =$B11*'Fuel Composition'!$J$138/100 -> 4.2833071e-05 | G11: =$B11*'Fuel Composition'!$J$139/100 -> 0.00031069797 | H11: =$B11*'Fuel Composition'!$J$140/100 -> 0.00020083999 | I11: =SUM(C11:H11) -> 0.15771752 | J11: 4
A12: 100000 | B12: =A12*'Loading Loss'!$H$6/2000 -> 0.1827665 | C12: =$B12*'Fuel Composition'!$J$135/100 -> 3.5670709e-05 | D12: =$B12*'Fuel Composition'!$J$136/100 -> 7.387747e-06 | E12: =$B12*'Fuel Composition'!$J$137/100 -> 0.031389572 | F12: =$B12*'Fuel Composition'!$J$138/100 -> 8.5666141e-06 | G12: =$B12*'Fuel Composition'!$J$139/100 -> 6.2139594e-05 | H12: =$B12*'Fuel Composition'!$J$140/100 -> 4.0167998e-05 | I12: =SUM(C12:H12) -> 0.031543504 | J12: 25
B19: Carbon Adsorber | I19: Recuperative Oxidizer
B20: Costs (2021 dollars) | F20: Cost Effectiveness ($/ton) | I20: Costs (2021 dollars) | L20: Cost Effectiveness ($/ton)
B21: Capital (TCI) | C21: Annual Costs | D21: Solvent Recovery Credit | E21: Total Annual Cost (TAC) | I21: Capital (TCI) | J21: Annual Costs | K21: Total Annual Cost (TAC)
A22: Typical MTVLO Facility | H22: Typical MTVLO Facility
A23: Barges | B23: 364947 | C23: =12656+58052 -> 70708 | D23: 724 | E23: 69984 | H23: Barges | I23: 946561 | J23: =136586+123731 -> 260317 | K23: 260317
A24: 1000000 | F24: =$E$23/(I6-(I6*0.03)) -> 91490.727 | H24: 1000000 | L24: =$K$23/(I6-(I6*0.03)) -> 340314.81
A25: 500000 | F25: =$E$23/(I7-(I7*0.03)) -> 182981.45 | H25: 500000 | L25: =$K$23/(I7-(I7*0.03)) -> 680629.62
A26: 100000 | F26: =$E$23/(I8-(I8*0.03)) -> 914907.27 | H26: 100000 | L26: =$K$23/(I8-(I8*0.03)) -> 3403148.1
A27: Ships | B27: 363358 | C27: =12416+57881 -> 70297 | D27: 290 | E27: 70008 | H27: Ships | I27: 946562 | J27: =136609+123731 -> 260340 | K27: 260340
A28: 1000000 | F28: =$E$27/(I10-(I10*0.03)) -> 228805.26 | H28: 1000000 | L28: =$K$27/(I10-(I10*0.03)) -> 850862.2
A29: 500000 | F29: =$E$27/(I11-(I11*0.03)) -> 457610.51 | H29: 500000 | L29: =$K$27/(I11-(I11*0.03)) -> 1701724.4
A30: 100000 | F30: =$E$27/(I12-(I12*0.03)) -> 2288052.6 | H30: 100000 | L30: =$K$27/(I12-(I12*0.03)) -> 8508622

Sheet VP Costs
A1: Vapor Pressure Exemption Limit - $/Ton Removed
A2: Loading Thresholds (1000 gal/yr) | B2: Exemption < 1 psia | D2: Exemption < 0.5 psia | F2: No exemption | H2: Exemption < 1.5 psia (no change)
B3: Carbon Adsorber | C3: Recuperative Oxidizer | D3: Carbon Adsorber | E3: Recuperative Oxidizer | F3: Carbon Adsorber | G3: Recuperative Oxidizer | H3: Carbon Adsorber | I3: Recuperative Oxidizer
A4: Gasoline (No additional costs - VP exceeds current exemption threshold)
A5: Barges
A6: 5000000 | B6: ='Gasoline MP'!F24 -> 959.97256 | C6: ='Gasoline MP'!L24 -> 906.0357 | D6: =B6 -> 959.97256 | E6: =C6 -> 906.0357 | F6: =B6 -> 959.97256 | G6: =C6 -> 906.0357 | H6: =B6 -> 959.97256 | I6: =C6 -> 906.0357
A7: 1000000 | B7: ='Gasoline MP'!F25 -> 4799.8628 | C7: ='Gasoline MP'!L25 -> 4530.1785 | D7: =B7 -> 4799.8628 | E7: =C7 -> 4530.1785 | F7: =B7 -> 4799.8628 | G7: =C7 -> 4530.1785 | H7: =B7 -> 4799.8628 | I7: =C7 -> 4530.1785
A8: 500000 | B8: ='Gasoline MP'!F26 -> 9599.7256 | C8: ='Gasoline MP'!L26 -> 9060.357 | D8: =B8 -> 9599.7256 | E8: =C8 -> 9060.357 | F8: =B8 -> 9599.7256 | G8: =C8 -> 9060.357 | H8: =B8 -> 9599.7256 | I8: =C8 -> 9060.357
A9: 100000 | B9: ='Gasoline MP'!F27 -> 47998.628 | C9: ='Gasoline MP'!L27 -> 45301.785 | D9: =B9 -> 47998.628 | E9: =C9 -> 45301.785 | F9: =B9 -> 47998.628 | G9: =C9 -> 45301.785 | H9: =B9 -> 47998.628 | I9: =C9 -> 45301.785
A10: Ships
A11: 5000000 | B11: ='Gasoline MP'!F29 -> 780.16954 | C11: ='Gasoline MP'!L29 -> 1756.4104 | D11: =B11 -> 780.16954 | E11: =C11 -> 1756.4104 | F11: =B11 -> 780.16954 | G11: =C11 -> 1756.4104 | H11: =B11 -> 780.16954 | I11: =C11 -> 1756.4104
A12: 1000000 | B12: ='Gasoline MP'!F30 -> 3900.8477 | C12: ='Gasoline MP'!L30 -> 8782.052 | D12: =B12 -> 3900.8477 | E12: =C12 -> 8782.052 | F12: =B12 -> 3900.8477 | G12: =C12 -> 8782.052 | H12: =B12 -> 3900.8477 | I12: =C12 -> 8782.052
A13: 500000 | B13: ='Gasoline MP'!F31 -> 7801.6954 | C13: ='Gasoline MP'!L31 -> 17564.104 | D13: =B13 -> 7801.6954 | E13: =C13 -> 17564.104 | F13: =B13 -> 7801.6954 | G13: =C13 -> 17564.104 | H13: =B13 -> 7801.6954 | I13: =C13 -> 17564.104
A14: 100000 | B14: ='Gasoline MP'!F32 -> 39008.477 | C14: ='Gasoline MP'!L32 -> 87820.52 | D14: =B14 -> 39008.477 | E14: =C14 -> 87820.52 | F14: =B14 -> 39008.477 | G14: =C14 -> 87820.52 | H14: =B14 -> 39008.477 | I14: =C14 -> 87820.52 | K14: add in submerged fill costs
A15: Crude Oil (No additional costs - VP exceeds current exemption threshold) | K15: separate costs for the submerged fill and the controls
A16: Uncleaned
A17: 10000000 | B17: ='Crude Oil MP'!F30 -> 488.02664 | C17: ='Crude Oil MP'!L30 -> 595.36577 | D17: =B17 -> 488.02664 | E17: =C17 -> 595.36577 | F17: =B17 -> 488.02664 | G17: =C17 -> 595.36577 | H17: =B17 -> 488.02664 | I17: =C17 -> 595.36577
A18: 5000000 | B18: ='Crude Oil MP'!F31 -> 976.05327 | C18: ='Crude Oil MP'!L31 -> 1190.7315 | D18: =B18 -> 976.05327 | E18: =C18 -> 1190.7315 | F18: =B18 -> 976.05327 | G18: =C18 -> 1190.7315 | H18: =B18 -> 976.05327 | I18: =C18 -> 1190.7315
A19: 1000000 | B19: ='Crude Oil MP'!F32 -> 4880.2664 | C19: ='Crude Oil MP'!L32 -> 5953.6577 | D19: =B19 -> 4880.2664 | E19: =C19 -> 5953.6577 | F19: =B19 -> 4880.2664 | G19: =C19 -> 5953.6577 | H19: =B19 -> 4880.2664 | I19: =C19 -> 5953.6577
A20: 500000 | B20: ='Crude Oil MP'!F33 -> 9760.5327 | C20: ='Crude Oil MP'!L33 -> 11907.315 | D20: =B20 -> 9760.5327 | E20: =C20 -> 11907.315 | F20: =B20 -> 9760.5327 | G20: =C20 -> 11907.315 | H20: =B20 -> 9760.5327 | I20: =C20 -> 11907.315
A21: Ballasted
A22: 10000000 | B22: ='Crude Oil MP'!F35 -> 461.7579 | C22: ='Crude Oil MP'!L35 -> 720.13843 | D22: =B22 -> 461.7579 | E22: =C22 -> 720.13843 | F22: =B22 -> 461.7579 | G22: =C22 -> 720.13843 | H22: =B22 -> 461.7579 | I22: =C22 -> 720.13843
A23: 5000000 | B23: ='Crude Oil MP'!F36 -> 923.5158 | C23: ='Crude Oil MP'!L36 -> 1440.2769 | D23: =B23 -> 923.5158 | E23: =C23 -> 1440.2769 | F23: =B23 -> 923.5158 | G23: =C23 -> 1440.2769 | H23: =B23 -> 923.5158 | I23: =C23 -> 1440.2769
A24: 1000000 | B24: ='Crude Oil MP'!F37 -> 4617.579 | C24: ='Crude Oil MP'!L37 -> 7201.3843 | D24: =B24 -> 4617.579 | E24: =C24 -> 7201.3843 | F24: =B24 -> 4617.579 | G24: =C24 -> 7201.3843 | H24: =B24 -> 4617.579 | I24: =C24 -> 7201.3843
A25: 500000 | B25: ='Crude Oil MP'!F38 -> 9235.158 | C25: ='Crude Oil MP'!L38 -> 14402.769 | D25: =B25 -> 9235.158 | E25: =C25 -> 14402.769 | F25: =B25 -> 9235.158 | G25: =C25 -> 14402.769 | H25: =B25 -> 9235.158 | I25: =C25 -> 14402.769
A26: Cleaned/Gas-Freed
A27: 10000000 | B27: ='Crude Oil MP'!F40 -> 454.98661 | C27: ='Crude Oil MP'!L40 -> 772.07616 | D27: =B27 -> 454.98661 | E27: =C27 -> 772.07616 | F27: =B27 -> 454.98661 | G27: =C27 -> 772.07616 | H27: =B27 -> 454.98661 | I27: =C27 -> 772.07616
A28: 5000000 | B28: ='Crude Oil MP'!F41 -> 909.97322 | C28: ='Crude Oil MP'!L41 -> 1544.1523 | D28: =B28 -> 909.97322 | E28: =C28 -> 1544.1523 | F28: =B28 -> 909.97322 | G28: =C28 -> 1544.1523 | H28: =B28 -> 909.97322 | I28: =C28 -> 1544.1523
A29: 1000000 | B29: ='Crude Oil MP'!F42 -> 4549.8661 | C29: ='Crude Oil MP'!L42 -> 7720.7616 | D29: =B29 -> 4549.8661 | E29: =C29 -> 7720.7616 | F29: =B29 -> 4549.8661 | G29: =C29 -> 7720.7616 | H29: =B29 -> 4549.8661 | I29: =C29 -> 7720.7616
A30: 500000 | B30: ='Crude Oil MP'!F43 -> 9099.7322 | C30: ='Crude Oil MP'!L43 -> 15441.523 | D30: =B30 -> 9099.7322 | E30: =C30 -> 15441.523 | F30: =B30 -> 9099.7322 | G30: =C30 -> 15441.523 | H30: =B30 -> 9099.7322 | I30: =C30 -> 15441.523
A31: Benzene
A32: Barges
A33: 100000 | B33: 704.39851 | C33: 3034.6208 | D33: 704.39851 | E33: 3034.6208 | F33: 704.39851 | G33: 3034.6208 | H33: Exempt | I33: Exempt
A34: 50000 | B34: 1408.797 | C34: 17368.432 | D34: 1408.797 | E34: 17368.432 | F34: 1408.797 | G34: 17368.432 | H34: Exempt | I34: Exempt
A35: 5000 | B35: 14087.97 | C35: 173684.32 | D35: 14087.97 | E35: 173684.32 | F35: 14087.97 | G35: 173684.32 | H35: Exempt | I35: Exempt
A36: Ships
A37: 100000 | B37: 1530.1415 | C37: 7588.0387 | D37: 1530.1415 | E37: 7588.0387 | F37: 1530.1415 | G37: 7588.0387 | H37: Exempt | I37: Exempt
A38: 50000 | B38: 3060.283 | C38: 15176.077 | D38: 3060.283 | E38: 15176.077 | F38: 3060.283 | G38: 15176.077 | H38: Exempt | I38: Exempt
A39: 5000 | B39: 30602.83 | C39: 151760.77 | D39: 30602.83 | E39: 151760.77 | F39: 30602.83 | G39: 151760.77 | H39: Exempt | I39: Exempt
A40: Toluene
A41: Barges
A42: 100000 | B42: 1476.0638 | C42: 8685.8176 | D42: 1476.0638 | E42: 8685.8176 | F42: 1476.0638 | G42: 8685.8176 | H42: Exempt | I42: Exempt
A43: 50000 | B43: 2952.1276 | C43: 17371.635 | D43: 2952.1276 | E43: 17371.635 | F43: 2952.1276 | G43: 17371.635 | H43: Exempt | I43: Exempt
A44: 5000 | B44: 29521.276 | C44: 173716.35 | D44: 29521.276 | E44: 173716.35 | F44: 29521.276 | G44: 173716.35 | H44: Exempt | I44: Exempt
A45: Ships
A46: 100000 | B46: 4905.504 | C46: 21716.379 | D46: 4905.504 | E46: 21716.379 | F46: 4905.504 | G46: 21716.379 | H46: Exempt | I46: Exempt
A47: 50000 | B47: 9811.008 | C47: 43432.758 | D47: 9811.008 | E47: 43432.758 | F47: 9811.008 | G47: 43432.758 | H47: Exempt | I47: Exempt
A48: 5000 | B48: 98110.08 | C48: 434327.58 | D48: 98110.08 | E48: 434327.58 | F48: 98110.08 | G48: 434327.58 | H48: Exempt | I48: Exempt
A49: Methanol (No additional costs - VP exceeds current exemption threshold)
A50: Barges
A51: 500000 | B51: 199.6253 | C51: 1479.7989 | D51: 199.6253 | E51: 1479.7989 | F51: 199.6253 | G51: 1479.7989 | H51: 199.6253 | I51: 1479.7989
A52: 100000 | B52: 998.12648 | C52: 7398.9946 | D52: 998.12648 | E52: 7398.9946 | F52: 998.12648 | G52: 7398.9946 | H52: 998.12648 | I52: 7398.9946
A53: 50000 | B53: 1996.253 | C53: 14797.989 | D53: 1996.253 | E53: 14797.989 | F53: 1996.253 | G53: 14797.989 | H53: 1996.253 | I53: 14797.989
A54: 5000 | B54: 19962.53 | C54: 147979.89 | D54: 19962.53 | E54: 147979.89 | F54: 19962.53 | G54: 147979.89 | H54: 19962.53 | I54: 147979.89
A55: Ships
A56: 500000 | B56: 789.09505 | C56: 3704.81 | D56: 789.09505 | E56: 3704.81 | F56: 789.09505 | G56: 3704.81 | H56: 789.09505 | I56: 3704.81
A57: 100000 | B57: 3945.4753 | C57: 18524.05 | D57: 3945.4753 | E57: 18524.05 | F57: 3945.4753 | G57: 18524.05 | H57: 3945.4753 | I57: 18524.05
A58: 50000 | B58: 7890.9505 | C58: 37048.1 | D58: 7890.9505 | E58: 37048.1 | F58: 7890.9505 | G58: 37048.1 | H58: 7890.9505 | I58: 37048.1
A59: 5000 | B59: 78909.505 | C59: 370481 | D59: 78909.505 | E59: 370481 | F59: 78909.505 | G59: 370481 | H59: 78909.505 | I59: 370481
A60: Ethylene Glycol
A61: Barges
A62: 500000 | B62: Exempt | C62: Exempt | D62: Exempt | E62: Exempt | F62: 374650.15 | G62: 1392558.7 | H62: Exempt | I62: Exempt
A63: 100000 | B63: Exempt | C63: Exempt | D63: Exempt | E63: Exempt | F63: 1873250.8 | G63: 6962793.4 | H63: Exempt | I63: Exempt
A64: 50000 | B64: Exempt | C64: Exempt | D64: Exempt | E64: Exempt | F64: 3746501.5 | G64: 13925587 | H64: Exempt | I64: Exempt
A65: 5000 | B65: Exempt | C65: Exempt | D65: Exempt | E65: Exempt | F65: 37465015 | G65: 1.3925587e+08 | H65: Exempt | I65: Exempt
A66: Ships
A67: 500000 | B67: Exempt | C67: Exempt | D67: Exempt | E67: Exempt | F67: 936491.67 | G67: 3481396.7 | H67: Exempt | I67: Exempt
A68: 100000 | B68: Exempt | C68: Exempt | D68: Exempt | E68: Exempt | F68: 4682458.4 | G68: 17406983 | H68: Exempt | I68: Exempt
A69: 50000 | B69: Exempt | C69: Exempt | D69: Exempt | E69: Exempt | F69: 9364916.7 | G69: 34813967 | H69: Exempt | I69: Exempt
A70: 5000 | B70: Exempt | C70: Exempt | D70: Exempt | E70: Exempt | F70: 93649167 | G70: 3.4813967e+08 | H70: Exempt | I70: Exempt
A71: Naphtha (No additional costs - VP exceeds current exemption threshold)
A72: Barges
A73: 500000 | B73: 10510.239 | C73: 1499.2513 | D73: 10510.239 | E73: 1499.2513 | F73: 10510.239 | G73: 1499.2513 | H73: 10510.239 | I73: 1499.2513
A74: 100000 | B74: 52551.197 | C74: 7496.2564 | D74: 52551.197 | E74: 7496.2564 | F74: 52551.197 | G74: 7496.2564 | H74: 52551.197 | I74: 7496.2564
A75: 50000 | B75: 105102.39 | C75: 14992.513 | D75: 105102.39 | E75: 14992.513 | F75: 105102.39 | G75: 14992.513 | H75: 105102.39 | I75: 14992.513
A76: Ships
A77: 500000 | B77: 58397.027 | C77: 4854.4402 | D77: 58397.027 | E77: 4854.4402 | F77: 58397.027 | G77: 4854.4402 | H77: 58397.027 | I77: 4854.4402
A78: 100000 | B78: 291985.13 | C78: 24272.201 | D78: 291985.13 | E78: 24272.201 | F78: 291985.13 | G78: 24272.201 | H78: 291985.13 | I78: 24272.201
A79: 50000 | B79: 583970.27 | C79: 48544.402 | D79: 583970.27 | E79: 48544.402 | F79: 583970.27 | G79: 48544.402 | H79: 583970.27 | I79: 48544.402
A80: Kerosene (No additional costs - VP exceeds current exemption threshold)
A81: Barges
A82: 1000000 | B82: 289329.4 | C82: 1250253.4 | D82: 289329.4 | E82: 1250253.4 | F82: 289329.4 | G82: 1250253.4 | H82: 289329.4 | I82: 1250253.4
A83: 500000 | B83: 578658.81 | C83: 2500506.8 | D83: 578658.81 | E83: 2500506.8 | F83: 578658.81 | G83: 2500506.8 | H83: 578658.81 | I83: 2500506.8
A84: 100000 | B84: 2893294 | C84: 12502534 | D84: 2893294 | E84: 12502534 | F84: 2893294 | G84: 12502534 | H84: 2893294 | I84: 12502534
A85: Ships
A86: 1000000 | B86: 726470.54 | C86: 3126642.4 | D86: 726470.54 | E86: 3126642.4 | F86: 726470.54 | G86: 3126642.4 | H86: 726470.54 | I86: 3126642.4
A87: 500000 | B87: 1452941.1 | C87: 6253284.8 | D87: 1452941.1 | E87: 6253284.8 | F87: 1452941.1 | G87: 6253284.8 | H87: 1452941.1 | I87: 6253284.8
A88: 100000 | B88: 7264705.4 | C88: 31266424 | D88: 7264705.4 | E88: 31266424 | F88: 7264705.4 | G88: 31266424 | H88: 7264705.4 | I88: 31266424
A89: Distillate Fuel Oil
A90: Barges
A91: 1000000 | B91: Exempt | C91: Exempt | D91: Exempt | E91: Exempt | F91: 19244.535 | G91: 71607.708 | H91: Exempt | I91: Exempt
A92: 500000 | B92: Exempt | C92: Exempt | D92: Exempt | E92: Exempt | F92: 96222.677 | G92: 358038.54 | H92: Exempt | I92: Exempt
A93: 100000 | B93: Exempt | C93: Exempt | D93: Exempt | E93: Exempt | F93: 192445.35 | G93: 716077.08 | H93: Exempt | I93: Exempt
A94: Ships
A95: 1000000 | B95: Exempt | C95: Exempt | D95: Exempt | E95: Exempt | F95: 48138.162 | G95: 179048.16 | H95: Exempt | I95: Exempt
A96: 500000 | B96: Exempt | C96: Exempt | D96: Exempt | E96: Exempt | F96: 240690.81 | G96: 895240.78 | H96: Exempt | I96: Exempt
A97: 100000 | B97: Exempt | C97: Exempt | D97: Exempt | E97: Exempt | F97: 481381.62 | G97: 1790481.6 | H97: Exempt | I97: Exempt
A98: Residual Fuel Oil
A99: Barges
A100: 1000000 | B100: Exempt | C100: Exempt | D100: Exempt | E100: Exempt | F100: 88746.006 | G100: 330105.37 | H100: Exempt | I100: Exempt
...

Sheet Threshold Costs
A1: Vapor Pressure Exemption Limit
A3: Loading Rate (bbl/hr) | B3: Lb/hr | C3: TPY (PTE) | D3: TPY (Actual) | E3: Actual Basis | G3: Potential To Emit
A4: Gasoline
A5: Barges | E5: Carbon Adsorber | F5: Recuperative Oxidizer | G5: Carbon Adsorber | H5: Recuperative Oxidizer
A6: 7500 | B6: ='Loading Loss'!$C$24*A6/42 -> 607.14286 | C6: =B6*8760*SUM('Fuel Composition'!$J$6:$J$13)/2000 -> 8777.7886 | D6: =B6*2080*SUM('Fuel Composition'!$J$6:$J$13)/2000 -> 2084.2238 | K6: =A6*2000/2080 -> 7211.5385 | L6: =A6*2000/8760 -> 1712.3288
A7: 5000 | B7: ='Loading Loss'!$C$24*A7/42 -> 404.7619 | C7: =B7*8760*SUM('Fuel Composition'!$J$6:$J$13)/2000 -> 5851.8591 | D7: =B7*2080*SUM('Fuel Composition'!$J$6:$J$13)/2000 -> 1389.4825 | K7: =A7*2000/2080 -> 4807.6923 | L7: =A7*2000/8760 -> 1141.5525 | O7: Tons/Yr Emissions | P7: Hours/yr | Q7: Tons Removed | R7: Annual Cost | S7: Cost/Ton Removed
A8: 2500 | B8: ='Loading Loss'!$C$24*A8/42 -> 202.38095 | C8: =B8*8760*SUM('Fuel Composition'!$J$6:$J$13)/2000 -> 2925.9295 | D8: =B8*2080*SUM('Fuel Composition'!$J$6:$J$13)/2000 -> 694.74126 | K8: =A8*2000/2080 -> 2403.8462 | L8: =A8*2000/8760 -> 570.77626 | O8: 1000 | P8: =O8*2000/'Loading Loss'!$N$24 -> 4941.1765 | Q8: =O8-(O8*0.03) -> 970
A9: 1000 | B9: ='Loading Loss'!$C$24*A9/42 -> 80.952381 | C9: =B9*8760*SUM('Fuel Composition'!$J$6:$J$13)/2000 -> 1170.3718 | D9: =B9*2080*SUM('Fuel Composition'!$J$6:$J$13)/2000 -> 277.8965 | K9: =A9*2000/2080 -> 961.53846 | L9: =A9*2000/8760 -> 228.3105 | O9: 500 | P9: =O9*2000/'Loading Loss'!$N$24 -> 2470.5882 | Q9: =O9-(O9*0.03) -> 485
A10: 500 | B10: ='Loading Loss'!$C$24*A10/42 -> 40.47619 | C10: =B10*8760*SUM('Fuel Composition'!$J$6:$J$13)/2000 -> 585.18591 | D10: =B10*2080*SUM('Fuel Composition'!$J$6:$J$13)/2000 -> 138.94825 | K10: =A10*2000/2080 -> 480.76923 | L10: =A10*2000/8760 -> 114.15525 | O10: 100 | P10: =O10*2000/'Loading Loss'!$N$24 -> 494.11765 | Q10: =O10-(O10*0.03) -> 97
A11: 100 | B11: ='Loading Loss'!$C$24*A11/42 -> 8.0952381 | C11: =B11*8760*SUM('Fuel Composition'!$J$6:$J$13)/2000 -> 117.03718 | D11: =B11*2080*SUM('Fuel Composition'!$J$6:$J$13)/2000 -> 27.78965 | K11: =A11*2000/2080 -> 96.153846 | L11: =A11*2000/8760 -> 22.83105 | O11: 50 | P11: =O11*2000/'Loading Loss'!$N$24 -> 247.05882 | Q11: =O11-(O11*0.03) -> 48.5
K12: =A12*2000/2080 -> 0 | L12: =A12*2000/8760 -> 0 | O12: 25 | P12: =O12*2000/'Loading Loss'!$N$24 -> 123.52941 | Q12: =O12-(O12*0.03) -> 24.25
K13: =A13*2000/2080 -> 0 | L13: =A13*2000/8760 -> 0 | O13: 10 | P13: =O13*2000/'Loading Loss'!$N$24 -> 49.411765 | Q13: =O13-(O13*0.03) -> 9.7
A14: Ships | O14: 5 | P14: =O14*2000/'Loading Loss'!$N$24 -> 24.705882 | Q14: =O14-(O14*0.03) -> 4.85
A15: 100 | C15: =A15-(A15*0.03) -> 97 | K15: =A15*2000/2080 -> 96.153846 | L15: =A15*2000/8760 -> 22.83105 | O15: 1 | P15: =O15*2000/'Loading Loss'!$N$24 -> 4.9411765 | Q15: =O15-(O15*0.03) -> 0.97
A16: 25 | C16: =A16-(A16*0.03) -> 24.25 | K16: =A16*2000/2080 -> 24.038462 | L16: =A16*2000/8760 -> 5.7077626
A17: 10 | C17: =A17-(A17*0.03) -> 9.7 | K17: =A17*2000/2080 -> 9.6153846 | L17: =A17*2000/8760 -> 2.283105
A18: 5 | C18: =A18-(A18*0.03) -> 4.85 | K18: =A18*2000/2080 -> 4.8076923 | L18: =A18*2000/8760 -> 1.1415525
A19: 1 | C19: =A19-(A19*0.03) -> 0.97 | K19: =A19*2000/2080 -> 0.96153846 | L19: =A19*2000/8760 -> 0.2283105
A20: Crude Oil
A21: Uncleaned
A22: 100 | C22: =A22-(A22*0.03) -> 97 | K22: =A22*2000/2080 -> 96.153846 | L22: =A22*2000/8760 -> 22.83105
A23: 25 | C23: =A23-(A23*0.03) -> 24.25 | K23: =A23*2000/2080 -> 24.038462 | L23: =A23*2000/8760 -> 5.7077626
A24: 10 | C24: =A24-(A24*0.03) -> 9.7 | K24: =A24*2000/2080 -> 9.6153846 | L24: =A24*2000/8760 -> 2.283105
A25: 5 | C25: =A25-(A25*0.03) -> 4.85 | K25: =A25*2000/2080 -> 4.8076923 | L25: =A25*2000/8760 -> 1.1415525
A26: 1 | C26: =A26-(A26*0.03) -> 0.97 | K26: =A26*2000/2080 -> 0.96153846 | L26: =A26*2000/8760 -> 0.2283105
A27: Ballasted
A28: 100 | C28: =A28-(A28*0.03) -> 97 | K28: =A28*2000/2080 -> 96.153846 | L28: =A28*2000/8760 -> 22.83105
A29: 25 | C29: =A29-(A29*0.03) -> 24.25 | K29: =A29*2000/2080 -> 24.038462 | L29: =A29*2000/8760 -> 5.7077626
A30: 10 | C30: =A30-(A30*0.03) -> 9.7 | K30: =A30*2000/2080 -> 9.6153846 | L30: =A30*2000/8760 -> 2.283105
A31: 5 | C31: =A31-(A31*0.03) -> 4.85 | K31: =A31*2000/2080 -> 4.8076923 | L31: =A31*2000/8760 -> 1.1415525
A32: 1 | C32: =A32-(A32*0.03) -> 0.97 | K32: =A32*2000/2080 -> 0.96153846 | L32: =A32*2000/8760 -> 0.2283105
A33: Cleaned/Gas-Freed
A34: 100 | C34: =A34-(A34*0.03) -> 97 | K34: =A34*2000/2080 -> 96.153846 | L34: =A34*2000/8760 -> 22.83105
A35: 25 | C35: =A35-(A35*0.03) -> 24.25 | K35: =A35*2000/2080 -> 24.038462 | L35: =A35*2000/8760 -> 5.7077626
A36: 10 | C36: =A36-(A36*0.03) -> 9.7 | K36: =A36*2000/2080 -> 9.6153846 | L36: =A36*2000/8760 -> 2.283105
A37: 5 | C37: =A37-(A37*0.03) -> 4.85 | K37: =A37*2000/2080 -> 4.8076923 | L37: =A37*2000/8760 -> 1.1415525
A38: 1 | C38: =A38-(A38*0.03) -> 0.97 | K38: =A38*2000/2080 -> 0.96153846 | L38: =A38*2000/8760 -> 0.2283105
A39: Benzene
A40: Barges
A41: 100 | C41: =A41-(A41*0.03) -> 97 | K41: =A41*2000/2080 -> 96.153846 | L41: =A41*2000/8760 -> 22.83105
A42: 25 | C42: =A42-(A42*0.03) -> 24.25 | K42: =A42*2000/2080 -> 24.038462 | L42: =A42*2000/8760 -> 5.7077626
A43: 10 | C43: =A43-(A43*0.03) -> 9.7 | K43: =A43*2000/2080 -> 9.6153846 | L43: =A43*2000/8760 -> 2.283105
A44: 5 | C44: =A44-(A44*0.03) -> 4.85 | K44: =A44*2000/2080 -> 4.8076923 | L44: =A44*2000/8760 -> 1.1415525
A45: 1 | C45: =A45-(A45*0.03) -> 0.97 | K45: =A45*2000/2080 -> 0.96153846 | L45: =A45*2000/8760 -> 0.2283105
A46: Ships
A47: 100 | C47: =A47-(A47*0.03) -> 97 | K47: =A47*2000/2080 -> 96.153846 | L47: =A47*2000/8760 -> 22.83105
A48: 25 | C48: =A48-(A48*0.03) -> 24.25 | K48: =A48*2000/2080 -> 24.038462 | L48: =A48*2000/8760 -> 5.7077626
A49: 10 | C49: =A49-(A49*0.03) -> 9.7 | K49: =A49*2000/2080 -> 9.6153846 | L49: =A49*2000/8760 -> 2.283105
A50: 5 | C50: =A50-(A50*0.03) -> 4.85 | K50: =A50*2000/2080 -> 4.8076923 | L50: =A50*2000/8760 -> 1.1415525
A51: 1 | C51: =A51-(A51*0.03) -> 0.97 | K51: =A51*2000/2080 -> 0.96153846 | L51: =A51*2000/8760 -> 0.2283105
A52: Toluene
A53: Barges
A54: 100 | C54: =A54-(A54*0.03) -> 97 | K54: =A54*2000/2080 -> 96.153846 | L54: =A54*2000/8760 -> 22.83105
A55: 25 | C55: =A55-(A55*0.03) -> 24.25 | K55: =A55*2000/2080 -> 24.038462 | L55: =A55*2000/8760 -> 5.7077626
A56: 10 | C56: =A56-(A56*0.03) -> 9.7 | K56: =A56*2000/2080 -> 9.6153846 | L56: =A56*2000/8760 -> 2.283105
A57: 5 | C57: =A57-(A57*0.03) -> 4.85 | K57: =A57*2000/2080 -> 4.8076923 | L57: =A57*2000/8760 -> 1.1415525
A58: 1 | C58: =A58-(A58*0.03) -> 0.97 | K58: =A58*2000/2080 -> 0.96153846 | L58: =A58*2000/8760 -> 0.2283105
A59: Ships
A60: 100 | C60: =A60-(A60*0.03) -> 97 | K60: =A60*2000/2080 -> 96.153846 | L60: =A60*2000/8760 -> 22.83105
A61: 25 | C61: =A61-(A61*0.03) -> 24.25 | K61: =A61*2000/2080 -> 24.038462 | L61: =A61*2000/8760 -> 5.7077626
A62: 10 | C62: =A62-(A62*0.03) -> 9.7 | K62: =A62*2000/2080 -> 9.6153846 | L62: =A62*2000/8760 -> 2.283105
A63: 5 | C63: =A63-(A63*0.03) -> 4.85 | K63: =A63*2000/2080 -> 4.8076923 | L63: =A63*2000/8760 -> 1.1415525
A64: 1 | C64: =A64-(A64*0.03) -> 0.97 | K64: =A64*2000/2080 -> 0.96153846 | L64: =A64*2000/8760 -> 0.2283105
A65: Methanol
A66: Barges
A67: 100 | C67: =A67-(A67*0.03) -> 97 | K67: =A67*2000/2080 -> 96.153846 | L67: =A67*2000/8760 -> 22.83105
A68: 25 | C68: =A68-(A68*0.03) -> 24.25 | K68: =A68*2000/2080 -> 24.038462 | L68: =A68*2000/8760 -> 5.7077626
A69: 10 | C69: =A69-(A69*0.03) -> 9.7 | K69: =A69*2000/2080 -> 9.6153846 | L69: =A69*2000/8760 -> 2.283105
A70: 5 | C70: =A70-(A70*0.03) -> 4.85 | K70: =A70*2000/2080 -> 4.8076923 | L70: =A70*2000/8760 -> 1.1415525
A71: 1 | C71: =A71-(A71*0.03) -> 0.97 | K71: =A71*2000/2080 -> 0.96153846 | L71: =A71*2000/8760 -> 0.2283105
A72: Ships
A73: 100 | C73: =A73-(A73*0.03) -> 97 | K73: =A73*2000/2080 -> 96.153846 | L73: =A73*2000/8760 -> 22.83105
A74: 25 | C74: =A74-(A74*0.03) -> 24.25 | K74: =A74*2000/2080 -> 24.038462 | L74: =A74*2000/8760 -> 5.7077626
A75: 10 | C75: =A75-(A75*0.03) -> 9.7 | K75: =A75*2000/2080 -> 9.6153846 | L75: =A75*2000/8760 -> 2.283105
A76: 5 | C76: =A76-(A76*0.03) -> 4.85 | K76: =A76*2000/2080 -> 4.8076923 | L76: =A76*2000/8760 -> 1.1415525
A77: 1 | C77: =A77-(A77*0.03) -> 0.97 | K77: =A77*2000/2080 -> 0.96153846 | L77: =A77*2000/8760 -> 0.2283105
A78: Ethylene Glycol
A79: Barges
A80: 100 | C80: =A80-(A80*0.03) -> 97 | D80: 266678 | K80: =A80*2000/2080 -> 96.153846 | L80: =A80*2000/8760 -> 22.83105
A81: 25 | C81: =A81-(A81*0.03) -> 24.25 | D81: 89051 | K81: =A81*2000/2080 -> 24.038462 | L81: =A81*2000/8760 -> 5.7077626
A82: 10 | C82: =A82-(A82*0.03) -> 9.7 | D82: 74242 | K82: =A82*2000/2080 -> 9.6153846 | L82: =A82*2000/8760 -> 2.283105
A83: 5 | C83: =A83-(A83*0.03) -> 4.85 | D83: 71538 | K83: =A83*2000/2080 -> 4.8076923 | L83: =A83*2000/8760 -> 1.1415525
A84: 1 | C84: =A84-(A84*0.03) -> 0.97 | D84: 70234 | K84: =A84*2000/2080 -> 0.96153846 | L84: =A84*2000/8760 -> 0.2283105
A85: Ships
A86: 100 | C86: =A86-(A86*0.03) -> 97 | D86: 266678 | K86: =A86*2000/2080 -> 96.153846 | L86: =A86*2000/8760 -> 22.83105
A87: 25 | C87: =A87-(A87*0.03) -> 24.25 | D87: 89051 | K87: =A87*2000/2080 -> 24.038462 | L87: =A87*2000/8760 -> 5.7077626
A88: 10 | C88: =A88-(A88*0.03) -> 9.7 | D88: 74242 | K88: =A88*2000/2080 -> 9.6153846 | L88: =A88*2000/8760 -> 2.283105
A89: 5 | C89: =A89-(A89*0.03) -> 4.85 | D89: 71538 | K89: =A89*2000/2080 -> 4.8076923 | L89: =A89*2000/8760 -> 1.1415525
A90: 1 | C90: =A90-(A90*0.03) -> 0.97 | D90: 70234 | K90: =A90*2000/2080 -> 0.96153846 | L90: =A90*2000/8760 -> 0.2283105
A91: Naphtha
A92: Barges
A93: 100 | C93: =A93-(A93*0.03) -> 97 | K93: =A93*2000/2080 -> 96.153846 | L93: =A93*2000/8760 -> 22.83105
A94: 25 | C94: =A94-(A94*0.03) -> 24.25 | K94: =A94*2000/2080 -> 24.038462 | L94: =A94*2000/8760 -> 5.7077626
A95: 10 | C95: =A95-(A95*0.03) -> 9.7 | K95: =A95*2000/2080 -> 9.6153846 | L95: =A95*2000/8760 -> 2.283105
A96: 5 | C96: =A96-(A96*0.03) -> 4.85 | K96: =A96*2000/2080 -> 4.8076923 | L96: =A96*2000/8760 -> 1.1415525
A97: 1 | C97: =A97-(A97*0.03) -> 0.97 | K97: =A97*2000/2080 -> 0.96153846 | L97: =A97*2000/8760 -> 0.2283105
A98: Ships
A99: 100 | C99: =A99-(A99*0.03) -> 97 | K99: =A99*2000/2080 -> 96.153846 | L99: =A99*2000/8760 -> 22.83105
A100: 25 | C100: =A100-(A100*0.03) -> 24.25 | K100: =A100*2000/2080 -> 24.038462 | L100: =A100*2000/8760 -> 5.7077626
A101: 10 | C101: =A101-(A101*0.03) -> 9.7 | K101: =A101*2000/2080 -> 9.6153846 | L101: =A101*2000/8760 -> 2.283105
...

Sheet Loading Loss
A1: Commodities | B1: Saturation Factor (S) | C1: Saturation Factor (S) | D1: True Vapor Pressure (P) | E1: Molecular Weight | F1: Temperature | G1: Density | H1: Loading Loss (ships) | I1: Loading Loss (Barges) | L1: Reid Vapor Pressure | M1: Loading Loss (ships) | N1: Loading Loss (Barges)
B2: ships | C2: barges | D2: psia | E2: lb/lb-mole | F2: °R | G2: lb/gal | H2: lb/1000 gal | I2: lb/1000 gal | L2: psia | M2: lb/hr | N2: lb/hr
A3: Naptha and Solvents | B3: 0.2 | C3: 0.5 | D3: 10.2 | E3: 128.1705 | F3: 527.67 | G3: 5.55 | H3: =12.46*(B3*D3*E3/F3) -> 6.1741032 | I3: =12.46*(C3*D3*E3/F3) -> 15.435258 | L3: 13 | M3: =H3*5000/42 -> 735.01229 | N3: =I3*5000/42 -> 1837.5307
A4: Kerosene | B4: 0.2 | C4: 0.5 | D4: 0.008 | E4: 162 | F4: 527.67 | G4: 6.82 | H4: =12.46*(B4*D4*E4/F4) -> 0.0061205526 | I4: =12.46*(C4*D4*E4/F4) -> 0.015301382 | L4: 9 | M4: =H4*5000/42 -> 0.72863722 | N4: =I4*5000/42 -> 1.821593
A5: Distillate Oil No. 2 | B5: 0.2 | C5: 0.5 | D5: 0.006 | E5: 188 | F5: 527.67 | G5: 7 | H5: =12.46*(B5*D5*E5/F5) -> 0.0053271476 | I5: =12.46*(C5*D5*E5/F5) -> 0.013317869 | L5: 0.1 | M5: =H5*5000/42 -> 0.63418424 | N5: =I5*5000/42 -> 1.5854606
A6: Residual Oil No. 6 | B6: 0.2 | C6: 0.5 | D6: 0.002 | E6: 387 | F6: 527.67 | G6: 8.3 | H6: =12.46*(B6*D6*E6/F6) -> 0.00365533 | I6: =12.46*(C6*D6*E6/F6) -> 0.0091383251 | L6: 0.1 | M6: =H6*5000/42 -> 0.43515834 | N6: =I6*5000/42 -> 1.0878958
A7: Benzene | B7: 0.2 | C7: 0.5 | D7: 1.86 | E7: 78.112 | F7: 527.67 | G7: 7.29 | H7: =12.46*(B7*D7*E7/F7) -> 0.68614568 | I7: =12.46*(C7*D7*E7/F7) -> 1.7153642 | L7: 1.4 | M7: =H7*5000/42 -> 81.68401 | N7: =I7*5000/42 -> 204.21003 | P7: =H7/1000/$G7*10000 -> 0.94121493 | Q7: =I7/1000/$G7*10000 -> 2.3530373
A8: Toluene | B8: 0.2 | C8: 0.5 | D8: 0.551 | E8: 92.141 | F8: 527.67 | G8: 7.2 | H8: =12.46*(B8*D8*E8/F8) -> 0.23976741 | I8: =12.46*(C8*D8*E8/F8) -> 0.59941853 | L8: 1.1 | M8: =H8*5000/42 -> 28.543739 | N8: =I8*5000/42 -> 71.359349 | P8: =H8/1000/$G8*10000 -> 0.33301029 | Q8: =I8/1000/$G8*10000 -> 0.83252573
A9: Methanol | B9: 0.2 | C9: 0.5 | D9: 1.856 | E9: 32.04 | F9: 527.67 | G9: 6.6 | H9: =12.46*(B9*D9*E9/F9) -> 0.28083816 | I9: =12.46*(C9*D9*E9/F9) -> 0.70209539 | L9: 1.8 | M9: =H9*5000/42 -> 33.433114 | N9: =I9*5000/42 -> 83.582785 | P9: =H9/1000/$G9*10000 -> 0.42551236 | Q9: =I9/1000/$G9*10000 -> 1.0637809
A10: Ethylene glycol | B10: 0.2 | C10: 0.5 | D10: 0.00102 | E10: 62.1 | F10: 527.67 | G10: 9.15 | H10: =12.46*(B10*D10*E10/F10) -> 0.00029914201 | I10: =12.46*(C10*D10*E10/F10) -> 0.00074785502 | L10: 0.01 | M10: =H10*5000/42 -> 0.035612144 | N10: =I10*5000/42 -> 0.08903036 | P10: =H10/1000/$G10*10000 -> 0.00032693116 | Q10: =I10/1000/$G10*10000 -> 0.00081732789
M13: *assume 5000 bbl/hr
B14: True Vapor Pressure (P) | C14: Molecular Weight | D14: Temperature | E14: Vapor Growth Factor | F14: CG | G14: Density | H14: Arrival Emission Factor (uncleaned) | I14: Arrival Emisson Factor (ballasted) | J14: Arrival Emisson Factor (cleaned or gas-freed)
B15: psia | C15: lb/lb-mole | D15: °R | G15: lb/gal | H15: lb/1000 gal | I15: lb/1000 gal | J15: lb/1000 gal
A16: Crude Oil (RVP5) | B16: ='Fuel Composition'!C52 -> 5.7618271 | C16: 207 | D16: 527.67 | E16: 1.02 | F16: =1.84*(0.44*B16-0.42)*(C16*E16/D16) -> 1.5573211 | G16: 7.21 | H16: 0.86 | I16: 0.46 | J16: 0.33
H17: Loading Loss (uncleaned) | I17: Loading Loss (Ballasted) | J17: Loading Loss (cleaned or gas-freed) | M17: Loading Loss (uncleaned) | N17: Loading Loss (Ballasted) | O17: Loading Loss (cleaned or gas-freed)
H18: lb/1000 gal | I18: lb/1000 gal | J18: lb/1000 gal | M18: lb/hr | N18: lb/hr | O18: lb/hr
H19: =$F$16+H16 -> 2.4173211 | I19: =$F$16+I16 -> 2.0173211 | J19: =$F$16+J16 -> 1.8873211 | L19: 5 | M19: =H19*5000/42 -> 287.77633 | N19: =I19*5000/42 -> 240.15728 | O19: =J19*5000/42 -> 224.68109
B22: Loading Loss (ships) | C22: Loading Loss (Barges) | D22: Density | M22: Loading Loss (ships) | N22: Loading Loss (Barges)
B23: lb/1000 gal | C23: lb/1000 gal | D23: lb/gal | M23: lb/hr | N23: lb/hr
A24: Gasoline (RVP 6) | B24: 1.8 | C24: 3.4 | D24: 6.26 | L24: 6 | M24: =B24*5000/42 -> 214.28571 | N24: =C24*5000/42 -> 404.7619

Sheet Fuel Composition
A2: API PERF data - Reformulated Gasoline (added Ethanol)
D3: wt%/wt frac liq | E3: n liq | F3: x | H3: y | J3: wt frac vapor | O3: Antoine Eqn coefficients
B4: MW | C4: VP, pure component, psia | D4: Gasoline, Liquid, wt% | E4: Gasoline, Liquid, moles | F4: Gasoline, Liquid, mole frac | G4: Gasoline, Partial Pressure, Pi, psia | H4: Gasoline, Vapor, mole frac | I4: Avg MW vapor = y(i)*MW(i) | J4: Gasoline, Vapor, wt% | L4: T = | M4: 68 | N4: F | O4: A | P4: B | Q4: C | T4: Ships | U4: Barges
M5: =(M4-32)/1.8 -> 20 | N5: C | T5: ppm | U5: ppm
A6: Benzene | B6: 78.11 | C6: =10^(O6-(P6/($M$5+Q6)))*(14.696/760) -> 1.4541857 | D6: 1.608 | E6: =D6/100/$B6 -> 0.00020586353 | F6: =E6/E$25 -> 0.017312608 | G6: =C6*F6 -> 0.025175748 | H6: =F6*$C6/$G$25 -> 0.0067202473 | I6: =H6*B6 -> 0.52491852 | J6: =(H6*$B6)/$I$25*100 -> 0.79672596 | O6: 6.90565 | P6: 1211.033 | Q6: 220.79 | T6: ='Loading Loss'!$B$24/1000/'Loading Loss'!$D$24*'Fuel Composition'!J6*10000 -> 2.2909053 | U6: ='Loading Loss'!$C$24/1000/'Loading Loss'!$D$24*'Fuel Composition'!J6*10000 -> 4.3272656
A7: Hexane | B7: 86.18 | C7: =10^(O7-(P7/($M$5+Q7)))*(14.696/760) -> 2.3473094 | D7: 1 | E7: =D7/100/$B7 -> 0.0001160362 | F7: =E7/E$25 -> 0.0097583549 | G7: =C7*F7 -> 0.022905878 | H7: =F7*$C7/$G$25 -> 0.0061143434 | I7: =H7*B7 -> 0.52693411 | J7: =(H7*$B7)/$I$25*100 -> 0.79978524 | O7: 6.87601 | P7: 1171.17 | Q7: 224.41 | T7: ='Loading Loss'!$B$24/1000/'Loading Loss'!$D$24*'Fuel Composition'!J7*10000 -> 2.299702 | U7: ='Loading Loss'!$C$24/1000/'Loading Loss'!$D$24*'Fuel Composition'!J7*10000 -> 4.3438815
A8: Toluene | B8: 92.14 | C8: =10^(O8-(P8/($M$5+Q8)))*(14.696/760) -> 0.42220687 | D8: 7.212 | E8: =D8/100/$B8 -> 0.00078272194 | F8: =E8/E$25 -> 0.065824961 | G8: =C8*F8 -> 0.027791751 | H8: =F8*$C8/$G$25 -> 0.0074185458 | I8: =H8*B8 -> 0.68354481 | J8: =(H8*$B8)/$I$25*100 -> 1.0374903 | O8: 6.95464 | P8: 1344.8 | Q8: 219.48 | T8: ='Loading Loss'!$B$24/1000/'Loading Loss'!$D$24*'Fuel Composition'!J8*10000 -> 2.9831991 | U8: ='Loading Loss'!$C$24/1000/'Loading Loss'!$D$24*'Fuel Composition'!J8*10000 -> 5.6349316
A9: Xylene | B9: 106.14 | C9: =10^(O9-(P9/($M$5+Q9)))*(14.696/760) -> 0.12596357 | D9: 7.17 | E9: =D9/100/$B9 -> 0.00067552289 | F9: =E9/E$25 -> 0.056809788 | G9: =C9*F9 -> 0.007155964 | H9: =F9*$C9/$G$25 -> 0.0019101656 | I9: =H9*B9 -> 0.20274498 | J9: =(H9*$B9)/$I$25*100 -> 0.30772811 | O9: 6.99052 | P9: 1453.43 | Q9: 215.31 | T9: ='Loading Loss'!$B$24/1000/'Loading Loss'!$D$24*'Fuel Composition'!J9*10000 -> 0.88484122 | U9: ='Loading Loss'!$C$24/1000/'Loading Loss'!$D$24*'Fuel Composition'!J9*10000 -> 1.6713668
A10: Ethylbenzene | B10: 106.17 | C10: =10^(O10-(P10/($M$5+Q10)))*(14.696/760) -> 0.13689812 | D10: 1.605 | E10: =D10/100/$B10 -> 0.00015117265 | F10: =E10/E$25 -> 0.012713242 | G10: =C10*F10 -> 0.0017404189 | H10: =F10*$C10/$G$25 -> 0.00046457589 | I10: =H10*B10 -> 0.049324022 | J10: =(H10*$B10)/$I$25*100 -> 0.074864435 | O10: 6.95719 | P10: 1424.255 | Q10: 213.21 | T10: ='Loading Loss'!$B$24/1000/'Loading Loss'!$D$24*'Fuel Composition'!J10*10000 -> 0.21526515 | U10: ='Loading Loss'!$C$24/1000/'Loading Loss'!$D$24*'Fuel Composition'!J10*10000 -> 0.40661195
A11: 2,2,4-Trimethylpentane (isooctane) | B11: 114.23 | C11: =10^(O11-(P11/($M$5+Q11)))*(14.696/760) -> 0.74711186 | D11: 1.098 | E11: =D11/100/$B11 -> 9.6121859e-05 | F11: =E11/E$25 -> 0.0080836083 | G11: =C11*F11 -> 0.0060393596 | H11: =F11*$C11/$G$25 -> 0.0016121066 | I11: =H11*B11 -> 0.18415094 | J11: =(H11*$B11)/$I$25*100 -> 0.27950592 | O11: 6.81189 | P11: 1257.84 | Q11: 220.74 | T11: ='Loading Loss'!$B$24/1000/'Loading Loss'!$D$24*'Fuel Composition'!J11*10000 -> 0.80369115 | U11: ='Loading Loss'!$C$24/1000/'Loading Loss'!$D$24*'Fuel Composition'!J11*10000 -> 1.5180833
A12: Cumene | B12: 120.19 | C12: =10^(O12-(P12/($M$5+Q12)))*(14.696/760) -> 0.064546182 | D12: 0.19 | E12: =D12/100/$B12 -> 1.5808304e-05 | F12: =E12/E$25 -> 0.0013294388 | G12: =C12*F12 -> 8.5810201e-05 | H12: =F12*$C12/$G$25 -> 2.2905607e-05 | I12: =H12*B12 -> 0.0027530249 | J12: =(H12*$B12)/$I$25*100 -> 0.0041785654 | O12: 6.93666 | P12: 1460.793 | Q12: 207.78 | T12: ='Loading Loss'!$B$24/1000/'Loading Loss'!$D$24*'Fuel Composition'!J12*10000 -> 0.012015044 | U12: ='Loading Loss'!$C$24/1000/'Loading Loss'!$D$24*'Fuel Composition'!J12*10000 -> 0.022695084
A13: Naphthalene | B13: 128.17 | C13: =10^(O13-(P13/($M$5+Q13)))*(14.696/760) -> 0.0034923466 | D13: 0.444 | E13: =D13/100/$B13 -> 3.4641492e-05 | F13: =E13/E$25 -> 0.0029132629 | G13: =C13*F13 -> 1.0174124e-05 | H13: =F13*$C13/$G$25 -> 2.7158132e-06 | I13: =H13*B13 -> 0.00034808578 | J13: =(H13*$B13)/$I$25*100 -> 0.00052832767 | O13: 7.37 | P13: 1968.36 | Q13: 222.61 | T13: ='Loading Loss'!$B$24/1000/'Loading Loss'!$D$24*'Fuel Composition'!J13*10000 -> 0.001519153 | U13: ='Loading Loss'!$C$24/1000/'Loading Loss'!$D$24*'Fuel Composition'!J13*10000 -> 0.0028695113
A14: Ethanol | B14: 46.07 | C14: 0.89668795 | D14: 8 | E14: =D14/100/$B14 -> 0.001736488 | F14: =E14/E$25 -> 0.1460343 | G14: =C14*F14 -> 0.1309472 | H14: =F14*$C14/$G$25 -> 0.034954177 | I14: =H14*B14 -> 1.6103389 | J14: =(H14*$B14)/$I$25*100 -> 2.4441866 | O14: 8.2109 | P14: 1718.1 | Q14: 237.52 | T14: ='Loading Loss'!$B$24/1000/'Loading Loss'!$D$24*'Fuel Composition'!J14*10000 -> 7.0280127 | U14: ='Loading Loss'!$C$24/1000/'Loading Loss'!$D$24*'Fuel Composition'!J14*10000 -> 13.275135
A15: n-Butane | B15: 58.12 | C15: =10^(O15-(P15/($M$5+Q15)))*(14.696/760) -> 30.075699 | D15: 4.7 | E15: =D15/100/$B15 -> 0.00080867171 | F15: =E15/E$25 -> 0.068007271 | G15: =C15*F15 -> 2.0453662 | H15: =F15*$C15/$G$25 -> 0.5459765 | I15: =H15*B15 -> 31.732154 | J15: =(H15*$B15)/$I$25*100 -> 48.163343 | O15: 6.80896 | P15: 935.86 | Q15: 238.73 | T15: ='Loading Loss'!$B$24/1000/'Loading Loss'!$D$24*'Fuel Composition'!J15*10000 -> 138.48885 | U15: ='Loading Loss'!$C$24/1000/'Loading Loss'!$D$24*'Fuel Composition'!J15*10000 -> 261.59004
A16: Isobutane | B16: 58.12 | C16: =10^(O16-(P16/($M$5+Q16)))*(14.696/760) -> 11.102762 | D16: 1.7 | E16: =D16/100/$B16 -> 0.00029249828 | F16: =E16/E$25 -> 0.024598375 | G16: =C16*F16 -> 0.2731099 | H16: =F16*$C16/$G$25 -> 0.072902147 | I16: =H16*B16 -> 4.2370728 | J16: =(H16*$B16)/$I$25*100 -> 6.4310664 | O16: 6.83315 | P16: 1040.73 | Q16: 235.45 | T16: ='Loading Loss'!$B$24/1000/'Loading Loss'!$D$24*'Fuel Composition'!J16*10000 -> 18.491884 | U16: ='Loading Loss'!$C$24/1000/'Loading Loss'!$D$24*'Fuel Composition'!J16*10000 -> 34.929115
A17: Pentane | B17: 72.15 | C17: =10^(O17-(P17/($M$5+Q17)))*(14.696/760) -> 8.5242886 | D17: 3.9 | E17: =D17/100/$B17 -> 0.00054054054 | F17: =E17/E$25 -> 0.045458109 | G17: =C17*F17 -> 0.38749805 | H17: =F17*$C17/$G$25 -> 0.10343616 | I17: =H17*B17 -> 7.462919 | J17: =(H17*$B17)/$I$25*100 -> 11.327284 | O17: 6.85296 | P17: 1064.84 | Q17: 233.01 | T17: ='Loading Loss'!$B$24/1000/'Loading Loss'!$D$24*'Fuel Composition'!J17*10000 -> 32.570466 | U17: ='Loading Loss'!$C$24/1000/'Loading Loss'!$D$24*'Fuel Composition'!J17*10000 -> 61.521991
A18: Isopentane | B18: 72.15 | C18: =10^(O18-(P18/($M$5+Q18)))*(14.696/760) -> 2.9665541 | D18: 7.9 | E18: =D18/100/$B18 -> 0.0010949411 | F18: =E18/E$25 -> 0.092081811 | G18: =C18*F18 -> 0.27316568 | H18: =F18*$C18/$G$25 -> 0.072917035 | I18: =H18*B18 -> 5.2609641 | J18: =(H18*$B18)/$I$25*100 -> 7.9851377 | O18: 6.84887 | P18: 1152.368 | Q18: 227.13 | T18: ='Loading Loss'!$B$24/1000/'Loading Loss'!$D$24*'Fuel Composition'!J18*10000 -> 22.96046 | U18: ='Loading Loss'!$C$24/1000/'Loading Loss'!$D$24*'Fuel Composition'!J18*10000 -> 43.369757
A19: 2-Methylpentane (surrogate for C6 cpds) | B19: 86.18 | C19: =10^(O19-(P19/($M$5+Q19)))*(14.696/760) -> 3.3164041 | D19: 10.08 | E19: =D19/100/$B19 -> 0.0011696449 | F19: =E19/E$25 -> 0.098364217 | G19: =C19*F19 -> 0.3262155 | H19: =F19*$C19/$G$25 -> 0.087077803 | I19: =H19*B19 -> 7.5043651 | J19: =(H19*$B19)/$I$25*100 -> 11.390191 | O19: 6.8391 | P19: 1135.41 | Q19: 226.57 | T19: ='Loading Loss'!$B$24/1000/'Loading Loss'!$D$24*'Fuel Composition'!J19*10000 -> 32.751349 | U19: ='Loading Loss'!$C$24/1000/'Loading Loss'!$D$24*'Fuel Composition'!J19*10000 -> 61.86366
A20: 2-Methylhexane (surrogate for C7 cpds) | B20: 100.2 | C20: =10^(O20-(P20/($M$5+Q20)))*(14.696/760) -> 0.99952842 | D20: 7.21 | E20: =D20/100/$B20 -> 0.00071956088 | F20: =E20/E$25 -> 0.060513273 | G20: =C20*F20 -> 0.060484736 | H20: =F20*$C20/$G$25 -> 0.016145395 | I20: =H20*B20 -> 1.6177685 | J20: =(H20*$B20)/$I$25*100 -> 2.4554634 | O20: 6.87318 | P20: 1236.023 | Q20: 219.55 | T20: ='Loading Loss'!$B$24/1000/'Loading Loss'!$D$24*'Fuel Composition'!J20*10000 -> 7.0604378 | U20: ='Loading Loss'!$C$24/1000/'Loading Loss'!$D$24*'Fuel Composition'!J20*10000 -> 13.336382
A21: 2,3,4-Trimethylpentane (surrogate for C8 cpds) | B21: 114.23 | C21: =10^(O21-(P21/($M$5+Q21)))*(14.696/760) -> 0.40166681 | D21: 3.21 | E21: =D21/100/$B21 -> 0.00028101199 | F21: =E21/E$25 -> 0.023632407 | G21: =C21*F21 -> 0.0094923535 | H21: =F21*$C21/$G$25 -> 0.0025338259 | I21: =H21*B21 -> 0.28943894 | J21: =(H21*$B21)/$I$25*100 -> 0.43931297 | O21: 6.85396 | P21: 1315.08 | Q21: 217.53 | T21: ='Loading Loss'!$B$24/1000/'Loading Loss'!$D$24*'Fuel Composition'!J21*10000 -> 1.2632002 | U21: ='Loading Loss'!$C$24/1000/'Loading Loss'!$D$24*'Fuel Composition'!J21*10000 -> 2.3860449
A22: 1,2,4-Trimethylbenzene (surrogate for C9 cpds) | B22: 120.19 | C22: =10^(O22-(P22/($M$5+Q22)))*(14.696/760) -> 0.027986508 | D22: 7.29 | E22: =D22/100/$B22 -> 0.00060653965 | F22: =E22/E$25 -> 0.051008469 | G22: =C22*F22 -> 0.001427549 | H22: =F22*$C22/$G$25 -> 0.00038106046 | I22: =H22*B22 -> 0.045799657 | J22: =(H22*$B22)/$I$25*100 -> 0.069515123 | O22: 7.04383 | P22: 1573.267 | Q22: 208.564 | T22: ='Loading Loss'!$B$24/1000/'Loading Loss'!$D$24*'Fuel Composition'!J22*10000 -> 0.19988374 | U22: ='Loading Loss'!$C$24/1000/'Loading Loss'!$D$24*'Fuel Composition'!J22*10000 -> 0.37755817
A23: Other VOC (assume Heptane is the surrogate for Other VOC) | B23: 100.2 | C23: =10^(O23-(P23/($M$5+Q23)))*(14.696/760) -> 0.6849291 | D23: =100-SUM(D5:D22) -> 25.683 | E23: =D23/100/$B23 -> 0.0025631737 | F23: =E23/E$25 -> 0.2155565 | G23: =C23*F23 -> 0.14764092 | H23: =F23*$C23/$G$25 -> 0.039410289 | I23: =H23*B23 -> 3.948911 | J23: =(H23*$B23)/$I$25*100 -> 5.9936919 | O23: 6.89677 | P23: 1264.9 | Q23: 216.54 | T23: ='Loading Loss'!$B$24/1000/'Loading Loss'!$D$24*'Fuel Composition'!J23*10000 -> 17.234258 | U23: ='Loading Loss'!$C$24/1000/'Loading Loss'!$D$24*'Fuel Composition'!J23*10000 -> 32.553598
D25: =SUM(D5:D23) -> 100 | E25: =SUM(E5:E24) -> 0.01189096 | F25: =SUM(F5:F24) -> 1 | G25: =SUM(G5:G23) -> 3.7462532 | H25: =SUM(H5:H23) -> 1 | I25: =SUM(I5:I24) -> 65.884451 | J25: =SUM(J5:J24) -> 100
D26: =SUM(D5:D13) -> 20.327 | G26: Total VP of mixture
D27: wt%HAP in liq | H27: =SUM(H5:H24) -> 1 | J27: =SUM(J5:J13) -> 3.3008069 | K27: HAP only %
B30: MW | C30: VP, pure component, psia | D30: Crude Oil, Liquid, wt% | E30: Crude Oil, Liquid, moles | F30: Crude Oil, Liquid, mole frac | G30: Crude Oil, Partial Pressure, Pi, psia | H30: Crude Oil, Vapor, mole frac | I30: Avg MW vapor = y(i)*MW(i) | J30: Crude Oil, Vapor, wt% | L30: T = | M30: 68 | N30: F | O30: A | P30: B | Q30: C | T30: Uncleaned | U30: Ballasted | V30: Cleaned or gas-freed
M31: =(M30-32)/1.8 -> 20 | N31: C | T31: ppm | U31: ppm | V31: ppm
A32: Benzene | B32: 78.11 | C32: =10^(O32-(P32/($M$31+Q32)))*(14.696/760) -> 1.4541857 | D32: 0.446 | E32: =D32/100/$B32 -> 5.7098963e-05 | F32: =E32/E$48 -> 0.0054775263 | G32: =C32*F32 -> 0.0079653406 | H32: =F32*$C32/$G$48 -> 0.0030307718 | I32: =H32*B32 -> 0.23673358 | J32: =(H32*$B32)/$I$48*100 -> 0.32561929 | O32: 6.90565 | P32: 1211.033 | Q32: 220.79 | T32: ='Loading Loss'!$H$19/1000/'Loading Loss'!$G$16*'Fuel Composition'!J32*10000 -> 1.0917148 | U32: ='Loading Loss'!$I$19/1000/'Loading Loss'!$G$16*'Fuel Composition'!J32*10000 -> 0.91106612 | V32: ='Loading Loss'!$J$19/1000/'Loading Loss'!$G$16*'Fuel Composition'!J32*10000 -> 0.8523553
A33: Biphenyl | B33: 154.2078 | C33: =10^(O33-(P33/($M$31+Q33)))*(14.696/760) -> 0.00036178738 | D33: 0.6 | E33: =D33/100/$B33 -> 3.8908538e-05 | F33: =E33/E$48 -> 0.0037325115 | G33: =C33*F33 -> 1.3503756e-06 | H33: =F33*$C33/$G$48 -> 5.1381107e-07 | I33: =H33*B33 -> 7.9233675e-05 | J33: =(H33*$B33)/$I$48*100 -> 0.00010898332 | O33: 7.2454 | P33: 1998.72 | Q33: 202.74 | T33: ='Loading Loss'!$H$19/1000/'Loading Loss'!$G$16*'Fuel Composition'!J33*10000 -> 0.00036539209 | U33: ='Loading Loss'!$I$19/1000/'Loading Loss'!$G$16*'Fuel Composition'!J33*10000 -> 0.00030492977 | V33: ='Loading Loss'!$J$19/1000/'Loading Loss'!$G$16*'Fuel Composition'!J33*10000 -> 0.00028527952
A34: Cyclohexane | B34: 84.162 | C34: =10^(O34-(P34/($M$31+Q34)))*(14.696/760) -> 1.4994094 | D34: 0.7 | E34: =D34/100/$B34 -> 8.3172928e-05 | F34: =E34/E$48 -> 0.0079788122 | G34: =C34*F34 -> 0.011963506 | H34: =F34*$C34/$G$48 -> 0.0045520535 | I34: =H34*B34 -> 0.38310993 | J34: =(H34*$B34)/$I$48*100 -> 0.52695515 | O34: 6.8413 | P34: 1201.531 | Q34: 222.647 | T34: ='Loading Loss'!$H$19/1000/'Loading Loss'!$G$16*'Fuel Composition'!J34*10000 -> 1.7667404 | U34: ='Loading Loss'!$I$19/1000/'Loading Loss'!$G$16*'Fuel Composition'!J34*10000 -> 1.4743936 | V34: ='Loading Loss'!$J$19/1000/'Loading Loss'!$G$16*'Fuel Composition'!J34*10000 -> 1.3793809
A35: Ethylbenzene | B35: 106.17 | C35: =10^(O35-(P35/($M$31+Q35)))*(14.696/760) -> 0.13689812 | D35: 0.346 | E35: =D35/100/$B35 -> 3.2589244e-05 | F35: =E35/E$48 -> 0.0031262991 | G35: =C35*F35 -> 0.00042798446 | H35: =F35*$C35/$G$48 -> 0.00016284592 | I35: =H35*B35 -> 0.017289352 | J35: =(H35*$B35)/$I$48*100 -> 0.023780937 | O35: 6.95719 | P35: 1424.255 | Q35: 213.21 | T35: ='Loading Loss'!$H$19/1000/'Loading Loss'!$G$16*'Fuel Composition'!J35*10000 -> 0.079731153 | U35: ='Loading Loss'!$I$19/1000/'Loading Loss'!$G$16*'Fuel Composition'!J35*10000 -> 0.066537845 | V35: ='Loading Loss'!$J$19/1000/'Loading Loss'!$G$16*'Fuel Composition'!J35*10000 -> 0.06225002
A36: n-Hexane | B36: 86.18 | C36: =10^(O36-(P36/($M$31+Q36)))*(14.696/760) -> 2.3473094 | D36: 2.463 | E36: =D36/100/$B36 -> 0.00028579717 | F36: =E36/E$48 -> 0.027416636 | G36: =C36*F36 -> 0.064355329 | H36: =F36*$C36/$G$48 -> 0.024486877 | I36: =H36*B36 -> 2.110279 | J36: =(H36*$B36)/$I$48*100 -> 2.9026197 | O36: 6.87601 | P36: 1171.17 | Q36: 224.41 | T36: ='Loading Loss'!$H$19/1000/'Loading Loss'!$G$16*'Fuel Composition'!J36*10000 -> 9.7317114 | U36: ='Loading Loss'!$I$19/1000/'Loading Loss'!$G$16*'Fuel Composition'!J36*10000 -> 8.1213815 | V36: ='Loading Loss'!$J$19/1000/'Loading Loss'!$G$16*'Fuel Composition'!J36*10000 -> 7.5980243
A37: Naphthalene | B37: 128.17 | C37: =10^(O37-(P37/($M$31+Q37)))*(14.696/760) -> 0.0034923466 | D37: 0.219 | E37: =D37/100/$B37 -> 1.7086682e-05 | F37: =E37/E$48 -> 0.0016391322 | G37: =C37*F37 -> 5.7244178e-06 | H37: =F37*$C37/$G$48 -> 2.178112e-06 | I37: =H37*B37 -> 0.00027916862 | J37: =(H37*$B37)/$I$48*100 -> 0.00038398728 | O37: 7.37 | P37: 1968.36 | Q37: 222.61 | T37: ='Loading Loss'!$H$19/1000/'Loading Loss'!$G$16*'Fuel Composition'!J37*10000 -> 0.0012874072 | U37: ='Loading Loss'!$I$19/1000/'Loading Loss'!$G$16*'Fuel Composition'!J37*10000 -> 0.0010743768 | V37: ='Loading Loss'!$J$19/1000/'Loading Loss'!$G$16*'Fuel Composition'!J37*10000 -> 0.0010051419
A38: PAC (Thiophene used as surrogate) | B38: 84.14 | C38: =10^(O38-(P38/($M$31+Q38)))*(14.696/760) -> 1.2104192 | D38: 0.0004 | E38: =D38/100/$B38 -> 4.7539815e-08 | F38: =E38/E$48 -> 4.5605134e-06 | G38: =C38*F38 -> 5.5201328e-06 | H38: =F38*$C38/$G$48 -> 2.1003826e-06 | I38: =H38*B38 -> 0.00017672619 | J38: =(H38*$B38)/$I$48*100 -> 0.00024308109 | O38: 6.95926 | P38: 1246.02 | Q38: 221.35 | T38: ='Loading Loss'!$H$19/1000/'Loading Loss'!$G$16*'Fuel Composition'!J38*10000 -> 0.0008149862 | U38: ='Loading Loss'!$I$19/1000/'Loading Loss'!$G$16*'Fuel Composition'!J38*10000 -> 0.00068012846 | V38: ='Loading Loss'!$J$19/1000/'Loading Loss'!$G$16*'Fuel Composition'!J38*10000 -> 0.00063629969
A39: Phenol | B39: 94.1112 | C39: =10^(O39-(P39/($M$31+Q39)))*(14.696/760) -> 0.0042558417 | D39: 0.323 | E39: =D39/100/$B39 -> 3.4321101e-05 | F39: =E39/E$48 -> 0.0032924369 | G39: =C39*F39 -> 1.401209e-05 | H39: =F39*$C39/$G$48 -> 5.3315294e-06 | I39: =H39*B39 -> 0.00050175663 | J39: =(H39*$B39)/$I$48*100 -> 0.00069014981 | O39: 7.1345 | P39: 1516.07 | Q39: 174.57 | T39: ='Loading Loss'!$H$19/1000/'Loading Loss'!$G$16*'Fuel Composition'!J39*10000 -> 0.0023138887 | U39: ='Loading Loss'!$I$19/1000/'Loading Loss'!$G$16*'Fuel Composition'!J39*10000 -> 0.0019310039 | V39: ='Loading Loss'!$J$19/1000/'Loading Loss'!$G$16*'Fuel Composition'!J39*10000 -> 0.0018065663
A40: Toluene | B40: 92.14 | C40: =10^(O40-(P40/($M$31+Q40)))*(14.696/760) -> 0.42220687 | D40: 0.878 | E40: =D40/100/$B40 -> 9.5289776e-05 | F40: =E40/E$48 -> 0.0091411863 | G40: =C40*F40 -> 0.0038594717 | H40: =F40*$C40/$G$48 -> 0.0014685094 | I40: =H40*B40 -> 0.13530846 | J40: =(H40*$B40)/$I$48*100 -> 0.18611235 | O40: 6.95464 | P40: 1344.8 | Q40: 219.48 | T40: ='Loading Loss'!$H$19/1000/'Loading Loss'!$G$16*'Fuel Composition'!J40*10000 -> 0.6239852 | U40: ='Loading Loss'!$I$19/1000/'Loading Loss'!$G$16*'Fuel Composition'!J40*10000 -> 0.52073285 | V40: ='Loading Loss'!$J$19/1000/'Loading Loss'!$G$16*'Fuel Composition'!J40*10000 -> 0.48717584
A41: 1,2,4-Trimethylbenzene | B41: 120.19 | C41: =10^(O41-(P41/($M$31+Q41)))*(14.696/760) -> 0.027986508 | D41: 0.326 | E41: =D41/100/$B41 -> 2.7123721e-05 | F41: =E41/E$48 -> 0.0026019894 | G41: =C41*F41 -> 7.2820597e-05 | H41: =F41*$C41/$G$48 -> 2.7707869e-05 | I41: =H41*B41 -> 0.0033302087 | J41: =(H41*$B41)/$I$48*100 -> 0.004580593 | O41: 7.04383 | P41: 1573.267 | Q41: 208.564 | T41: ='Loading Loss'!$H$19/1000/'Loading Loss'!$G$16*'Fuel Composition'!J41*10000 -> 0.015357509 | U41: ='Loading Loss'!$I$19/1000/'Loading Loss'!$G$16*'Fuel Composition'!J41*10000 -> 0.012816265 | V41: ='Loading Loss'!$J$19/1000/'Loading Loss'!$G$16*'Fuel Composition'!J41*10000 -> 0.011990361
A42: Xylene | B42: 106.14 | C42: =10^(O42-(P42/($M$31+Q42)))*(14.696/760) -> 0.12596357 | D42: 1.42 | E42: =D42/100/$B42 -> 0.00013378557 | F42: =E42/E$48 -> 0.012834103 | G42: =C42*F42 -> 0.0016166295 | H42: =F42*$C42/$G$48 -> 0.00061511932 | I42: =H42*B42 -> 0.065288765 | J42: =(H42*$B42)/$I$48*100 -> 0.089802558 | O42: 6.99052 | P42: 1453.43 | Q42: 215.31 | T42: ='Loading Loss'!$H$19/1000/'Loading Loss'!$G$16*'Fuel Composition'!J42*10000 -> 0.30108408 | U42: ='Loading Loss'!$I$19/1000/'Loading Loss'!$G$16*'Fuel Composition'!J42*10000 -> 0.25126297 | V42: ='Loading Loss'!$J$19/1000/'Loading Loss'!$G$16*'Fuel Composition'!J42*10000 -> 0.2350711
A43: n-Butane | B43: 58.12 | C43: =10^(O43-(P43/($M$31+Q43)))*(14.696/760) -> 30.075699 | D43: 2.5 | E43: =D43/100/$B43 -> 0.00043014453 | F43: =E43/E$48 -> 0.041263936 | G43: =C43*F43 -> 1.2410417 | H43: =F43*$C43/$G$48 -> 0.47221009 | I43: =H43*B43 -> 27.44485 | J43: =(H43*$B43)/$I$48*100 -> 37.749493 | O43: 6.80896 | P43: 935.86 | Q43: 238.73 | T43: ='Loading Loss'!$H$19/1000/'Loading Loss'!$G$16*'Fuel Composition'!J43*10000 -> 126.564 | U43: ='Loading Loss'!$I$19/1000/'Loading Loss'!$G$16*'Fuel Composition'!J43*10000 -> 105.62115 | V43: ='Loading Loss'!$J$19/1000/'Loading Loss'!$G$16*'Fuel Composition'!J43*10000 -> 98.814724
... A46: Other VOC/Heptane Plus (assume Heptane is the surrogate for Other VOC) | B46: 100.2 | C46: =10^(O46-(P46/($M$31+Q46)))*(14.696/760) -> 0.6849291 | D46: 80.7786 | E46: =D46/100/$B46 -> 0.0080617365 | F46: =E46/E$48 -> 0.7733656 | G46: =C46*F46 -> 0.5297006 | H46: =F46*$C46/$G$48 -> 0.2015484 | I46: =H46*B46 -> 20.19515 | J46: =(H46*$B46)/$I$48*100 -> 27.777767 | O46: 6.89677 | P46: 1264.9 | Q46: 216.54 | T46: ='Loading Loss'!$H$19/1000/'Loading Loss'!$G$16*'Fuel Composition'!J46*10000 -> 93.13146 | U46: ='Loading Loss'!$I$19/1000/'Loading Loss'!$G$16*'Fuel Composition'!J46*10000 -> 77.720771 | V46: ='Loading Loss'!$J$19/1000/'Loading Loss'!$G$16*'Fuel Composition'!J46*10000 -> 72.712297
D48: =SUM(D32:D46) -> 100 | E48: =SUM(E32:E46) -> 0.010424224 | F48: =SUM(F32:F46) -> 1 | G48: =SUM(G32:G46) -> 2.6281559 | H48: =SUM(H32:H46) -> 1 | I48: =SUM(I32:I46) -> 72.702568 | J48: =SUM(J32:J46) -> 100
G50: =SUM(G32:G33,G35:G37,G39:G40,G42) -> 0.078245842 | J50: =SUM(J32:J33,J35:J37,J39:J40,J42) -> 3.5291179 | K50: HAP only %
C51: Crude Oil True Vapor Pressure:
C52: =EXP(((2799/(M30+459.6))-2.227)*LOG10(7.5)-(7261/(68+459.6))+12.82) -> 5.7618271
A54: EPCRA Section 313 Industry Guidance for Petroleum Terminals and Bulk Storage Facilities | O54: Antoine coefficient table | PDF
A56: Crude oil Composition and Properties | Download Table
B59: MW | C59: VP, pure component, psia | D59: Naphtha, Liquid, wt% | E59: Naphtha, Liquid, moles | F59: Naphtha, Liquid, mole frac | G59: Naphtha, Partial Pressure, Pi, psia | H59: Naphtha, Vapor, mole frac | I59: Avg MW vapor = y(i)*MW(i) | J59: Naphtha, Vapor, wt% | L59: T = | M59: 68 | N59: F | O59: A | P59: B | Q59: C | T59: Ships | U59: Barges
M60: =(M59-32)/1.8 -> 20 | N60: C | T60: ppm | U60: ppm
A61: n-Butane | B61: 58.12 | C61: =10^(O61-(P61/($M$60+Q61)))*(14.696/760) -> 30.075699 | D61: 1.5 | E61: =D61/100/$B61 -> 0.00025808672 | F61: =E61/E$77 -> 0.023986254 | G61: =C61*F61 -> 0.72140336 | H61: =F61*$C61/$G$77 -> 0.19865322 | I61: =H61*B61 -> 11.545725 | J61: =(H61*$B61)/$I$77*100 -> 15.349772 | O61: 6.80896 | P61: 935.86 | Q61: 238.73 | T61: ='Loading Loss'!$H$3/1000/'Loading Loss'!$G$3*'Fuel Composition'!J61*10000 -> 170.75869 | U61: ='Loading Loss'!$I$3/1000/'Loading Loss'!$G$3*'Fuel Composition'!J61*10000 -> 426.89674
A62: Pentane | B62: 72.15 | C62: =10^(O62-(P62/($M$60+Q62)))*(14.696/760) -> 8.5242886 | D62: 14.6 | E62: =D62/100/$B62 -> 0.002023562 | F62: =E62/E$77 -> 0.18806731 | G62: =C62*F62 -> 1.60314 | H62: =F62*$C62/$G$77 -> 0.4414575 | I62: =H62*B62 -> 31.851158 | J62: =(H62*$B62)/$I$77*100 -> 42.345371 | O62: 6.85296 | P62: 1064.84 | Q62: 233.01 | T62: ='Loading Loss'!$H$3/1000/'Loading Loss'!$G$3*'Fuel Composition'!J62*10000 -> 471.07152 | U62: ='Loading Loss'!$I$3/1000/'Loading Loss'!$G$3*'Fuel Composition'!J62*10000 -> 1177.6788
A63: Cyclopentane | B63: 70.1 | C63: =10^(O63-(P63/($M$60+Q63)))*(14.696/760) -> 5.0216305 | D63: 1.5 | E63: =D63/100/$B63 -> 0.00021398003 | F63: =E63/E$77 -> 0.019887034 | G63: =C63*F63 -> 0.099865339 | H63: =F63*$C63/$G$77 -> 0.02749997 | I63: =H63*B63 -> 1.9277479 | J63: =(H63*$B63)/$I$77*100 -> 2.5628958 | O63: 6.88676 | P63: 1124.162 | Q63: 231.361 | T63: ='Loading Loss'!$H$3/1000/'Loading Loss'!$G$3*'Fuel Composition'!J63*10000 -> 28.510961 | U63: ='Loading Loss'!$I$3/1000/'Loading Loss'!$G$3*'Fuel Composition'!J63*10000 -> 71.277403
A64: Benzene | B64: 78.11 | C64: =10^(O64-(P64/($M$60+Q64)))*(14.696/760) -> 1.4541857 | D64: 1.8 | E64: =D64/100/$B64 -> 0.00023044425 | F64: =E64/E$77 -> 0.021417198 | G64: =C64*F64 -> 0.031144583 | H64: =F64*$C64/$G$77 -> 0.0085763002 | I64: =H64*B64 -> 0.66989481 | J64: =(H64*$B64)/$I$77*100 -> 0.8906095 | O64: 6.90565 | P64: 1211.033 | Q64: 220.79 | T64: ='Loading Loss'!$H$3/1000/'Loading Loss'!$G$3*'Fuel Composition'!J64*10000 -> 9.9075946 | U64: ='Loading Loss'!$I$3/1000/'Loading Loss'!$G$3*'Fuel Composition'!J64*10000 -> 24.768986
A65: Cyclohexane | B65: 84.162 | C65: =10^(O65-(P65/($M$60+Q65)))*(14.696/760) -> 1.4994094 | D65: 7.5 | E65: =D65/100/$B65 -> 0.00089113852 | F65: =E65/E$77 -> 0.082821291 | G65: =C65*F65 -> 0.12418302 | H65: =F65*$C65/$G$77 -> 0.034196344 | I65: =H65*B65 -> 2.8780327 | J65: =(H65*$B65)/$I$77*100 -> 3.8262772 | O65: 6.8413 | P65: 1201.531 | Q65: 222.647 | T65: ='Loading Loss'!$H$3/1000/'Loading Loss'!$G$3*'Fuel Composition'!J65*10000 -> 42.56546 | U65: ='Loading Loss'!$I$3/1000/'Loading Loss'!$G$3*'Fuel Composition'!J65*10000 -> 106.41365
A66: n-Hexane | B66: 86.18 | C66: =10^(O66-(P66/($M$60+Q66)))*(14.696/760) -> 2.3473094 | D66: 8.5 | E66: =D66/100/$B66 -> 0.00098630773 | F66: =E66/E$77 -> 0.091666198 | G66: =C66*F66 -> 0.21516893 | H66: =F66*$C66/$G$77 -> 0.05925118 | I66: =H66*B66 -> 5.1062667 | J66: =(H66*$B66)/$I$77*100 -> 6.7886623 | O66: 6.87601 | P66: 1171.17 | Q66: 224.41 | T66: ='Loading Loss'!$H$3/1000/'Loading Loss'!$G$3*'Fuel Composition'!J66*10000 -> 75.520544 | U66: ='Loading Loss'!$I$3/1000/'Loading Loss'!$G$3*'Fuel Composition'!J66*10000 -> 188.80136
A67: 2-Methylhexane (surrogate for hexanes) | B67: 100.2 | C67: =10^(O67-(P67/($M$60+Q67)))*(14.696/760) -> 3.3164041 | D67: 6.5 | E67: =D67/100/$B67 -> 0.00064870259 | F67: =E67/E$77 -> 0.060289602 | G67: =C67*F67 -> 0.19994468 | H67: =F67*$C67/$G$77 -> 0.055058872 | I67: =H67*B67 -> 5.516899 | J67: =(H67*$B67)/$I$77*100 -> 7.3345884 | O67: 6.8391 | P67: 1135.41 | Q67: 226.57 | T67: ='Loading Loss'!$H$3/1000/'Loading Loss'!$G$3*'Fuel Composition'!J67*10000 -> 81.593704 | U67: ='Loading Loss'!$I$3/1000/'Loading Loss'!$G$3*'Fuel Composition'!J67*10000 -> 203.98426
A68: Toluene | B68: 92.14 | C68: =10^(O68-(P68/($M$60+Q68)))*(14.696/760) -> 0.42220687 | D68: 3 | E68: =D68/100/$B68 -> 0.00032559149 | F68: =E68/E$77 -> 0.030260063 | G68: =C68*F68 -> 0.012776007 | H68: =F68*$C68/$G$77 -> 0.0035181356 | I68: =H68*B68 -> 0.32416101 | J68: =(H68*$B68)/$I$77*100 -> 0.4309645 | O68: 6.95464 | P68: 1344.8 | Q68: 219.48 | T68: ='Loading Loss'!$H$3/1000/'Loading Loss'!$G$3*'Fuel Composition'!J68*10000 -> 4.794269 | U68: ='Loading Loss'!$I$3/1000/'Loading Loss'!$G$3*'Fuel Composition'!J68*10000 -> 11.985673
A69: Xylene | B69: 106.14 | C69: =10^(O69-(P69/($M$60+Q69)))*(14.696/760) -> 0.12596357 | D69: 2.8 | E69: =D69/100/$B69 -> 0.00026380252 | F69: =E69/E$77 -> 0.024517474 | G69: =C69*F69 -> 0.0030883087 | H69: =F69*$C69/$G$77 -> 0.00085042918 | I69: =H69*B69 -> 0.090264553 | J69: =(H69*$B69)/$I$77*100 -> 0.12000462 | O69: 6.99052 | P69: 1453.43 | Q69: 215.31 | T69: ='Loading Loss'!$H$3/1000/'Loading Loss'!$G$3*'Fuel Composition'!J69*10000 -> 1.3349926 | U69: ='Loading Loss'!$I$3/1000/'Loading Loss'!$G$3*'Fuel Composition'!J69*10000 -> 3.3374814
A70: Heptane | B70: 100.2 | C70: =10^(O70-(P70/($M$60+Q70)))*(14.696/760) -> 0.6849291 | D70: 4.4 | E70: =D70/100/$B70 -> 0.00043912176 | F70: =E70/E$77 -> 0.040811423 | G70: =C70*F70 -> 0.027952931 | H70: =F70*$C70/$G$77 -> 0.0076974132 | I70: =H70*B70 -> 0.7712808 | J70: =(H70*$B70)/$I$77*100 -> 1.0253998 | O70: 6.89677 | P70: 1264.9 | Q70: 216.54 | T70: ='Loading Loss'!$H$3/1000/'Loading Loss'!$G$3*'Fuel Composition'!J70*10000 -> 11.407071 | U70: ='Loading Loss'!$I$3/1000/'Loading Loss'!$G$3*'Fuel Composition'!J70*10000 -> 28.517677
A71: 2-Methylpentane (surrogate for C6 cpds) | B71: 86.18 | C71: =10^(O71-(P71/($M$60+Q71)))*(14.696/760) -> 3.3164041 | D71: 14.9 | E71: =D71/100/$B71 -> 0.0017289394 | F71: =E71/E$77 -> 0.16068545 | G71: =C71*F71 -> 0.5328979 | H71: =F71*$C71/$G$77 -> 0.14674437 | I71: =H71*B71 -> 12.64643 | J71: =(H71*$B71)/$I$77*100 -> 16.813133 | O71: 6.8391 | P71: 1135.41 | Q71: 226.57 | T71: ='Loading Loss'!$H$3/1000/'Loading Loss'!$G$3*'Fuel Composition'!J71*10000 -> 187.03787 | U71: ='Loading Loss'!$I$3/1000/'Loading Loss'!$G$3*'Fuel Composition'!J71*10000 -> 467.59469
A72: 2,3,4-Trimethylpentane (surrogate for C8 cpds) | B72: 114.23 | C72: =10^(O72-(P72/($M$60+Q72)))*(14.696/760) -> 0.40166681 | D72: 16.8 | E72: =D72/100/$B72 -> 0.001470717 | F72: =E72/E$77 -> 0.13668658 | G72: =C72*F72 -> 0.054902464 | H72: =F72*$C72/$G$77 -> 0.01511852 | I72: =H72*B72 -> 1.7269886 | J72: =(H72*$B72)/$I$77*100 -> 2.295991 | O72: 6.85396 | P72: 1315.08 | Q72: 217.53 | T72: ='Loading Loss'!$H$3/1000/'Loading Loss'!$G$3*'Fuel Composition'!J72*10000 -> 25.541775 | U72: ='Loading Loss'!$I$3/1000/'Loading Loss'!$G$3*'Fuel Composition'!J72*10000 -> 63.854437
... A75: Decane | B75: 142.29 | C75: =10^(O75-(P75/($M$60+Q75)))*(14.696/760) -> 0.022929133 | D75: 7 | E75: =D75/100/$B75 -> 0.00049195305 | F75: =E75/E$77 -> 0.045721497 | G75: =C75*F75 -> 0.0010483543 | H75: =F75*$C75/$G$77 -> 0.00028868586 | I75: =H75*B75 -> 0.041077112 | J75: =(H75*$B75)/$I$77*100 -> 0.054611061 | O75: 7.44 | P75: 1843.12 | Q75: 230.22 | T75: ='Loading Loss'!$H$3/1000/'Loading Loss'!$G$3*'Fuel Composition'!J75*10000 -> 0.6075213 | U75: ='Loading Loss'!$I$3/1000/'Loading Loss'!$G$3*'Fuel Composition'!J75*10000 -> 1.5188033
D77: =SUM(D61:D75) -> 100 | E77: =SUM(E61:E75) -> 0.010759776 | F77: =SUM(F61:F75) -> 1 | G77: =SUM(G61:G75) -> 3.6314708 | H77: =SUM(H61:H75) -> 1 | I77: =SUM(I61:I75) -> 75.217568 | J77: =SUM(J61:J75) -> 100
G79: =SUM(G64,G66,G68:G69,G74) -> 0.26457458 | J79: =SUM(J64,J66,J68:J69,J74) -> 8.3233994 | K79: HAP only %
A81: 1. Typical composition of a naphtha feed containing 10 wt% aromatics [DSM] | Download Table
B85: MW | C85: VP, pure component, psia | D85: Kerosene, Liquid, wt% | E85: Kerosene, Liquid, moles | F85: Kerosene, Liquid, mole frac | G85: Kerosene, Partial Pressure, Pi, psia | H85: Kerosene, Vapor, mole frac | I85: Avg MW vapor = y(i)*MW(i) | J85: Kerosene, Vapor, wt% | L85: T = | M85: 68 | N85: F | O85: A | P85: B | Q85: C | T85: Ships | U85: Barges
M86: =(M85-32)/1.8 -> 20 | N86: C | T86: ppm | U86: ppm
A87: Benzene | B87: 78.11 | C87: =10^(O87-(P87/($M$86+Q87)))*(14.696/760) -> 1.4541857 | D87: 0.004 | E87: =D87/100/$B87 -> 5.1209832e-07 | F87: =E87/E$100 -> 6.6263358e-05 | G87: =C87*F87 -> 9.635923e-05 | H87: =F87*$C87/$G$100 -> 0.0018087012 | I87: =H87*B87 -> 0.14127765 | J87: =(H87*$B87)/$I$100*100 -> 0.11742876 | O87: 6.90565 | P87: 1211.033 | Q87: 220.79 | T87: ='Loading Loss'!$H$4/1000/'Loading Loss'!$G$4*'Fuel Composition'!J87*10000 -> 0.0010538547 | U87: ='Loading Loss'!$I$4/1000/'Loading Loss'!$G$4*'Fuel Composition'!J87*10000 -> 0.0026346368
A88: Biphenyl | B88: 154.2078 | C88: =10^(O88-(P88/($M$86+Q88)))*(14.696/760) -> 0.00036178738 | D88: 0.12 | E88: =D88/100/$B88 -> 7.7817075e-06 | F88: =E88/E$100 -> 0.0010069201 | G88: =C88*F88 -> 3.6429097e-07 | H88: =F88*$C88/$G$100 -> 6.8378869e-06 | I88: =H88*B88 -> 0.0010544555 | J88: =(H88*$B88)/$I$100*100 -> 0.00087645429 | O88: 7.2454 | P88: 1998.72 | Q88: 202.74 | T88: ='Loading Loss'!$H$4/1000/'Loading Loss'!$G$4*'Fuel Composition'!J88*10000 -> 7.8656665e-06 | U88: ='Loading Loss'!$I$4/1000/'Loading Loss'!$G$4*'Fuel Composition'!J88*10000 -> 1.9664166e-05
A89: Ethylbenzene | B89: 106.17 | C89: =10^(O89-(P89/($M$86+Q89)))*(14.696/760) -> 0.13689812 | D89: 0.127 | E89: =D89/100/$B89 -> 1.1961948e-05 | F89: =E89/E$100 -> 0.0015478255 | G89: =C89*F89 -> 0.00021189439 | H89: =F89*$C89/$G$100 -> 0.0039773423 | I89: =H89*B89 -> 0.42227443 | J89: =(H89*$B89)/$I$100*100 -> 0.35099085 | O89: 6.95719 | P89: 1424.255 | Q89: 213.21 | T89: ='Loading Loss'!$H$4/1000/'Loading Loss'!$G$4*'Fuel Composition'!J89*10000 -> 0.0031499384 | U89: ='Loading Loss'!$I$4/1000/'Loading Loss'!$G$4*'Fuel Composition'!J89*10000 -> 0.007874846
A90: n-Hexane | B90: 86.18 | C90: =10^(O90-(P90/($M$86+Q90)))*(14.696/760) -> 2.3473094 | D90: 0.005 | E90: =D90/100/$B90 -> 5.8018102e-07 | F90: =E90/E$100 -> 7.5072971e-05 | G90: =C90*F90 -> 0.00017621949 | H90: =F90*$C90/$G$100 -> 0.0033077102 | I90: =H90*B90 -> 0.28505846 | J90: =(H90*$B90)/$I$100*100 -> 0.23693813 | O90: 6.87601 | P90: 1171.17 | Q90: 224.41 | T90: ='Loading Loss'!$H$4/1000/'Loading Loss'!$G$4*'Fuel Composition'!J90*10000 -> 0.0021263816 | U90: ='Loading Loss'!$I$4/1000/'Loading Loss'!$G$4*'Fuel Composition'!J90*10000 -> 0.0053159541
A91: Naphthalene | B91: 128.17 | C91: =10^(O91-(P91/($M$86+Q91)))*(14.696/760) -> 0.0034923466 | D91: 0.733 | E91: =D91/100/$B91 -> 5.718967e-05 | F91: =E91/E$100 -> 0.0074001015 | G91: =C91*F91 -> 2.584372e-05 | H91: =F91*$C91/$G$100 -> 0.00048509693 | I91: =H91*B91 -> 0.062174873 | J91: =(H91*$B91)/$I$100*100 -> 0.051679217 | O91: 7.37 | P91: 1968.36 | Q91: 222.61 | T91: ='Loading Loss'!$H$4/1000/'Loading Loss'!$G$4*'Fuel Composition'!J91*10000 -> 0.00046379086 | U91: ='Loading Loss'!$I$4/1000/'Loading Loss'!$G$4*'Fuel Composition'!J91*10000 -> 0.0011594772
A92: Phenol | B92: 94.1112 | C92: =10^(O92-(P92/($M$86+Q92)))*(14.696/760) -> 0.0042558417 | D92: 0.77 | E92: =D92/100/$B92 -> 8.1818105e-05 | F92: =E92/E$100 -> 0.010586917 | G92: =C92*F92 -> 4.5056242e-05 | H92: =F92*$C92/$G$100 -> 0.00084572364 | I92: =H92*B92 -> 0.079592067 | J92: =(H92*$B92)/$I$100*100 -> 0.066156237 | O92: 7.1345 | P92: 1516.07 | Q92: 174.57 | T92: ='Loading Loss'!$H$4/1000/'Loading Loss'!$G$4*'Fuel Composition'!J92*10000 -> 0.00059371368 | U92: ='Loading Loss'!$I$4/1000/'Loading Loss'!$G$4*'Fuel Composition'!J92*10000 -> 0.0014842842
A93: Toluene | B93: 92.14 | C93: =10^(O93-(P93/($M$86+Q93)))*(14.696/760) -> 0.42220687 | D93: 0.13 | E93: =D93/100/$B93 -> 1.4108965e-05 | F93: =E93/E$100 -> 0.0018256404 | G93: =C93*F93 -> 0.00077079792 | H93: =F93*$C93/$G$100 -> 0.014468184 | I93: =H93*B93 -> 1.3330985 | J93: =(H93*$B93)/$I$100*100 -> 1.10806 | O93: 6.95464 | P93: 1344.8 | Q93: 219.48 | T93: ='Loading Loss'!$H$4/1000/'Loading Loss'!$G$4*'Fuel Composition'!J93*10000 -> 0.0099441925 | U93: ='Loading Loss'!$I$4/1000/'Loading Loss'!$G$4*'Fuel Composition'!J93*10000 -> 0.024860481
A94: Xylene | B94: 106.14 | C94: =10^(O94-(P94/($M$86+Q94)))*(14.696/760) -> 0.12596357 | D94: 0.31 | E94: =D94/100/$B94 -> 2.9206708e-05 | F94: =E94/E$100 -> 0.0037792246 | G94: =C94*F94 -> 0.00047604463 | H94: =F94*$C94/$G$100 -> 0.0089355477 | I94: =H94*B94 -> 0.94841904 | J94: =(H94*$B94)/$I$100*100 -> 0.7883177 | O94: 6.99052 | P94: 1453.43 | Q94: 215.31 | T94: ='Loading Loss'!$H$4/1000/'Loading Loss'!$G$4*'Fuel Composition'!J94*10000 -> 0.007074692 | U94: ='Loading Loss'!$I$4/1000/'Loading Loss'!$G$4*'Fuel Composition'!J94*10000 -> 0.01768673
A95: Heptane | B95: 100.2 | C95: =10^(O95-(P95/($M$86+Q95)))*(14.696/760) -> 0.6849291 | D95: 0.08 | E95: =D95/100/$B95 -> 7.9840319e-06 | F95: =E95/E$100 -> 0.0010331 | G95: =C95*F95 -> 0.00070760024 | H95: =F95*$C95/$G$100 -> 0.013281939 | I95: =H95*B95 -> 1.3308503 | J95: =(H95*$B95)/$I$100*100 -> 1.1061912 | O95: 6.89677 | P95: 1264.9 | Q95: 216.54 | T95: ='Loading Loss'!$H$4/1000/'Loading Loss'!$G$4*'Fuel Composition'!J95*10000 -> 0.0099274217 | U95: ='Loading Loss'!$I$4/1000/'Loading Loss'!$G$4*'Fuel Composition'!J95*10000 -> 0.024818554
A96: 2,3,4-Trimethylpentane (surrogate for C8 cpds) | B96: 114.23 | C96: =10^(O96-(P96/($M$86+Q96)))*(14.696/760) -> 0.40166681 | D96: 6.1 | E96: =D96/100/$B96 -> 0.00053401033 | F96: =E96/E$100 -> 0.069098679 | G96: =C96*F96 -> 0.027754646 | H96: =F96*$C96/$G$100 -> 0.52096578 | I96: =H96*B96 -> 59.509921 | J96: =(H96*$B96)/$I$100*100 -> 49.464132 | O96: 6.85396 | P96: 1315.08 | Q96: 217.53 | T96: ='Loading Loss'!$H$4/1000/'Loading Loss'!$G$4*'Fuel Composition'!J96*10000 -> 0.44391176 | U96: ='Loading Loss'!$I$4/1000/'Loading Loss'!$G$4*'Fuel Composition'!J96*10000 -> 1.1097794
A97: 1,2,4-Trimethylbenzene (surrogate for C9 cpds) | B97: 120.19 | C97: =10^(O97-(P97/($M$86+Q97)))*(14.696/760) -> 0.027986508 | D97: 42.1 | E97: =D97/100/$B97 -> 0.0035027873 | F97: =E97/E$100 -> 0.45324586 | G97: =C97*F97 -> 0.012684769 | H97: =F97*$C97/$G$100 -> 0.23809818 | I97: =H97*B97 -> 28.61702 | J97: =(H97*$B97)/$I$100*100 -> 23.78622 | O97: 7.04383 | P97: 1573.267 | Q97: 208.564 | T97: ='Loading Loss'!$H$4/1000/'Loading Loss'!$G$4*'Fuel Composition'!J97*10000 -> 0.21346746 | U97: ='Loading Loss'!$I$4/1000/'Loading Loss'!$G$4*'Fuel Composition'!J97*10000 -> 0.53366865
A98: Decane + (decane used as surrogate) | B98: 142.29 | C98: =10^(O98-(P98/($M$86+Q98)))*(14.696/760) -> 0.022929133 | D98: 49.521 | E98: =D98/100/$B98 -> 0.0034802867 | F98: =E98/E$100 -> 0.45033439 | G98: =C98*F98 -> 0.010325777 | H98: =F98*$C98/$G$100 -> 0.19381896 | I98: =H98*B98 -> 27.578499 | J98: =(H98*$B98)/$I$100*100 -> 22.92301 | O98: 7.44 | P98: 1843.12 | Q98: 230.22 | T98: ='Loading Loss'!$H$4/1000/'Loading Loss'!$G$4*'Fuel Composition'!J98*10000 -> 0.20572066 | U98: ='Loading Loss'!$I$4/1000/'Loading Loss'!$G$4*'Fuel Composition'!J98*10000 -> 0.51430164
D100: =SUM(D87:D99) -> 100 | E100: =SUM(E87:E99) -> 0.0077282277 | F100: =SUM(F87:F99) -> 1 | G100: =SUM(G87:G99) -> 0.053275373 | H100: =SUM(H87:H99) -> 1 | I100: =SUM(I87:I99) -> 120.30924 | J100: =SUM(J87:J99) -> 100
G102: =SUM(G87:G94) -> 0.0018025799 | J102: =SUM(J87,J88,J89,J90,J91,J92,J93,J94) -> 2.7204473 | K102: HAP only %
A103: WO2004050804A1 - Kerosene composition - Google Patents
A104: EPCRA Section 313 Industry Guidance for Petroleum Terminals and Bulk Storage Facilities
B108: MW | C108: VP, pure component, psia | D108: Diesel, Liquid, wt% | E108: Diesel, Liquid, moles | F108: Diesel, Liquid, mole frac | G108: Diesel, Partial Pressure, Pi, psia | H108: Diesel, Vapor, mole frac | I108: Avg MW vapor = y(i)*MW(i) | J108: Diesel, Vapor, wt% | L108: T = | M108: 68 | N108: F | O108: A | P108: B | Q108: C | T108: Ships | U108: Barges
M109: =(M108-32)/1.8 -> 20 | N109: C | T109: ppm | U109: ppm
A110: Benzene | B110: 78.11 | C110: =10^(O110-(P110/($M$109+Q110)))*(14.696/760) -> 1.4541857 | D110: 0.0008 | E110: =D110/100/$B110 -> 1.0241966e-07 | F110: =E110/E$124 -> 1.3816958e-05 | G110: =C110*F110 -> 2.0092424e-05 | H110: =F110*$C110/$G$124 -> 6.3581289e-05 | I110: =H110*B110 -> 0.0049663345 | J110: =(H110*$B110)/$I$124*100 -> 0.0053616644 | O110: 6.90565 | P110: 1211.033 | Q110: 220.79 | T110: ='Loading Loss'!$H$5/1000/'Loading Loss'!$G$5*'Fuel Composition'!J110*10000 -> 4.0803397e-05 | U110: ='Loading Loss'!$I$5/1000/'Loading Loss'!$G$5*'Fuel Composition'!J110*10000 -> 0.00010200849
A111: Biphenyl | B111: 154.2078 | C111: =10^(O111-(P111/($M$109+Q111)))*(14.696/760) -> 0.00036178738 | D111: 0.1 | E111: =D111/100/$B111 -> 6.4847563e-06 | F111: =E111/E$124 -> 0.00087482817 | G111: =C111*F111 -> 3.1650179e-07 | H111: =F111*$C111/$G$124 -> 1.0015512e-06 | I111: =H111*B111 -> 0.00015444701 | J111: =(H111*$B111)/$I$124*100 -> 0.0001667413 | O111: 7.2454 | P111: 1998.72 | Q111: 202.74 | T111: ='Loading Loss'!$H$5/1000/'Loading Loss'!$G$5*'Fuel Composition'!J111*10000 -> 1.2689364e-06 | U111: ='Loading Loss'!$I$5/1000/'Loading Loss'!$G$5*'Fuel Composition'!J111*10000 -> 3.1723411e-06
A112: Ethylbenzene | B112: 106.17 | C112: =10^(O112-(P112/($M$109+Q112)))*(14.696/760) -> 0.13689812 | D112: 0.013 | E112: =D112/100/$B112 -> 1.2244514e-06 | F112: =E112/E$124 -> 0.00016518501 | G112: =C112*F112 -> 2.2613517e-05 | H112: =F112*$C112/$G$124 -> 7.1559139e-05 | I112: =H112*B112 -> 0.0075974338 | J112: =(H112*$B112)/$I$124*100 -> 0.0082022044 | O112: 6.95719 | P112: 1424.255 | Q112: 213.21 | T112: ='Loading Loss'!$H$5/1000/'Loading Loss'!$G$5*'Fuel Composition'!J112*10000 -> 6.2420505e-05 | U112: ='Loading Loss'!$I$5/1000/'Loading Loss'!$G$5*'Fuel Composition'!J112*10000 -> 0.00015605126
A113: n-Hexane | B113: 86.18 | C113: =10^(O113-(P113/($M$109+Q113)))*(14.696/760) -> 2.3473094 | D113: 1 | E113: =D113/100/$B113 -> 0.0001160362 | F113: =E113/E$124 -> 0.015653902 | G113: =C113*F113 -> 0.036744552 | H113: =F113*$C113/$G$124 -> 0.11627596 | I113: =H113*B113 -> 10.020663 | J113: =(H113*$B113)/$I$124*100 -> 10.818327 | O113: 6.87601 | P113: 1171.17 | Q113: 224.41 | T113: ='Loading Loss'!$H$5/1000/'Loading Loss'!$G$5*'Fuel Composition'!J113*10000 -> 0.08232975 | U113: ='Loading Loss'!$I$5/1000/'Loading Loss'!$G$5*'Fuel Composition'!J113*10000 -> 0.20582437
A114: Naphthalene | B114: 128.17 | C114: =10^(O114-(P114/($M$109+Q114)))*(14.696/760) -> 0.0034923466 | D114: 0.55 | E114: =D114/100/$B114 -> 4.2911758e-05 | F114: =E114/E$124 -> 0.0057890248 | G114: =C114*F114 -> 2.0217281e-05 | H114: =F114*$C114/$G$124 -> 6.3976393e-05 | I114: =H114*B114 -> 0.0081998543 | J114: =(H114*$B114)/$I$124*100 -> 0.0088525787 | O114: 7.37 | P114: 1968.36 | Q114: 222.61 | T114: ='Loading Loss'!$H$5/1000/'Loading Loss'!$G$5*'Fuel Composition'!J114*10000 -> 6.7369991e-05 | U114: ='Loading Loss'!$I$5/1000/'Loading Loss'!$G$5*'Fuel Composition'!J114*10000 -> 0.00016842498
A115: Phenol | B115: 94.1112 | C115: =10^(O115-(P115/($M$109+Q115)))*(14.696/760) -> 0.0042558417 | D115: 0.064 | E115: =D115/100/$B115 -> 6.8004658e-06 | F115: =E115/E$124 -> 0.00091741907 | G115: =C115*F115 -> 3.9043903e-06 | H115: =F115*$C115/$G$124 -> 1.2355213e-05 | I115: =H115*B115 -> 0.0011627639 | J115: =(H115*$B115)/$I$124*100 -> 0.0012553222 | O115: 7.1345 | P115: 1516.07 | Q115: 174.57 | T115: ='Loading Loss'!$H$5/1000/'Loading Loss'!$G$5*'Fuel Composition'!J115*10000 -> 9.5532665e-06 | U115: ='Loading Loss'!$I$5/1000/'Loading Loss'!$G$5*'Fuel Composition'!J115*10000 -> 2.3883166e-05
A116: Styrene | B116: 104.15 | C116: =10^(O116-(P116/($M$109+Q116)))*(14.696/760) -> 0.087703079 | D116: 0.032 | E116: =D116/100/$B116 -> 3.0724916e-06 | F116: =E116/E$124 -> 0.00041449549 | G116: =C116*F116 -> 3.635253e-05 | H116: =F116*$C116/$G$124 -> 0.00011503544 | I116: =H116*B116 -> 0.011980941 | J116: =(H116*$B116)/$I$124*100 -> 0.012934647 | O116: 6.9571 | P116: 1445.58 | Q116: 209.44 | T116: ='Loading Loss'!$H$5/1000/'Loading Loss'!$G$5*'Fuel Composition'!J116*10000 -> 9.8435392e-05 | U116: ='Loading Loss'!$I$5/1000/'Loading Loss'!$G$5*'Fuel Composition'!J116*10000 -> 0.00024608848
A117: Toluene | B117: 92.14 | C117: =10^(O117-(P117/($M$109+Q117)))*(14.696/760) -> 0.42220687 | D117: 0.032 | E117: =D117/100/$B117 -> 3.4729759e-06 | F117: =E117/E$124 -> 0.00046852295 | G117: =C117*F117 -> 0.00019781361 | H117: =F117*$C117/$G$124 -> 0.0006259695 | I117: =H117*B117 -> 0.05767683 | J117: =(H117*$B117)/$I$124*100 -> 0.062268018 | O117: 6.95464 | P117: 1344.8 | Q117: 219.48 | T117: ='Loading Loss'!$H$5/1000/'Loading Loss'!$G$5*'Fuel Composition'!J117*10000 -> 0.00047387275 | U117: ='Loading Loss'!$I$5/1000/'Loading Loss'!$G$5*'Fuel Composition'!J117*10000 -> 0.0011846819
A118: Xylene | B118: 106.14 | C118: =10^(O118-(P118/($M$109+Q118)))*(14.696/760) -> 0.12596357 | D118: 0.029 | E118: =D118/100/$B118 -> 2.7322404e-06 | F118: =E118/E$124 -> 0.00036859379 | G118: =C118*F118 -> 4.6429392e-05 | H118: =F118*$C118/$G$124 -> 0.00014692307 | I118: =H118*B118 -> 0.015594415 | J118: =(H118*$B118)/$I$124*100 -> 0.01683576 | O118: 6.99052 | P118: 1453.43 | Q118: 215.31 | T118: ='Loading Loss'!$H$5/1000/'Loading Loss'!$G$5*'Fuel Composition'!J118*10000 -> 0.00012812369 | U118: ='Loading Loss'!$I$5/1000/'Loading Loss'!$G$5*'Fuel Composition'!J118*10000 -> 0.00032030922
A119: 2-Methylpentane (surrogate for C6 cpds) | B119: 86.18 | C119: =10^(O119-(P119/($M$109+Q119)))*(14.696/760) -> 3.3164041 | D119: 3.7 | E119: =D119/100/$B119 -> 0.00042933395 | F119: =E119/E$124 -> 0.057919438 | G119: =C119*F119 -> 0.19208426 | H119: =F119*$C119/$G$124 -> 0.60783931 | I119: =H119*B119 -> 52.383592 | J119: =(H119*$B119)/$I$124*100 -> 56.553428 | O119: 6.8391 | P119: 1135.41 | Q119: 226.57 | T119: ='Loading Loss'!$H$5/1000/'Loading Loss'!$G$5*'Fuel Composition'!J119*10000 -> 0.43038351 | U119: ='Loading Loss'!$I$5/1000/'Loading Loss'!$G$5*'Fuel Composition'!J119*10000 -> 1.0759588
A120: 2-Methylhexane (surrogate for C7 cpds) | B120: 100.2 | C120: =10^(O120-(P120/($M$109+Q120)))*(14.696/760) -> 0.99952842 | D120: 5 | E120: =D120/100/$B120 -> 0.000499002 | F120: =E120/E$124 -> 0.067318028 | G120: =C120*F120 -> 0.067286282 | H120: =F120*$C120/$G$124 -> 0.21292347 | I120: =H120*B120 -> 21.334932 | J120: =(H120*$B120)/$I$124*100 -> 23.033234 | O120: 6.87318 | P120: 1236.023 | Q120: 219.55 | T120: ='Loading Loss'!$H$5/1000/'Loading Loss'!$G$5*'Fuel Composition'!J120*10000 -> 0.17528777 | U120: ='Loading Loss'!$I$5/1000/'Loading Loss'!$G$5*'Fuel Composition'!J120*10000 -> 0.43821942
A121: 1,2,4-Trimethylbenzene (surrogate for C9 cpds) | B121: 120.19 | C121: =10^(O121-(P121/($M$109+Q121)))*(14.696/760) -> 0.027986508 | D121: 1 | E121: =D121/100/$B121 -> 8.3201597e-05 | F121: =E121/E$124 -> 0.011224339 | G121: =C121*F121 -> 0.00031413005 | H121: =F121*$C121/$G$124 -> 0.00099404601 | I121: =H121*B121 -> 0.11947439 | J121: =(H121*$B121)/$I$124*100 -> 0.12898478 | O121: 7.04383 | P121: 1573.267 | Q121: 208.564 | T121: ='Loading Loss'!$H$5/1000/'Loading Loss'!$G$5*'Fuel Composition'!J121*10000 -> 0.00098160141 | U121: ='Loading Loss'!$I$5/1000/'Loading Loss'!$G$5*'Fuel Composition'!J121*10000 -> 0.0024540035
A122: C10 cpds+ (decane used as surrogate) | B122: 142.29 | C122: =10^(O122-(P122/($M$109+Q122)))*(14.696/760) -> 0.022929133 | D122: 88.4792 | E122: =D122/100/$B122 -> 0.0062182304 | F122: =E122/E$124 -> 0.83887241 | G122: =C122*F122 -> 0.019234617 | H122: =F122*$C122/$G$124 -> 0.06086681 | I122: =H122*B122 -> 8.6607383 | J122: =(H122*$B122)/$I$124*100 -> 9.35015 | O122: 7.44 | P122: 1843.12 | Q122: 230.22 | T122: ='Loading Loss'!$H$5/1000/'Loading Loss'!$G$5*'Fuel Composition'!J122*10000 -> 0.071156614 | U122: ='Loading Loss'!$I$5/1000/'Loading Loss'!$G$5*'Fuel Composition'!J122*10000 -> 0.17789153
D124: =SUM(D110:D123) -> 100 | E124: =SUM(E110:E123) -> 0.0074126057 | F124: =SUM(F110:F123) -> 1 | G124: =SUM(G110:G123) -> 0.31601158 | H124: =SUM(H110:H123) -> 1 | I124: =SUM(I110:I123) -> 92.626732 | J124: =SUM(J110:J123) -> 100
G126: =SUM(G110:G118) -> 0.037092291 | J126: =SUM(J110:J118) -> 10.934204 | K126: HAP only %
A128: EPCRA Section 313 Industry Guidance for Petroleum Terminals and Bulk Storage Facilities
...

Sheet Instructions

Sheet AP-42Ch5

Sheet LoadingLoss
A1: Crude oil | I1: Generated emission factor
A2: Symbol | B2: Variable | C2: Units | D2: Input | I2: Symbol | J2: Variable | K2: Units | L2: Input
A3: Ca | B3: Arrival emission factor | C3: Ib/^3 | I3: P | J3: true vapor pressure of loaded crude oil | K3: Ib/^3
A4: Cg | B4: Generated emission factor | C4: Ib/^3 | D4: =K8 -> #DIV/0! | I4: M | J4: molecular weight of vapors | K4: Ib/^3
I5: G | J5: vapor growth factor | K5: Unitless | L5: 1.02
I6: T | J6: temperature of vapors | K6: deg R
A8: CL | B8: Total loading loss, (Ib/^3 gal), AP-42, Eq. 5-2 | C8: =D3+D4 -> #DIV/0! | I8: Cg | J8: Generated emission factor | K8: =(1.84*(0.44*L3-0.42)*L4*L5/L6) -> #DIV/0!
A11: Petroleum | D11: Sample from AP-42 5.2-7
A12: Symbol | B12: Variable | C12: Units | D12: Input | I12: User Input
A13: S | B13: Saturation factor | C13: Unitless | D13: 1 | I13: Calculated/Default from AP-42
A14: P | B14: True vapor pressure of liquid loaded | C14: psia | D14: 6.6
A15: M | B15: Molecular weight of vapors | C15: Ib/Ib-mole | D15: 66
A16: T | B16: Temperature of bulk liquid | C16: deg R | D16: 540
A17: eff | B17: Overall reduction efficiency | C17: percent | D17: 94
B18: Cargo Tank Volume | C18: gal | D18: 8000
A20: LL | B20: Loading Loss (Ib), AP-42, Eq. 5-1 | C20: =(12.46*D13*D14*D15/D16)*(1-(D17/100))*D18/1000 -> 4.824512
