Workbook

Sheet 1
A1: Start Time | B1: 45220
A2: End Time | B2: 46101
E3: =IF(C7<7/26/2024,"YES","")
C4: Start Time | D4: End Time | E4: CP-539 Recovered Flare Gas | F4: CP-540 Recovered Flare Gas | G4: Total Recovered Flare Gas | H4: Total Fuel Gas | I4: FWS #2 Feed OP | J4: FWS#2 SD | K4: FWS#2 OH Vapor | L4: FWS#2 OH Vapor (filtered) | M4: FWS #3 Feed | N4: FWS#3 SD | O4: FWS#3 OH Vapor | P4: FWS#3 OH Vapor (filtered) | Q4: Total FWS OH Rate | R4: Valve to FGR | S4: Valve to FWS TO | T4: Valve to FWS TO (clamped) | U4: Theoretical Percent Contribution FWS Vapor to FGR | V4: Actual Percent Contribution FWS Vapor to FGR | W4: FG H2S | X4: F19/20 NOx | Y4: F28-33 NOx | Z4: F34 NOx | AA4: F37 NOx | AB4: F55 NOx | AC4: F78 NOx | AD4: FWS TO SO2 (pre-7/26/2024) | AE4: FWS TO SO2 LO (post-7/26/2024) | AF4: FWS TO SO2 HI (post-7/26/2024) | AG4: FWS TO SO2 | AH4: F19 Firing Rate | AI4: F20 Firing Rate | AJ4: F28 Firing Rate | AK4: F29 Firing Rate | AL4: F30 Firign Rate | AM4: F31 Firing Rate | AN4: F32 Firing Rate | AO4: F33 Firing Rate | AP4: F34 Firing Rate | AQ4: F37 Firing Rate | AR4: F55 Firing Rate | AS4: F78 Firing Rate
E5: 019:F1143 | F5: 019:F1144 | G5: 019:F1164 | H5: 003:F4064 | I5: 018:F0113.OP | J5: calc | K5: 018:F0331 | L5: calc | M5: 018:F0450.OP | N5: calc | O5: 018:F0468 | P5: calc | Q5: Calc | R5: 018:Z0767B | S5: 018:Z0767A | T5: Calc | U5: Calc | V5: Calc | W5: 003:A4985A1 | X5: 004:A1161_F | Y5: 068:A1588A.C | Z5: 068:A1920_F | AA5: 069:A0733 | AB5: 076:A0423.C | AC5: 102:A0529 | AD5: 018:A1110 | AE5: 018:A1110A_ | AF5: 018:A1110C_ | AG5: calc | AH5: MTZ.RF.2HDO.F19.Firing Rate.Instant | AI5: MTZ.RF.2HDO.F20.Firing Rate.Instant | AJ5: MTZ.RF.1HDO.F28.Firing Rate.Instant | AK5: MTZ.RF.1HDO.F29.Firing Rate.Instant | AL5: MTZ.RF.1HDO.F30.Firing Rate.Instant | AM5: MTZ.RF.Isom.F31.Firing Rate.Instant | AN5: MTZ.RF.Isom.F32.Firing Rate.Instant | AO5: MTZ.RF.Isom.F33.Firing Rate.Instant | AP5: MTZ.RF.Isom.F34.Firing Rate.Instant | AQ5: MTZ.RF.1H2.F37.Firing Rate.Instant | AR5: MTZ.RF.3HDO.F55.Firing Rate.Instant | AS5: MTZ.RF.Hot Oil-DCU.F78.Firing Rate.Instant
E6: MMSCFD | F6: MMSCFD | G6: MMSCFD | H6: MMSCFD | I6: % | J6: -- | K6: MSCFD | L6: MSCFD | M6: % | N6: -- | O6: MSCFD | P6: MSCFD | Q6: MSCFD | R6: % | S6: % | T6: % | U6: % | V6: % | W6: ppm | X6: ppm | Y6: ppm | Z6: ppm | AA6: ppm | AB6: ppm | AC6: ppm | AD6: ppm | AE6: ppm | AF6: ppm | AG6: ppm
C7: {=_xll.PIAdvCalcDat('1'!$E$5,'1'!$B$1,'1'!$B$2,"1d","average (time-weighted)","time-weighted",0,1,193,"\\PI-MTZ")} -> 45220 | D7: 45221 | E7: 1.3541284 | F7: {=_xll.PIAdvCalcDat('1'!$F$5,'1'!$B$1,'1'!$B$2,"1d","average (time-weighted)","time-weighted",0,1,192,"\\PI-MTZ")} -> 2.4582566 | G7: {=_xll.PIAdvCalcDat('1'!$G$5,'1'!$B$1,'1'!$B$2,"1d","average (time-weighted)","time-weighted",0,1,192,"\\PI-MTZ")} -> 3.8133446 | H7: {=_xll.PIAdvCalcDat('1'!$H$5,'1'!$B$1,'1'!$B$2,"1d","average (time-weighted)","time-weighted",0,1,192,"\\PI-MTZ")} -> 4.4036317 | I7: {=_xll.PIAdvCalcDat('1'!$I$5,'1'!$B$1,'1'!$B$2,"1d","average (time-weighted)","time-weighted",0,1,192,"\\PI-MTZ")} -> 0 | J7: =IF(I7=0, "SD","RUN") -> SD | K7: {=_xll.PIAdvCalcDat('1'!$K$5,'1'!$B$1,'1'!$B$2,"1d","average (time-weighted)","time-weighted",0,1,0,"\\PI-MTZ")} -> 53.275358 | L7: =IF(J7="SD",0,K7) -> 0 | M7: {=_xll.PIAdvCalcDat('1'!$M$5,'1'!$B$1,'1'!$B$2,"1d","average (time-weighted)","time-weighted",0,1,0,"\\PI-MTZ")} -> 0 | N7: =IF(M7=0,"SD","RUN") -> SD | O7: {=_xll.PIAdvCalcDat('1'!$O$5,'1'!$B$1,'1'!$B$2,"1d","average (time-weighted)","time-weighted",0,1,0,"\\PI-MTZ")} -> 0 | P7: =IF(N7="SD",0,O7) -> 0 | Q7: =SUM(P7,L7) -> 0 | R7: {=_xll.PIAdvCalcDat('1'!$R$5,'1'!$B$1,'1'!$B$2,"1d","average (time-weighted)","time-weighted",0,1,0,"\\PI-MTZ")} -> -1.2673586 | S7: {=_xll.PIAdvCalcDat('1'!$S$5,'1'!$B$1,'1'!$B$2,"1d","average (time-weighted)","time-weighted",0,1,0,"\\PI-MTZ")} -> -0.48548037 | T7: =IF(S7<0, 0, S7) -> 0 | U7: =IF(G7<0.1, 0, (Q7/(G7*1000))*100) -> 0 | V7: =IF(G7<0.1, 0, IF(R7<=0,0,Q7*(R7/(R7+T7))/(G7*1000)*100)) -> 0 | W7: {=_xll.PIAdvCalcDat('1'!$W$5,'1'!$B$1,'1'!$B$2,"1d","average (time-weighted)","time-weighted",0,1,0,"\\PI-MTZ")} -> 0 | X7: {=_xll.PIAdvCalcDat('1'!$X$5,'1'!$B$1,'1'!$B$2,"1d","average (time-weighted)","time-weighted",0,1,0,"\\PI-MTZ")} -> 0.11351776 | Y7: {=_xll.PIAdvCalcDat('1'!$Y$5,'1'!$B$1,'1'!$B$2,"1d","average (time-weighted)","time-weighted",0,1,0,"\\PI-MTZ")} -> 1.8329176 | Z7: {=_xll.PIAdvCalcDat('1'!$Z$5,'1'!$B$1,'1'!$B$2,"1d","average (time-weighted)","time-weighted",0,1,0,"\\PI-MTZ")} -> [-11059] No Good Data For Calculation | AA7: {=_xll.PIAdvCalcDat('1'!$AA$5,'1'!$B$1,'1'!$B$2,"1d","average (time-weighted)","time-weighted",0,1,0,"\\PI-MTZ")} -> -9.9804555 | AB7: {=_xll.PIAdvCalcDat('1'!$AB$5,'1'!$B$1,'1'!$B$2,"1d","average (time-weighted)","time-weighted",0,1,0,"\\PI-MTZ")} -> -0.025440409 | AC7: {=_xll.PIAdvCalcDat('1'!$AC$5,'1'!$B$1,'1'!$B$2,"1d","average (time-weighted)","time-weighted",0,1,0,"\\PI-MTZ")} -> 7.2109463 | AD7: {=_xll.PIAdvCalcDat('1'!$AD$5,'1'!$B$1,'1'!$B$2,"1d","average (time-weighted)","time-weighted",0,1,0,"\\PI-MTZ")} -> 0.6173241 | AE7: {=_xll.PIAdvCalcDat('1'!$AE$5,'1'!$B$1,'1'!$B$2,"1d","average (time-weighted)","time-weighted",0,1,0,"\\PI-MTZ")} -> [-11059] No Good Data For Calculation | AF7: {=_xll.PIAdvCalcDat('1'!$AF$5,'1'!$B$1,'1'!$B$2,"1d","average (time-weighted)","time-weighted",0,1,0,"\\PI-MTZ")} -> [-11059] No Good Data For Calculation | AG7: =IF(C7<DATE(2024,7,26), AD7, IF(AE7<100, AE7, AF7)) -> 0.6173241 | AH7: {=_xll.PIAdvCalcDat('1'!$AH$5,'1'!$B$1,'1'!$B$2,"1d","average (time-weighted)","time-weighted",0,1,0,"\\PI-MTZ")} -> 0.020194057 | AI7: {=_xll.PIAdvCalcDat('1'!$AI$5,'1'!$B$1,'1'!$B$2,"1d","average (time-weighted)","time-weighted",0,1,0,"\\PI-MTZ")} -> 0.36017735 | AJ7: {=_xll.PIAdvCalcDat('1'!$AJ$5,'1'!$B$1,'1'!$B$2,"1d","average (time-weighted)","time-weighted",0,1,0,"\\PI-MTZ")} -> 0.0029484771 | AK7: {=_xll.PIAdvCalcDat('1'!$AK$5,'1'!$B$1,'1'!$B$2,"1d","average (time-weighted)","time-weighted",0,1,0,"\\PI-MTZ")} -> [-11059] No Good Data For Calculation | AL7: {=_xll.PIAdvCalcDat('1'!$AL$5,'1'!$B$1,'1'!$B$2,"1d","average (time-weighted)","time-weighted",0,1,0,"\\PI-MTZ")} -> 0.016108204 | AM7: {=_xll.PIAdvCalcDat('1'!$AM$5,'1'!$B$1,'1'!$B$2,"1d","average (time-weighted)","time-weighted",0,1,0,"\\PI-MTZ")} -> 0 | AN7: {=_xll.PIAdvCalcDat('1'!$AN$5,'1'!$B$1,'1'!$B$2,"1d","average (time-weighted)","time-weighted",0,1,0,"\\PI-MTZ")} -> 4.0919823 | AO7: {=_xll.PIAdvCalcDat('1'!$AO$5,'1'!$B$1,'1'!$B$2,"1d","average (time-weighted)","time-weighted",0,1,0,"\\PI-MTZ")} -> 4.0428763 | AP7: {=_xll.PIAdvCalcDat('1'!$AP$5,'1'!$B$1,'1'!$B$2,"1d","average (time-weighted)","time-weighted",0,1,0,"\\PI-MTZ")} -> 0.010865762 | AQ7: {=_xll.PIAdvCalcDat('1'!$AQ$5,'1'!$B$1,'1'!$B$2,"1d","average (time-weighted)","time-weighted",0,1,0,"\\PI-MTZ")} -> 6.604352 | AR7: {=_xll.PIAdvCalcDat('1'!$AR$5,'1'!$B$1,'1'!$B$2,"1d","average (time-weighted)","time-weighted",0,1,0,"\\PI-MTZ")} -> 1.0617424 | AS7: {=_xll.PIAdvCalcDat('1'!$AS$5,'1'!$B$1,'1'!$B$2,"1d","average (time-weighted)","time-weighted",0,1,0,"\\PI-MTZ")} -> 149.4295
C8: 45221 | D8: 45222 | E8: 1.3117768 | F8: 2.4098477 | G8: 3.7207689 | H8: 4.1926003 | I8: 0 | J8: =IF(I8=0, "SD","RUN") -> SD | K8: 53.388433 | L8: =IF(J8="SD",0,K8) -> 0 | M8: 0 | N8: =IF(M8=0,"SD","RUN") -> SD | O8: 0 | P8: =IF(N8="SD",0,O8) -> 0 | Q8: =SUM(P8,L8) -> 0 | R8: -1.2341139 | S8: -0.54571297 | T8: =IF(S8<0, 0, S8) -> 0 | U8: =IF(G8<0.1, 0, (Q8/(G8*1000))*100) -> 0 | V8: =IF(G8<0.1, 0, IF(R8<=0,0,Q8*(R8/(R8+T8))/(G8*1000)*100)) -> 0 | W8: 0 | X8: 0.11351776 | Y8: 1.8810868 | Z8: [-11059] No Good Data For Calculation | AA8: -9.9746094 | AB8: -0.026360684 | AC8: 0.77267335 | AD8: 0.75672299 | AE8: [-11059] No Good Data For Calculation | AF8: [-11059] No Good Data For Calculation | AG8: =IF(C8<DATE(2024,7,26), AD8, IF(AE8<100, AE8, AF8)) -> 0.75672299 | AH8: 0 | AI8: 0.56575199 | AJ8: 0.0030502627 | AK8: [-11059] No Good Data For Calculation | AL8: 0.014960501 | AM8: 0 | AN8: 2.5357515 | AO8: 2.6603706 | AP8: 0.018944361 | AQ8: 6.7852938 | AR8: 1.0372013 | AS8: 145.58442
C9: 45222 | D9: 45223 | E9: 1.061815 | F9: 1.8105921 | G9: 2.8724273 | H9: 2.8580881 | I9: 0 | J9: =IF(I9=0, "SD","RUN") -> SD | K9: 53.159873 | L9: =IF(J9="SD",0,K9) -> 0 | M9: 0 | N9: =IF(M9=0,"SD","RUN") -> SD | O9: 0 | P9: =IF(N9="SD",0,O9) -> 0 | Q9: =SUM(P9,L9) -> 0 | R9: -1.2435659 | S9: -0.49510833 | T9: =IF(S9<0, 0, S9) -> 0 | U9: =IF(G9<0.1, 0, (Q9/(G9*1000))*100) -> 0 | V9: =IF(G9<0.1, 0, IF(R9<=0,0,Q9*(R9/(R9+T9))/(G9*1000)*100)) -> 0 | W9: 0 | X9: 0.11351776 | Y9: 1.9292559 | Z9: [-11059] No Good Data For Calculation | AA9: -9.9746094 | AB9: 1.2324543 | AC9: 0.63634123 | AD9: 0.88520059 | AE9: [-11059] No Good Data For Calculation | AF9: [-11059] No Good Data For Calculation | AG9: =IF(C9<DATE(2024,7,26), AD9, IF(AE9<100, AE9, AF9)) -> 0.88520059 | AH9: 0.019284098 | AI9: 0.61634966 | AJ9: 0.0027827542 | AK9: [-11059] No Good Data For Calculation | AL9: 0.011884197 | AM9: 0 | AN9: 0.12886576 | AO9: 0 | AP9: 0.018856411 | AQ9: 6.807873 | AR9: 2.9142594 | AS9: 131.7098
C10: 45223 | D10: 45224 | E10: 1.0640019 | F10: 2.0532206 | G10: 3.1168696 | H10: 2.3539679 | I10: 0 | J10: =IF(I10=0, "SD","RUN") -> SD | K10: 53.200324 | L10: =IF(J10="SD",0,K10) -> 0 | M10: 0 | N10: =IF(M10=0,"SD","RUN") -> SD | O10: 0 | P10: =IF(N10="SD",0,O10) -> 0 | Q10: =SUM(P10,L10) -> 0 | R10: -1.161537 | S10: -0.50298132 | T10: =IF(S10<0, 0, S10) -> 0 | U10: =IF(G10<0.1, 0, (Q10/(G10*1000))*100) -> 0 | V10: =IF(G10<0.1, 0, IF(R10<=0,0,Q10*(R10/(R10+T10))/(G10*1000)*100)) -> 0 | W10: 0 | X10: 0.11351776 | Y10: 1.9774251 | Z10: [-11059] No Good Data For Calculation | AA10: -9.9746094 | AB10: 5.9925369 | AC10: 0.23737277 | AD10: 0.69563194 | AE10: [-11059] No Good Data For Calculation | AF10: [-11059] No Good Data For Calculation | AG10: =IF(C10<DATE(2024,7,26), AD10, IF(AE10<100, AE10, AF10)) -> 0.69563194 | AH10: 0.0034243149 | AI10: 0.40556352 | AJ10: 0.0027170762 | AK10: [-11059] No Good Data For Calculation | AL10: 0.01094486 | AM10: 0 | AN10: 0 | AO10: 0 | AP10: 0.01893079 | AQ10: 6.7619999 | AR10: 8.3131673 | AS10: 136.12862
C11: 45224 | D11: 45225 | E11: 1.5135437 | F11: 2.7959353 | G11: 4.3094714 | H11: 2.2433298 | I11: 0 | J11: =IF(I11=0, "SD","RUN") -> SD | K11: 53.451409 | L11: =IF(J11="SD",0,K11) -> 0 | M11: 0 | N11: =IF(M11=0,"SD","RUN") -> SD | O11: 0.0011688512 | P11: =IF(N11="SD",0,O11) -> 0 | Q11: =SUM(P11,L11) -> 0 | R11: -1.1658707 | S11: -0.58437927 | T11: =IF(S11<0, 0, S11) -> 0 | U11: =IF(G11<0.1, 0, (Q11/(G11*1000))*100) -> 0 | V11: =IF(G11<0.1, 0, IF(R11<=0,0,Q11*(R11/(R11+T11))/(G11*1000)*100)) -> 0 | W11: 0.312632 | X11: 0.60534743 | Y11: 2.0255943 | Z11: [-11059] No Good Data For Calculation | AA11: -9.9746094 | AB11: 0.054986676 | AC11: 0.16928976 | AD11: 0.67401491 | AE11: [-11059] No Good Data For Calculation | AF11: [-11059] No Good Data For Calculation | AG11: =IF(C11<DATE(2024,7,26), AD11, IF(AE11<100, AE11, AF11)) -> 0.67401491 | AH11: 0 | AI11: 0.072162329 | AJ11: 0.0030222159 | AK11: [-11059] No Good Data For Calculation | AL11: 0.010637521 | AM11: 0 | AN11: 0 | AO11: 0 | AP11: 0.019061078 | AQ11: 8.1797202 | AR11: 11.98106 | AS11: 144.28275
C12: 45225 | D12: 45226 | E12: 1.6765536 | F12: 3.3234423 | G12: 4.9995986 | H12: 1.4592365 | I12: 0 | J12: =IF(I12=0, "SD","RUN") -> SD | K12: 53.291623 | L12: =IF(J12="SD",0,K12) -> 0 | M12: 0 | N12: =IF(M12=0,"SD","RUN") -> SD | O12: 0 | P12: =IF(N12="SD",0,O12) -> 0 | Q12: =SUM(P12,L12) -> 0 | R12: -1.2279552 | S12: -0.60437117 | T12: =IF(S12<0, 0, S12) -> 0 | U12: =IF(G12<0.1, 0, (Q12/(G12*1000))*100) -> 0 | V12: =IF(G12<0.1, 0, IF(R12<=0,0,Q12*(R12/(R12+T12))/(G12*1000)*100)) -> 0 | W12: 10.440411 | X12: 0.38933056 | Y12: 2.0737635 | Z12: [-11059] No Good Data For Calculation | AA12: -9.9746094 | AB12: 0.77209927 | AC12: 0.61866117 | AD12: 0.68446454 | AE12: [-11059] No Good Data For Calculation | AF12: [-11059] No Good Data For Calculation | AG12: =IF(C12<DATE(2024,7,26), AD12, IF(AE12<100, AE12, AF12)) -> 0.68446454 | AH12: 0.03765269 | AI12: 0.17502404 | AJ12: 0.004134906 | AK12: [-11059] No Good Data For Calculation | AL12: 0.012131829 | AM12: 0 | AN12: 0 | AO12: 0 | AP12: 0.057194616 | AQ12: 11.218343 | AR12: 35.162613 | AS12: 170.35774
C13: 45226 | D13: 45227 | E13: 1.3927046 | F13: 2.6481849 | G13: 4.0408133 | H13: 1.1110957 | I13: 0 | J13: =IF(I13=0, "SD","RUN") -> SD | K13: 53.315487 | L13: =IF(J13="SD",0,K13) -> 0 | M13: 0 | N13: =IF(M13=0,"SD","RUN") -> SD | O13: 1.044966 | P13: =IF(N13="SD",0,O13) -> 0 | Q13: =SUM(P13,L13) -> 0 | R13: -1.1627435 | S13: -0.54443043 | T13: =IF(S13<0, 0, S13) -> 0 | U13: =IF(G13<0.1, 0, (Q13/(G13*1000))*100) -> 0 | V13: =IF(G13<0.1, 0, IF(R13<=0,0,Q13*(R13/(R13+T13))/(G13*1000)*100)) -> 0 | W13: 7.1302374 | X13: 0.14679896 | Y13: 2.3438356 | Z13: 0.36047004 | AA13: -3.2304128 | AB13: 0.10029583 | AC13: 0.32380166 | AD13: 0.6671807 | AE13: [-11059] No Good Data For Calculation | AF13: [-11059] No Good Data For Calculation | AG13: =IF(C13<DATE(2024,7,26), AD13, IF(AE13<100, AE13, AF13)) -> 0.6671807 | AH13: 0.031094611 | AI13: 0.089821723 | AJ13: 0.0054039059 | AK13: [-11059] No Good Data For Calculation | AL13: 0.013669627 | AM13: 0 | AN13: 0 | AO13: 0 | AP13: 0.059515011 | AQ13: 11.538799 | AR13: 22.846435 | AS13: 174.7426
C14: 45227 | D14: 45228 | E14: 1.1048867 | F14: 1.8957259 | G14: 3.0010174 | H14: 0.78840597 | I14: 0 | J14: =IF(I14=0, "SD","RUN") -> SD | K14: 53.282516 | L14: =IF(J14="SD",0,K14) -> 0 | M14: 0 | N14: =IF(M14=0,"SD","RUN") -> SD | O14: 0.91768648 | P14: =IF(N14="SD",0,O14) -> 0 | Q14: =SUM(P14,L14) -> 0 | R14: 2.7388408 | S14: -0.53885523 | T14: =IF(S14<0, 0, S14) -> 0 | U14: =IF(G14<0.1, 0, (Q14/(G14*1000))*100) -> 0 | V14: =IF(G14<0.1, 0, IF(R14<=0,0,Q14*(R14/(R14+T14))/(G14*1000)*100)) -> 0 | W14: 0 | X14: 0.1329234 | Y14: 5.3378752 | Z14: 0.036964417 | AA14: 0.63591953 | AB14: -0.02919831 | AC14: 0.31271883 | AD14: 0.72145518 | AE14: [-11059] No Good Data For Calculation | AF14: [-11059] No Good Data For Calculation | AG14: =IF(C14<DATE(2024,7,26), AD14, IF(AE14<100, AE14, AF14)) -> 0.72145518 | AH14: 0.019786169 | AI14: 0.11603021 | AJ14: 0.013922225 | AK14: 12.972394 | AL14: 0.031849177 | AM14: 0.51955625 | AN14: 0 | AO14: 0.80685773 | AP14: 0.059452649 | AQ14: 23.819466 | AR14: 1.5703473 | AS14: 175.92639
C15: 45228 | D15: 45229 | E15: 1.1178139 | F15: 1.8821708 | G15: 2.9998518 | H15: 1.2602867 | I15: 0 | J15: =IF(I15=0, "SD","RUN") -> SD | K15: 53.224019 | L15: =IF(J15="SD",0,K15) -> 0 | M15: 0 | N15: =IF(M15=0,"SD","RUN") -> SD | O15: 12.69572 | P15: =IF(N15="SD",0,O15) -> 0 | Q15: =SUM(P15,L15) -> 0 | R15: -1.1909603 | S15: -0.51064265 | T15: =IF(S15<0, 0, S15) -> 0 | U15: =IF(G15<0.1, 0, (Q15/(G15*1000))*100) -> 0 | V15: =IF(G15<0.1, 0, IF(R15<=0,0,Q15*(R15/(R15+T15))/(G15*1000)*100)) -> 0 | W15: 0 | X15: 0.14350893 | Y15: 3.2723407 | Z15: 0.036964417 | AA15: 5.8944524 | AB15: -0.030383204 | AC15: 3.8665909 | AD15: 0.76402989 | AE15: [-11059] No Good Data For Calculation | AF15: [-11059] No Good Data For Calculation | AG15: =IF(C15<DATE(2024,7,26), AD15, IF(AE15<100, AE15, AF15)) -> 0.76402989 | AH15: 0.019338779 | AI15: 0.24968209 | AJ15: 0.016269662 | AK15: 0.57176115 | AL15: 0.03450467 | AM15: 0.61306729 | AN15: 0.085008313 | AO15: 0.55760054 | AP15: 0.059082484 | AQ15: 76.548475 | AR15: 1.7081737 | AS15: 185.0658
C16: 45229 | D16: 45230 | E16: 1.1334372 | F16: 1.8671335 | G16: 2.9999565 | H16: 1.4671687 | I16: 0 | J16: =IF(I16=0, "SD","RUN") -> SD | K16: 53.15796 | L16: =IF(J16="SD",0,K16) -> 0 | M16: 0 | N16: =IF(M16=0,"SD","RUN") -> SD | O16: 48.801844 | P16: =IF(N16="SD",0,O16) -> 0 | Q16: =SUM(P16,L16) -> 0 | R16: 19.379117 | S16: -0.57819047 | T16: =IF(S16<0, 0, S16) -> 0 | U16: =IF(G16<0.1, 0, (Q16/(G16*1000))*100) -> 0 | V16: =IF(G16<0.1, 0, IF(R16<=0,0,Q16*(R16/(R16+T16))/(G16*1000)*100)) -> 0 | W16: 0 | X16: 0.29435355 | Y16: 8.5517182 | Z16: 0.036964417 | AA16: 9.2228334 | AB16: 0.60852737 | AC16: 1.1026729 | AD16: 3.3389538 | AE16: [-11059] No Good Data For Calculation | AF16: [-11059] No Good Data For Calculation | AG16: =IF(C16<DATE(2024,7,26), AD16, IF(AE16<100, AE16, AF16)) -> 3.3389538 | AH16: 0.020784289 | AI16: 0.19065348 | AJ16: 0.017297717 | AK16: 0 | AL16: 0.03417169 | AM16: 3.396825 | AN16: 0.93064393 | AO16: 4.1754161 | AP16: 0.059271908 | AQ16: 99.932244 | AR16: 10.575209 | AS16: 196.36927
C17: 45230 | D17: 45231 | E17: 1.0167018 | F17: 1.730331 | G17: 2.7463881 | H17: 1.2623507 | I17: 0 | J17: =IF(I17=0, "SD","RUN") -> SD | K17: 53.155078 | L17: =IF(J17="SD",0,K17) -> 0 | M17: 0 | N17: =IF(M17=0,"SD","RUN") -> SD | O17: 2.0326655 | P17: =IF(N17="SD",0,O17) -> 0 | Q17: =SUM(P17,L17) -> 0 | R17: 15.181686 | S17: -0.49832176 | T17: =IF(S17<0, 0, S17) -> 0 | U17: =IF(G17<0.1, 0, (Q17/(G17*1000))*100) -> 0 | V17: =IF(G17<0.1, 0, IF(R17<=0,0,Q17*(R17/(R17+T17))/(G17*1000)*100)) -> 0 | W17: 0 | X17: 0.092234282 | Y17: 13.671412 | Z17: 0.041688105 | AA17: 10.654265 | AB17: 0.82660107 | AC17: 0.41849222 | AD17: 0.72434378 | AE17: [-11059] No Good Data For Calculation | AF17: [-11059] No Good Data For Calculation | AG17: =IF(C17<DATE(2024,7,26), AD17, IF(AE17<100, AE17, AF17)) -> 0.72434378 | AH17: 0.004707452 | AI17: 0.2341813 | AJ17: 0.016143255 | AK17: 0 | AL17: 0.031185833 | AM17: 2.5470236 | AN17: 1.7904225 | AO17: 2.8287185 | AP17: 0.059160236 | AQ17: 141.07256 | AR17: 39.590915 | AS17: 202.41212
C18: 45231 | D18: 45232 | E18: 0.75947814 | F18: 1.3479378 | G18: 2.1071481 | H18: 1.795185 | I18: 0 | J18: =IF(I18=0, "SD","RUN") -> SD | K18: 53.290913 | L18: =IF(J18="SD",0,K18) -> 0 | M18: 7.0237557 | N18: =IF(M18=0,"SD","RUN") -> RUN | O18: 5.2409495 | P18: =IF(N18="SD",0,O18) -> 5.2409495 | Q18: =SUM(P18,L18) -> 5.2409495 | R18: 14.591598 | S18: 3.9767045 | T18: =IF(S18<0, 0, S18) -> 3.9767045 | U18: =IF(G18<0.1, 0, (Q18/(G18*1000))*100) -> 0.24872241 | V18: =IF(G18<0.1, 0, IF(R18<=0,0,Q18*(R18/(R18+T18))/(G18*1000)*100)) -> 0.19545445 | W18: 0 | X18: 0.11509249 | Y18: 13.609109 | Z18: 1.406248 | AA18: 12.334422 | AB18: 3.8403622 | AC18: 0.53667351 | AD18: 17.400932 | AE18: [-11059] No Good Data For Calculation | AF18: [-11059] No Good Data For Calculation | AG18: =IF(C18<DATE(2024,7,26), AD18, IF(AE18<100, AE18, AF18)) -> 17.400932 | AH18: 0.13421561 | AI18: 0.25872886 | AJ18: 0.017392332 | AK18: 0 | AL18: 0.033598835 | AM18: 3.6819185 | AN18: 2.9316745 | AO18: 3.8222159 | AP18: 1.3875976 | AQ18: 134.86678 | AR18: 49.264175 | AS18: 209.97872
C19: 45232 | D19: 45233 | E19: 0.41540537 | F19: 1.0856185 | G19: 1.4994117 | H19: 2.941562 | I19: 0 | J19: =IF(I19=0, "SD","RUN") -> SD | K19: 53.102895 | L19: =IF(J19="SD",0,K19) -> 0 | M19: 27.843224 | N19: =IF(M19=0,"SD","RUN") -> RUN | O19: 19.220084 | P19: =IF(N19="SD",0,O19) -> 19.220084 | Q19: =SUM(P19,L19) -> 19.220084 | R19: 4.121243 | S19: 15.435422 | T19: =IF(S19<0, 0, S19) -> 15.435422 | U19: =IF(G19<0.1, 0, (Q19/(G19*1000))*100) -> 1.2818417 | V19: =IF(G19<0.1, 0, IF(R19<=0,0,Q19*(R19/(R19+T19))/(G19*1000)*100)) -> 0.2701269 | W19: 0 | X19: 0.12231919 | Y19: 21.95054 | Z19: 47.087373 | AA19: 14.034701 | AB19: 0.38547371 | AC19: 0.56052622 | AD19: 65.283795 | AE19: [-11059] No Good Data For Calculation | AF19: [-11059] No Good Data For Calculation | AG19: =IF(C19<DATE(2024,7,26), AD19, IF(AE19<100, AE19, AF19)) -> 65.283795 | AH19: 0.079787532 | AI19: 0.33959375 | AJ19: 0.017969255 | AK19: 0 | AL19: 0.034713283 | AM19: 6.8746434 | AN19: 4.047266 | AO19: 6.7416916 | AP19: 77.00221 | AQ19: 246.96553 | AR19: 57.135665 | AS19: 216.01661
C20: 45233 | D20: 45234 | E20: 0.29384128 | F20: 0.91170245 | G20: 1.2056138 | H20: 4.6165885 | I20: 0 | J20: =IF(I20=0, "SD","RUN") -> SD | K20: 52.978508 | L20: =IF(J20="SD",0,K20) -> 0 | M20: 28.100384 | N20: =IF(M20=0,"SD","RUN") -> RUN | O20: 16.523808 | P20: =IF(N20="SD",0,O20) -> 16.523808 | Q20: =SUM(P20,L20) -> 16.523808 | R20: -1.2348965 | S20: 13.594059 | T20: =IF(S20<0, 0, S20) -> 13.594059 | U20: =IF(G20<0.1, 0, (Q20/(G20*1000))*100) -> 1.3705722 | V20: =IF(G20<0.1, 0, IF(R20<=0,0,Q20*(R20/(R20+T20))/(G20*1000)*100)) -> 0 | W20: 0 | X20: 0.10065575 | Y20: 24.821077 | Z20: 53.937231 | AA20: 20.097872 | AB20: 0.14155343 | AC20: 0.6911617 | AD20: 58.929466 | AE20: [-11059] No Good Data For Calculation | AF20: [-11059] No Good Data For Calculation | AG20: =IF(C20<DATE(2024,7,26), AD20, IF(AE20<100, AE20, AF20)) -> 58.929466 | AH20: 0.022453339 | AI20: 0.51056639 | AJ20: 0.019759483 | AK20: 0 | AL20: 0.038171729 | AM20: 9.4677218 | AN20: 5.5584621 | AO20: 8.6518028 | AP20: 89.773083 | AQ20: 307.03367 | AR20: 46.860272 | AS20: 220.68165
C21: 45234 | D21: 45235 | E21: 1.2677313 | F21: 2.1812192 | G21: 3.4469077 | H21: 7.0948369 | I21: 0 | J21: =IF(I21=0, "SD","RUN") -> SD | K21: 52.799775 | L21: =IF(J21="SD",0,K21) -> 0 | M21: 28.247882 | N21: =IF(M21=0,"SD","RUN") -> RUN | O21: 0.1176728 | P21: =IF(N21="SD",0,O21) -> 0.1176728 | Q21: =SUM(P21,L21) -> 0.1176728 | R21: -1.1895854 | S21: 13.475103 | T21: =IF(S21<0, 0, S21) -> 13.475103 | U21: =IF(G21<0.1, 0, (Q21/(G21*1000))*100) -> 0.0034138658 | V21: =IF(G21<0.1, 0, IF(R21<=0,0,Q21*(R21/(R21+T21))/(G21*1000)*100)) -> 0 | W21: 0 | X21: 0.10311178 | Y21: 22.48705 | Z21: 53.452753 | AA21: 19.54534 | AB21: 0.13118413 | AC21: 0.84485135 | AD21: 8.9294422 | AE21: [-11059] No Good Data For Calculation | AF21: [-11059] No Good Data For Calculation | AG21: =IF(C21<DATE(2024,7,26), AD21, IF(AE21<100, AE21, AF21)) -> 8.9294422 | AH21: 0.00049314476 | AI21: 0.4841587 | AJ21: 0.019473137 | AK21: 0 | AL21: 0.037618612 | AM21: 8.3949425 | AN21: 6.5213837 | AO21: 7.5288567 | AP21: 71.2305 | AQ21: 310.04664 | AR21: 46.945426 | AS21: 226.83182
C22: 45235 | D22: 45236 | E22: 2.5664515 | F22: 4.3360512 | G22: 6.9024656 | H22: 10.132482 | I22: 0 | J22: =IF(I22=0, "SD","RUN") -> SD | K22: 53.088524 | L22: =IF(J22="SD",0,K22) -> 0 | M22: 27.789095 | N22: =IF(M22=0,"SD","RUN") -> RUN | O22: 72.805161 | P22: =IF(N22="SD",0,O22) -> 72.805161 | Q22: =SUM(P22,L22) -> 72.805161 | R22: -1.18512 | S22: 12.987391 | T22: =IF(S22<0, 0, S22) -> 12.987391 | U22: =IF(G22<0.1, 0, (Q22/(G22*1000))*100) -> 1.0547704 | V22: =IF(G22<0.1, 0, IF(R22<=0,0,Q22*(R22/(R22+T22))/(G22*1000)*100)) -> 0 | W22: 0 | X22: 0.11251138 | Y22: 17.582819 | Z22: 52.177725 | AA22: 18.545506 | AB22: 0.14323991 | AC22: 0.52388758 | AD22: 11.130919 | AE22: [-11059] No Good Data For Calculation | AF22: [-11059] No Good Data For Calculation | AG22: =IF(C22<DATE(2024,7,26), AD22, IF(AE22<100, AE22, AF22)) -> 11.130919 | AH22: 0 | AI22: 0.47108772 | AJ22: 0.21726422 | AK22: 0 | AL22: 0.28959528 | AM22: 8.25519 | AN22: 7.2099563 | AO22: 8.6147793 | AP22: 87.066685 | AQ22: 306.32506 | AR22: 47.92187 | AS22: 226.51579
C23: 45236 | D23: 45237 | E23: 1.9328892 | F23: 3.3424359 | G23: 5.2749887 | H23: 7.1829344 | I23: 0 | J23: =IF(I23=0, "SD","RUN") -> SD | K23: 52.979009 | L23: =IF(J23="SD",0,K23) -> 0 | M23: 28.342896 | N23: =IF(M23=0,"SD","RUN") -> RUN | O23: 250.88991 | P23: =IF(N23="SD",0,O23) -> 250.88991 | Q23: =SUM(P23,L23) -> 250.88991 | R23: -1.2205317 | S23: 20.21168 | T23: =IF(S23<0, 0, S23) -> 20.21168 | U23: =IF(G23<0.1, 0, (Q23/(G23*1000))*100) -> 4.756217 | V23: =IF(G23<0.1, 0, IF(R23<=0,0,Q23*(R23/(R23+T23))/(G23*1000)*100)) -> 0 | W23: 0 | X23: 1.3316209 | Y23: 22.114912 | Z23: 53.150617 | AA23: 20.794586 | AB23: 0.1192537 | AC23: 0.53542292 | AD23: 19.798521 | AE23: [-11059] No Good Data For Calculation | AF23: [-11059] No Good Data For Calculation | AG23: =IF(C23<DATE(2024,7,26), AD23, IF(AE23<100, AE23, AF23)) -> 19.798521 | AH23: 0.00044437278 | AI23: 1.3715861 | AJ23: 6.2170174 | AK23: 0.26164183 | AL23: 4.4061148 | AM23: 9.3759637 | AN23: 8.1072975 | AO23: 9.5331666 | AP23: 87.550638 | AQ23: 335.77514 | AR23: 41.958694 | AS23: 224.00378
C24: 45237 | D24: 45238 | E24: 1.8780801 | F24: 3.5085052 | G24: 5.3862648 | H24: 7.0003496 | I24: 0 | J24: =IF(I24=0, "SD","RUN") -> SD | K24: 52.84412 | L24: =IF(J24="SD",0,K24) -> 0 | M24: 26.630454 | N24: =IF(M24=0,"SD","RUN") -> RUN | O24: 163.99604 | P24: =IF(N24="SD",0,O24) -> 163.99604 | Q24: =SUM(P24,L24) -> 163.99604 | R24: -1.2270392 | S24: 27.005671 | T24: =IF(S24<0, 0, S24) -> 27.005671 | U24: =IF(G24<0.1, 0, (Q24/(G24*1000))*100) -> 3.0447081 | V24: =IF(G24<0.1, 0, IF(R24<=0,0,Q24*(R24/(R24+T24))/(G24*1000)*100)) -> 0 | W24: 0.042816781 | X24: 9.6038379 | Y24: 19.339847 | Z24: 54.375758 | AA24: 21.09478 | AB24: 0.081843185 | AC24: 0.45176765 | AD24: 3.3998948 | AE24: [-11059] No Good Data For Calculation | AF24: [-11059] No Good Data For Calculation | AG24: =IF(C24<DATE(2024,7,26), AD24, IF(AE24<100, AE24, AF24)) -> 3.3998948 | AH24: 0 | AI24: 7.8183423 | AJ24: 8.2142556 | AK24: 0 | AL24: 4.7013932 | AM24: 9.1353194 | AN24: 8.7973942 | AO24: 9.7272967 | AP24: 86.552876 | AQ24: 351.3611 | AR24: 39.035652 | AS24: 227.10281
C25: 45238 | D25: 45239 | E25: 1.6689279 | F25: 3.8403011 | G25: 5.5079259 | H25: 6.9874513 | I25: 0 | J25: =IF(I25=0, "SD","RUN") -> SD | K25: 53.042644 | L25: =IF(J25="SD",0,K25) -> 0 | M25: 25.300917 | N25: =IF(M25=0,"SD","RUN") -> RUN | O25: 210.36627 | P25: =IF(N25="SD",0,O25) -> 210.36627 | Q25: =SUM(P25,L25) -> 210.36627 | R25: 6.9859032 | S25: 17.1952 | T25: =IF(S25<0, 0, S25) -> 17.1952 | U25: =IF(G25<0.1, 0, (Q25/(G25*1000))*100) -> 3.8193374 | V25: =IF(G25<0.1, 0, IF(R25<=0,0,Q25*(R25/(R25+T25))/(G25*1000)*100)) -> 1.1034038 | W25: 0.1786637 | X25: 15.203773 | Y25: 19.548326 | Z25: 52.419779 | AA25: 20.977642 | AB25: 0.10573707 | AC25: 0.4246428 | AD25: 10.557147 | AE25: [-11059] No Good Data For Calculation | AF25: [-11059] No Good Data For Calculation | AG25: =IF(C25<DATE(2024,7,26), AD25, IF(AE25<100, AE25, AF25)) -> 10.557147 | AH25: 0.0055051075 | AI25: 19.602021 | AJ25: 7.8203679 | AK25: 0 | AL25: 4.9281678 | AM25: 8.2459097 | AN25: 8.7341243 | AO25: 9.4163828 | AP25: 80.551904 | AQ25: 351.72782 | AR25: 41.049006 | AS25: 221.50279
... C36: 45249 | D36: 45250 | E36: 1.1792216 | F36: 2.0391616 | G36: 3.2183194 | H36: 7.1250403 | I36: 0 | J36: =IF(I36=0, "SD","RUN") -> SD | K36: 52.984082 | L36: =IF(J36="SD",0,K36) -> 0 | M36: 29.293515 | N36: =IF(M36=0,"SD","RUN") -> RUN | O36: 41.990107 | P36: =IF(N36="SD",0,O36) -> 41.990107 | Q36: =SUM(P36,L36) -> 41.990107 | R36: -1.2724196 | S36: 16.07359 | T36: =IF(S36<0, 0, S36) -> 16.07359 | U36: =IF(G36<0.1, 0, (Q36/(G36*1000))*100) -> 1.3047215 | V36: =IF(G36<0.1, 0, IF(R36<=0,0,Q36*(R36/(R36+T36))/(G36*1000)*100)) -> 0 | W36: 0 | X36: 26.760755 | Y36: 22.984222 | Z36: 52.058353 | AA36: 26.022052 | AB36: 0.11233336 | AC36: 0.53763237 | AD36: 7.3174139 | AE36: [-11059] No Good Data For Calculation | AF36: [-11059] No Good Data For Calculation | AG36: =IF(C36<DATE(2024,7,26), AD36, IF(AE36<100, AE36, AF36)) -> 7.3174139 | AH36: 13.908796 | AI36: 17.548598 | AJ36: 5.8163568 | AK36: 0 | AL36: 6.2298198 | AM36: 6.9476598 | AN36: 7.3869818 | AO36: 6.4390007 | AP36: 73.481366 | AQ36: 356.81858 | AR36: 44.744833 | AS36: 230.12822
C37: 45250 | D37: 45251 | E37: 1.2416783 | F37: 2.1029138 | G37: 3.3451025 | H37: 7.2333247 | I37: 0 | J37: =IF(I37=0, "SD","RUN") -> SD | K37: 53.250356 | L37: =IF(J37="SD",0,K37) -> 0 | M37: 29.62911 | N37: =IF(M37=0,"SD","RUN") -> RUN | O37: 41.07668 | P37: =IF(N37="SD",0,O37) -> 41.07668 | Q37: =SUM(P37,L37) -> 41.07668 | R37: -1.2892796 | S37: 15.682013 | T37: =IF(S37<0, 0, S37) -> 15.682013 | U37: =IF(G37<0.1, 0, (Q37/(G37*1000))*100) -> 1.2279647 | V37: =IF(G37<0.1, 0, IF(R37<=0,0,Q37*(R37/(R37+T37))/(G37*1000)*100)) -> 0 | W37: 0 | X37: [-11059] No Good Data For Calculation | Y37: 19.872601 | Z37: 52.020137 | AA37: 28.066315 | AB37: 0.10933207 | AC37: 0.56976378 | AD37: 6.2684743 | AE37: [-11059] No Good Data For Calculation | AF37: [-11059] No Good Data For Calculation | AG37: =IF(C37<DATE(2024,7,26), AD37, IF(AE37<100, AE37, AF37)) -> 6.2684743 | AH37: [-11059] No Good Data For Calculation | AI37: [-11059] No Good Data For Calculation | AJ37: 4.8008 | AK37: 0 | AL37: 5.4058115 | AM37: 6.5081867 | AN37: 7.0617828 | AO37: 5.9663789 | AP37: 72.845727 | AQ37: 368.8054 | AR37: 42.900949 | AS37: 229.72487
C38: 45251 | D38: 45252 | E38: 0.45002062 | F38: 2.7768884 | G38: 3.2261886 | H38: 7.4566931 | I38: 0 | J38: =IF(I38=0, "SD","RUN") -> SD | K38: 53.278901 | L38: =IF(J38="SD",0,K38) -> 0 | M38: 29.093465 | N38: =IF(M38=0,"SD","RUN") -> RUN | O38: 60.210938 | P38: =IF(N38="SD",0,O38) -> 60.210938 | Q38: =SUM(P38,L38) -> 60.210938 | R38: -1.2920104 | S38: 18.041795 | T38: =IF(S38<0, 0, S38) -> 18.041795 | U38: =IF(G38<0.1, 0, (Q38/(G38*1000))*100) -> 1.866318 | V38: =IF(G38<0.1, 0, IF(R38<=0,0,Q38*(R38/(R38+T38))/(G38*1000)*100)) -> 0 | W38: 0.0056255625 | X38: [-11059] No Good Data For Calculation | Y38: 17.874741 | Z38: 50.411773 | AA38: 27.725195 | AB38: 0.10528211 | AC38: 0.53828045 | AD38: 5.8928645 | AE38: [-11059] No Good Data For Calculation | AF38: [-11059] No Good Data For Calculation | AG38: =IF(C38<DATE(2024,7,26), AD38, IF(AE38<100, AE38, AF38)) -> 5.8928645 | AH38: [-11059] No Good Data For Calculation | AI38: [-11059] No Good Data For Calculation | AJ38: 4.0298311 | AK38: 0 | AL38: 4.8142976 | AM38: 6.4571974 | AN38: 6.7838569 | AO38: 6.0635086 | AP38: 73.144997 | AQ38: 385.82835 | AR38: 42.709574 | AS38: 229.7923
C39: 45252 | D39: 45253 | E39: 0.0038244139 | F39: 3.3216217 | G39: 3.3242483 | H39: 7.2607677 | I39: 0 | J39: =IF(I39=0, "SD","RUN") -> SD | K39: 59.854535 | L39: =IF(J39="SD",0,K39) -> 0 | M39: 31.068427 | N39: =IF(M39=0,"SD","RUN") -> RUN | O39: 68.87073 | P39: =IF(N39="SD",0,O39) -> 68.87073 | Q39: =SUM(P39,L39) -> 68.87073 | R39: -1.2873274 | S39: 18.515888 | T39: =IF(S39<0, 0, S39) -> 18.515888 | U39: =IF(G39<0.1, 0, (Q39/(G39*1000))*100) -> 2.0717685 | V39: =IF(G39<0.1, 0, IF(R39<=0,0,Q39*(R39/(R39+T39))/(G39*1000)*100)) -> 0 | W39: 0 | X39: [-11059] No Good Data For Calculation | Y39: 15.594937 | Z39: 50.857958 | AA39: 27.492986 | AB39: 0.10901655 | AC39: 0.53879977 | AD39: 7.3177715 | AE39: [-11059] No Good Data For Calculation | AF39: [-11059] No Good Data For Calculation | AG39: =IF(C39<DATE(2024,7,26), AD39, IF(AE39<100, AE39, AF39)) -> 7.3177715 | AH39: [-11059] No Good Data For Calculation | AI39: [-11059] No Good Data For Calculation | AJ39: 3.7096707 | AK39: 0 | AL39: 4.0501607 | AM39: 6.1396623 | AN39: 6.5343021 | AO39: 5.7732089 | AP39: 73.103712 | AQ39: 376.42955 | AR39: 42.454755 | AS39: 225.47685
C40: 45253 | D40: 45254 | E40: 0.0031028116 | F40: 3.3311101 | G40: 3.3343362 | H40: 6.7329317 | I40: 0 | J40: =IF(I40=0, "SD","RUN") -> SD | K40: 53.170195 | L40: =IF(J40="SD",0,K40) -> 0 | M40: 31.277352 | N40: =IF(M40=0,"SD","RUN") -> RUN | O40: 83.699081 | P40: =IF(N40="SD",0,O40) -> 83.699081 | Q40: =SUM(P40,L40) -> 83.699081 | R40: -1.2393491 | S40: 24.729807 | T40: =IF(S40<0, 0, S40) -> 24.729807 | U40: =IF(G40<0.1, 0, (Q40/(G40*1000))*100) -> 2.5102172 | V40: =IF(G40<0.1, 0, IF(R40<=0,0,Q40*(R40/(R40+T40))/(G40*1000)*100)) -> 0 | W40: 0.0055213856 | X40: [-11059] No Good Data For Calculation | Y40: 21.036543 | Z40: 51.43934 | AA40: 28.898222 | AB40: 0.10950929 | AC40: 0.89333291 | AD40: 4.5237413 | AE40: [-11059] No Good Data For Calculation | AF40: [-11059] No Good Data For Calculation | AG40: =IF(C40<DATE(2024,7,26), AD40, IF(AE40<100, AE40, AF40)) -> 4.5237413 | AH40: [-11059] No Good Data For Calculation | AI40: [-11059] No Good Data For Calculation | AJ40: 4.7826547 | AK40: 0 | AL40: 5.0108149 | AM40: 6.6898577 | AN40: 7.2822514 | AO40: 6.450079 | AP40: 73.104624 | AQ40: 342.68975 | AR40: 42.957336 | AS40: 225.49807
C41: 45254 | D41: 45255 | E41: -0.00023437499 | F41: 3.2461636 | G41: 3.2489113 | H41: 6.6779814 | I41: 0 | J41: =IF(I41=0, "SD","RUN") -> SD | K41: 53.227973 | L41: =IF(J41="SD",0,K41) -> 0 | M41: 33.073271 | N41: =IF(M41=0,"SD","RUN") -> RUN | O41: 86.233975 | P41: =IF(N41="SD",0,O41) -> 86.233975 | Q41: =SUM(P41,L41) -> 86.233975 | R41: -1.2565604 | S41: 26.767905 | T41: =IF(S41<0, 0, S41) -> 26.767905 | U41: =IF(G41<0.1, 0, (Q41/(G41*1000))*100) -> 2.6542422 | V41: =IF(G41<0.1, 0, IF(R41<=0,0,Q41*(R41/(R41+T41))/(G41*1000)*100)) -> 0 | W41: 0.023648197 | X41: [-11059] No Good Data For Calculation | Y41: 24.235428 | Z41: 52.818994 | AA41: 29.935962 | AB41: 0.10947948 | AC41: 0.89122609 | AD41: 4.9056596 | AE41: [-11059] No Good Data For Calculation | AF41: [-11059] No Good Data For Calculation | AG41: =IF(C41<DATE(2024,7,26), AD41, IF(AE41<100, AE41, AF41)) -> 4.9056596 | AH41: [-11059] No Good Data For Calculation | AI41: [-11059] No Good Data For Calculation | AJ41: 4.5899028 | AK41: 0 | AL41: 5.1593947 | AM41: 6.885025 | AN41: 7.7705632 | AO41: 6.6343784 | AP41: 73.828112 | AQ41: 336.2273 | AR41: 44.121658 | AS41: 226.91032
C42: 45255 | D42: 45256 | E42: 5.7235512e-05 | F42: 3.2416216 | G42: 3.2431493 | H42: 6.6568498 | I42: 0 | J42: =IF(I42=0, "SD","RUN") -> SD | K42: 53.309137 | L42: =IF(J42="SD",0,K42) -> 0 | M42: 30.482957 | N42: =IF(M42=0,"SD","RUN") -> RUN | O42: 89.929761 | P42: =IF(N42="SD",0,O42) -> 89.929761 | Q42: =SUM(P42,L42) -> 89.929761 | R42: -1.260378 | S42: 22.851427 | T42: =IF(S42<0, 0, S42) -> 22.851427 | U42: =IF(G42<0.1, 0, (Q42/(G42*1000))*100) -> 2.7729146 | V42: =IF(G42<0.1, 0, IF(R42<=0,0,Q42*(R42/(R42+T42))/(G42*1000)*100)) -> 0 | W42: 0.0053130314 | X42: [-11059] No Good Data For Calculation | Y42: 24.378041 | Z42: 52.68706 | AA42: 30.243065 | AB42: 0.10350153 | AC42: 0.93872861 | AD42: 2.1636642 | AE42: [-11059] No Good Data For Calculation | AF42: [-11059] No Good Data For Calculation | AG42: =IF(C42<DATE(2024,7,26), AD42, IF(AE42<100, AE42, AF42)) -> 2.1636642 | AH42: [-11059] No Good Data For Calculation | AI42: [-11059] No Good Data For Calculation | AJ42: 4.7615911 | AK42: 0 | AL42: 5.2113166 | AM42: 6.920198 | AN42: 8.1927118 | AO42: 6.6920031 | AP42: 73.755481 | AQ42: 336.91204 | AR42: 44.096768 | AS42: 226.1712
C43: 45256 | D43: 45257 | E43: 0.0077322601 | F43: 5.7241478 | G43: 5.7298508 | H43: 5.1909058 | I43: 0 | J43: =IF(I43=0, "SD","RUN") -> SD | K43: 53.283267 | L43: =IF(J43="SD",0,K43) -> 0 | M43: 28.230419 | N43: =IF(M43=0,"SD","RUN") -> RUN | O43: 38.209022 | P43: =IF(N43="SD",0,O43) -> 38.209022 | Q43: =SUM(P43,L43) -> 38.209022 | R43: -1.2915568 | S43: 12.902924 | T43: =IF(S43<0, 0, S43) -> 12.902924 | U43: =IF(G43<0.1, 0, (Q43/(G43*1000))*100) -> 0.66684148 | V43: =IF(G43<0.1, 0, IF(R43<=0,0,Q43*(R43/(R43+T43))/(G43*1000)*100)) -> 0 | W43: 0 | X43: [-11059] No Good Data For Calculation | Y43: 24.514506 | Z43: 52.170634 | AA43: 21.823076 | AB43: -0.025490431 | AC43: 0.69893669 | AD43: 0.9410248 | AE43: [-11059] No Good Data For Calculation | AF43: [-11059] No Good Data For Calculation | AG43: =IF(C43<DATE(2024,7,26), AD43, IF(AE43<100, AE43, AF43)) -> 0.9410248 | AH43: [-11059] No Good Data For Calculation | AI43: [-11059] No Good Data For Calculation | AJ43: 5.56902 | AK43: 0 | AL43: 5.8666765 | AM43: 7.4054702 | AN43: 7.8538017 | AO43: 7.1996063 | AP43: 73.929751 | AQ43: 282.27484 | AR43: 4.9208965 | AS43: 222.72205
C44: 45257 | D44: 45258 | E44: 0.0080859372 | F44: 5.9966314 | G44: 5.9945479 | H44: 5.4989298 | I44: 0 | J44: =IF(I44=0, "SD","RUN") -> SD | K44: 53.266542 | L44: =IF(J44="SD",0,K44) -> 0 | M44: 27.18557 | N44: =IF(M44=0,"SD","RUN") -> RUN | O44: 43.886832 | P44: =IF(N44="SD",0,O44) -> 43.886832 | Q44: =SUM(P44,L44) -> 43.886832 | R44: -1.2471061 | S44: 13.928642 | T44: =IF(S44<0, 0, S44) -> 13.928642 | U44: =IF(G44<0.1, 0, (Q44/(G44*1000))*100) -> 0.73211246 | V44: =IF(G44<0.1, 0, IF(R44<=0,0,Q44*(R44/(R44+T44))/(G44*1000)*100)) -> 0 | W44: 0.016564156 | X44: [-11059] No Good Data For Calculation | Y44: 18.440654 | Z44: 51.053398 | AA44: 20.857099 | AB44: -0.027896179 | AC44: 0.55746565 | AD44: 1.9926543 | AE44: [-11059] No Good Data For Calculation | AF44: [-11059] No Good Data For Calculation | AG44: =IF(C44<DATE(2024,7,26), AD44, IF(AE44<100, AE44, AF44)) -> 1.9926543 | AH44: [-11059] No Good Data For Calculation | AI44: [-11059] No Good Data For Calculation | AJ44: 4.7254163 | AK44: 0 | AL44: 4.9135863 | AM44: 7.1358819 | AN44: 7.1968569 | AO44: 7.3058643 | AP44: 74.44644 | AQ44: 295.07216 | AR44: 1.2441472 | AS44: 211.97568
C45: 45258 | D45: 45259 | E45: 0.0058999021 | F45: 5.9402373 | G45: 5.9415261 | H45: 5.0423824 | I45: 0 | J45: =IF(I45=0, "SD","RUN") -> SD | K45: 53.336823 | L45: =IF(J45="SD",0,K45) -> 0 | M45: 25.990857 | N45: =IF(M45=0,"SD","RUN") -> RUN | O45: 42.128883 | P45: =IF(N45="SD",0,O45) -> 42.128883 | Q45: =SUM(P45,L45) -> 42.128883 | R45: -1.3138318 | S45: 17.405706 | T45: =IF(S45<0, 0, S45) -> 17.405706 | U45: =IF(G45<0.1, 0, (Q45/(G45*1000))*100) -> 0.70905829 | V45: =IF(G45<0.1, 0, IF(R45<=0,0,Q45*(R45/(R45+T45))/(G45*1000)*100)) -> 0 | W45: 0.017605927 | X45: [-11059] No Good Data For Calculation | Y45: 17.155095 | Z45: 50.897937 | AA45: 21.008567 | AB45: -0.03641158 | AC45: 0.66792041 | AD45: 4.6357308 | AE45: [-11059] No Good Data For Calculation | AF45: [-11059] No Good Data For Calculation | AG45: =IF(C45<DATE(2024,7,26), AD45, IF(AE45<100, AE45, AF45)) -> 4.6357308 | AH45: [-11059] No Good Data For Calculation | AI45: [-11059] No Good Data For Calculation | AJ45: 4.6101687 | AK45: 0 | AL45: 4.4649293 | AM45: 7.235638 | AN45: 8.0116459 | AO45: 7.5233346 | AP45: 72.669926 | AQ45: 268.33932 | AR45: 1.3429975 | AS45: 220.02209
C46: 45259 | D46: 45260 | E46: 0.76556849 | F46: 4.3320948 | G46: 5.1467975 | H46: 5.115317 | I46: 0 | J46: =IF(I46=0, "SD","RUN") -> SD | K46: 53.448493 | L46: =IF(J46="SD",0,K46) -> 0 | M46: 26.448961 | N46: =IF(M46=0,"SD","RUN") -> RUN | O46: 59.82647 | P46: =IF(N46="SD",0,O46) -> 59.82647 | Q46: =SUM(P46,L46) -> 59.82647 | R46: 3.379618 | S46: 11.105211 | T46: =IF(S46<0, 0, S46) -> 11.105211 | U46: =IF(G46<0.1, 0, (Q46/(G46*1000))*100) -> 1.1624019 | V46: =IF(G46<0.1, 0, IF(R46<=0,0,Q46*(R46/(R46+T46))/(G46*1000)*100)) -> 0.27121302 | W46: 0 | X46: [-11059] No Good Data For Calculation | Y46: 18.658219 | Z46: 50.181049 | AA46: 20.227727 | AB46: -0.0369958 | AC46: 0.52307409 | AD46: 1.6865821 | AE46: [-11059] No Good Data For Calculation | AF46: [-11059] No Good Data For Calculation | AG46: =IF(C46<DATE(2024,7,26), AD46, IF(AE46<100, AE46, AF46)) -> 1.6865821 | AH46: [-11059] No Good Data For Calculation | AI46: [-11059] No Good Data For Calculation | AJ46: 5.1386279 | AK46: 0 | AL46: 4.7911587 | AM46: 7.25024 | AN46: 8.1533922 | AO46: 7.5666741 | AP46: 71.828622 | AQ46: 274.26348 | AR46: 1.4003243 | AS46: 209.46967
C47: 45260 | D47: 45261 | E47: 1.5576356 | F47: 2.9530015 | G47: 4.5110604 | H47: 4.9819479 | I47: 0 | J47: =IF(I47=0, "SD","RUN") -> SD | K47: 53.262836 | L47: =IF(J47="SD",0,K47) -> 0 | M47: 26.782748 | N47: =IF(M47=0,"SD","RUN") -> RUN | O47: 63.020862 | P47: =IF(N47="SD",0,O47) -> 63.020862 | Q47: =SUM(P47,L47) -> 63.020862 | R47: -1.2935824 | S47: 13.194248 | T47: =IF(S47<0, 0, S47) -> 13.194248 | U47: =IF(G47<0.1, 0, (Q47/(G47*1000))*100) -> 1.3970299 | V47: =IF(G47<0.1, 0, IF(R47<=0,0,Q47*(R47/(R47+T47))/(G47*1000)*100)) -> 0 | W47: 0.019277969 | X47: [-11059] No Good Data For Calculation | Y47: 19.141042 | Z47: 50.370064 | AA47: 20.090236 | AB47: -0.035783698 | AC47: 0.46076791 | AD47: 0.76255062 | AE47: [-11059] No Good Data For Calculation | AF47: [-11059] No Good Data For Calculation | AG47: =IF(C47<DATE(2024,7,26), AD47, IF(AE47<100, AE47, AF47)) -> 0.76255062 | AH47: [-11059] No Good Data For Calculation | AI47: [-11059] No Good Data For Calculation | AJ47: 5.1568589 | AK47: 0 | AL47: 4.7889435 | AM47: 7.2062698 | AN47: 8.3851039 | AO47: 7.5661458 | AP47: 72.137931 | AQ47: 266.60991 | AR47: 1.5216407 | AS47: 194.11148
C48: 45261 | D48: 45262 | E48: 0.0062109372 | F48: 5.3432386 | G48: 5.3453884 | H48: 4.8992283 | I48: 0 | J48: =IF(I48=0, "SD","RUN") -> SD | K48: 53.419016 | L48: =IF(J48="SD",0,K48) -> 0 | M48: 26.94622 | N48: =IF(M48=0,"SD","RUN") -> RUN | O48: 94.027524 | P48: =IF(N48="SD",0,O48) -> 94.027524 | Q48: =SUM(P48,L48) -> 94.027524 | R48: 1.1933214 | S48: 21.496742 | T48: =IF(S48<0, 0, S48) -> 21.496742 | U48: =IF(G48<0.1, 0, (Q48/(G48*1000))*100) -> 1.7590401 | V48: =IF(G48<0.1, 0, IF(R48<=0,0,Q48*(R48/(R48+T48))/(G48*1000)*100)) -> 0.092511869 | W48: 0 | X48: [-11059] No Good Data For Calculation | Y48: 18.712797 | Z48: 50.480635 | AA48: 20.321875 | AB48: 2.2187735 | AC48: 0.48958343 | AD48: 1.3694498 | AE48: [-11059] No Good Data For Calculation | AF48: [-11059] No Good Data For Calculation | AG48: =IF(C48<DATE(2024,7,26), AD48, IF(AE48<100, AE48, AF48)) -> 1.3694498 | AH48: [-11059] No Good Data For Calculation | AI48: [-11059] No Good Data For Calculation | AJ48: 4.7154094 | AK48: 0 | AL48: 4.461966 | AM48: 7.1247813 | AN48: 8.3459865 | AO48: 7.5403072 | AP48: 72.298345 | AQ48: 272.28225 | AR48: 4.2475351 | AS48: 194.50485
... C187: 45400 | D187: 45401 | E187: 0.59817589 | F187: 1.8871625 | G187: 2.4840765 | H187: 29.107157 | I187: 0 | J187: =IF(I187=0, "SD","RUN") -> SD | K187: 142.00885 | L187: =IF(J187="SD",0,K187) -> 0 | M187: 21.490341 | N187: =IF(M187=0,"SD","RUN") -> RUN | O187: 3.7148522 | P187: =IF(N187="SD",0,O187) -> 3.7148522 | Q187: =SUM(P187,L187) -> 3.7148522 | R187: -1.2568359 | S187: 14.55889 | T187: =IF(S187<0, 0, S187) -> 14.55889 | U187: =IF(G187<0.1, 0, (Q187/(G187*1000))*100) -> 0.14954661 | V187: =IF(G187<0.1, 0, IF(R187<=0,0,Q187*(R187/(R187+T187))/(G187*1000)*100)) -> 0 | W187: 0 | X187: [-11059] No Good Data For Calculation | Y187: 4.2386194 | Z187: 48.74397 | AA187: 22.647055 | AB187: 0.16822295 | AC187: 0.44887848 | AD187: 24.085454 | AE187: [-11059] No Good Data For Calculation | AF187: [-11059] No Good Data For Calculation | AG187: =IF(C187<DATE(2024,7,26), AD187, IF(AE187<100, AE187, AF187)) -> 24.085454 | AH187: [-11059] No Good Data For Calculation | AI187: [-11059] No Good Data For Calculation | AJ187: 0.0094470388 | AK187: 0 | AL187: 0.05620988 | AM187: 6.1853191 | AN187: 6.4168917 | AO187: 6.4387367 | AP187: 75.163599 | AQ187: 405.65924 | AR187: 53.523426 | AS187: 155.34774
C188: 45401 | D188: 45402 | E188: 0.83243074 | F188: 2.1425874 | G188: 2.9753948 | H188: 29.107157 | I188: 0 | J188: =IF(I188=0, "SD","RUN") -> SD | K188: 112.27655 | L188: =IF(J188="SD",0,K188) -> 0 | M188: 21.510788 | N188: =IF(M188=0,"SD","RUN") -> RUN | O188: 6.2545528 | P188: =IF(N188="SD",0,O188) -> 6.2545528 | Q188: =SUM(P188,L188) -> 6.2545528 | R188: -1.2568359 | S188: 15.131432 | T188: =IF(S188<0, 0, S188) -> 15.131432 | U188: =IF(G188<0.1, 0, (Q188/(G188*1000))*100) -> 0.21020917 | V188: =IF(G188<0.1, 0, IF(R188<=0,0,Q188*(R188/(R188+T188))/(G188*1000)*100)) -> 0 | W188: 0.0061464479 | X188: [-11059] No Good Data For Calculation | Y188: 4.1554457 | Z188: 47.993663 | AA188: 22.752388 | AB188: 0.15714483 | AC188: 0.38220584 | AD188: 34.246861 | AE188: [-11059] No Good Data For Calculation | AF188: [-11059] No Good Data For Calculation | AG188: =IF(C188<DATE(2024,7,26), AD188, IF(AE188<100, AE188, AF188)) -> 34.246861 | AH188: [-11059] No Good Data For Calculation | AI188: 48.352957 | AJ188: 0.0096316336 | AK188: 0 | AL188: 0.05730821 | AM188: 6.3208528 | AN188: 6.4119601 | AO188: 6.404995 | AP188: 76.076431 | AQ188: 407.26746 | AR188: 51.96346 | AS188: 160.17689
C189: 45402 | D189: 45403 | E189: 0.81971971 | F189: 2.1090178 | G189: 2.9289637 | H189: 29.107157 | I189: 0 | J189: =IF(I189=0, "SD","RUN") -> SD | K189: 115.57813 | L189: =IF(J189="SD",0,K189) -> 0 | M189: 21.55623 | N189: =IF(M189=0,"SD","RUN") -> RUN | O189: 2.6578477 | P189: =IF(N189="SD",0,O189) -> 2.6578477 | Q189: =SUM(P189,L189) -> 2.6578477 | R189: -1.2131049 | S189: 13.787538 | T189: =IF(S189<0, 0, S189) -> 13.787538 | U189: =IF(G189<0.1, 0, (Q189/(G189*1000))*100) -> 0.090743619 | V189: =IF(G189<0.1, 0, IF(R189<=0,0,Q189*(R189/(R189+T189))/(G189*1000)*100)) -> 0 | W189: 0.0093759377 | X189: [-11059] No Good Data For Calculation | Y189: 4.4371275 | Z189: 49.461954 | AA189: 23.648905 | AB189: 0.16005128 | AC189: 0.40158981 | AD189: 28.76858 | AE189: [-11059] No Good Data For Calculation | AF189: [-11059] No Good Data For Calculation | AG189: =IF(C189<DATE(2024,7,26), AD189, IF(AE189<100, AE189, AF189)) -> 28.76858 | AH189: [-11059] No Good Data For Calculation | AI189: [-11059] No Good Data For Calculation | AJ189: 0.0097533663 | AK189: 0 | AL189: 0.05803253 | AM189: 6.2932737 | AN189: 6.4374962 | AO189: 6.4510352 | AP189: 75.777584 | AQ189: 400.36943 | AR189: 51.50554 | AS189: 162.45746
C190: 45403 | D190: 45404 | E190: 0.82856281 | F190: 2.1046559 | G190: 2.9338284 | H190: 29.107157 | I190: 0 | J190: =IF(I190=0, "SD","RUN") -> SD | K190: 127.0177 | L190: =IF(J190="SD",0,K190) -> 0 | M190: 21.536971 | N190: =IF(M190=0,"SD","RUN") -> RUN | O190: 11.808213 | P190: =IF(N190="SD",0,O190) -> 11.808213 | Q190: =SUM(P190,L190) -> 11.808213 | R190: -1.2523099 | S190: 15.941074 | T190: =IF(S190<0, 0, S190) -> 15.941074 | U190: =IF(G190<0.1, 0, (Q190/(G190*1000))*100) -> 0.40248478 | V190: =IF(G190<0.1, 0, IF(R190<=0,0,Q190*(R190/(R190+T190))/(G190*1000)*100)) -> 0 | W190: 0 | X190: [-11059] No Good Data For Calculation | Y190: 4.2829391 | Z190: 48.415262 | AA190: 22.861843 | AB190: 0.1660694 | AC190: 0.37187751 | AD190: 29.250647 | AE190: [-11059] No Good Data For Calculation | AF190: [-11059] No Good Data For Calculation | AG190: =IF(C190<DATE(2024,7,26), AD190, IF(AE190<100, AE190, AF190)) -> 29.250647 | AH190: [-11059] No Good Data For Calculation | AI190: [-11059] No Good Data For Calculation | AJ190: 0.0096369073 | AK190: 0 | AL190: 0.057339598 | AM190: 6.170155 | AN190: 6.3891622 | AO190: 6.4154968 | AP190: 75.36689 | AQ190: 400.07058 | AR190: 53.206369 | AS190: 162.57276
C191: 45404 | D191: 45405 | E191: 0.84361228 | F191: 2.1149974 | G191: 2.9587445 | H191: 29.107157 | I191: 0 | J191: =IF(I191=0, "SD","RUN") -> SD | K191: 116.9597 | L191: =IF(J191="SD",0,K191) -> 0 | M191: 22.395918 | N191: =IF(M191=0,"SD","RUN") -> RUN | O191: 7.9696446 | P191: =IF(N191="SD",0,O191) -> 7.9696446 | Q191: =SUM(P191,L191) -> 7.9696446 | R191: -1.2207031 | S191: 15.278322 | T191: =IF(S191<0, 0, S191) -> 15.278322 | U191: =IF(G191<0.1, 0, (Q191/(G191*1000))*100) -> 0.269359 | V191: =IF(G191<0.1, 0, IF(R191<=0,0,Q191*(R191/(R191+T191))/(G191*1000)*100)) -> 0 | W191: 0 | X191: [-11059] No Good Data For Calculation | Y191: 4.1764093 | Z191: 47.595819 | AA191: 22.505834 | AB191: 0.25665626 | AC191: 0.38728256 | AD191: 48.282894 | AE191: [-11059] No Good Data For Calculation | AF191: [-11059] No Good Data For Calculation | AG191: =IF(C191<DATE(2024,7,26), AD191, IF(AE191<100, AE191, AF191)) -> 48.282894 | AH191: [-11059] No Good Data For Calculation | AI191: [-11059] No Good Data For Calculation | AJ191: 0.0095727223 | AK191: 0 | AL191: 0.056026141 | AM191: 6.3204347 | AN191: 6.4593765 | AO191: 6.5312718 | AP191: 75.976866 | AQ191: 401.87897 | AR191: 57.134587 | AS191: 165.0859
C192: 45405 | D192: 45406 | E192: 0.80279491 | F192: 2.126698 | G192: 2.9299658 | H192: 29.107157 | I192: 0 | J192: =IF(I192=0, "SD","RUN") -> SD | K192: 101.98926 | L192: =IF(J192="SD",0,K192) -> 0 | M192: 5.2245531 | N192: =IF(M192=0,"SD","RUN") -> RUN | O192: 0.36094144 | P192: =IF(N192="SD",0,O192) -> 0.36094144 | Q192: =SUM(P192,L192) -> 0.36094144 | R192: -1.2232357 | S192: 9.5848266 | T192: =IF(S192<0, 0, S192) -> 9.5848266 | U192: =IF(G192<0.1, 0, (Q192/(G192*1000))*100) -> 0.012318964 | V192: =IF(G192<0.1, 0, IF(R192<=0,0,Q192*(R192/(R192+T192))/(G192*1000)*100)) -> 0 | W192: 21.278323 | X192: [-11059] No Good Data For Calculation | Y192: 4.2802376 | Z192: 48.518197 | AA192: 22.155592 | AB192: 1.1747423 | AC192: 0.3889682 | AD192: 3.8814766 | AE192: [-11059] No Good Data For Calculation | AF192: [-11059] No Good Data For Calculation | AG192: =IF(C192<DATE(2024,7,26), AD192, IF(AE192<100, AE192, AF192)) -> 3.8814766 | AH192: [-11059] No Good Data For Calculation | AI192: [-11059] No Good Data For Calculation | AJ192: 0.0096296934 | AK192: 0 | AL192: 0.047820801 | AM192: 6.4604199 | AN192: 6.4356753 | AO192: 6.6327529 | AP192: 76.555645 | AQ192: 393.64931 | AR192: 57.278674 | AS192: 169.14414
C193: 45406 | D193: 45407 | E193: 0.7946518 | F193: 2.1131678 | G193: 2.9076385 | H193: 29.107157 | I193: 0 | J193: =IF(I193=0, "SD","RUN") -> SD | K193: 116.79599 | L193: =IF(J193="SD",0,K193) -> 0 | M193: 21.2618 | N193: =IF(M193=0,"SD","RUN") -> RUN | O193: 0 | P193: =IF(N193="SD",0,O193) -> 0 | Q193: =SUM(P193,L193) -> 0 | R193: -1.1935963 | S193: 12.020402 | T193: =IF(S193<0, 0, S193) -> 12.020402 | U193: =IF(G193<0.1, 0, (Q193/(G193*1000))*100) -> 0 | V193: =IF(G193<0.1, 0, IF(R193<=0,0,Q193*(R193/(R193+T193))/(G193*1000)*100)) -> 0 | W193: 58.687156 | X193: [-11059] No Good Data For Calculation | Y193: 4.514594 | Z193: 48.761955 | AA193: 22.132203 | AB193: 3.999581 | AC193: 0.46636912 | AD193: 3.440323 | AE193: [-11059] No Good Data For Calculation | AF193: [-11059] No Good Data For Calculation | AG193: =IF(C193<DATE(2024,7,26), AD193, IF(AE193<100, AE193, AF193)) -> 3.440323 | AH193: [-11059] No Good Data For Calculation | AI193: 52.330762 | AJ193: 0.0097304575 | AK193: 0 | AL193: 0.037854089 | AM193: 6.3261353 | AN193: 6.3301248 | AO193: 6.5383881 | AP193: 75.572 | AQ193: 384.16039 | AR193: 56.992633 | AS193: 168.57764
C194: 45407 | D194: 45408 | E194: 0.83433566 | F194: 2.131217 | G194: 2.9665131 | H194: 29.107157 | I194: 0 | J194: =IF(I194=0, "SD","RUN") -> SD | K194: 116.18475 | L194: =IF(J194="SD",0,K194) -> 0 | M194: 21.555892 | N194: =IF(M194=0,"SD","RUN") -> RUN | O194: 0.1642028 | P194: =IF(N194="SD",0,O194) -> 0.1642028 | Q194: =SUM(P194,L194) -> 0.1642028 | R194: -1.3076527 | S194: 12.465287 | T194: =IF(S194<0, 0, S194) -> 12.465287 | U194: =IF(G194<0.1, 0, (Q194/(G194*1000))*100) -> 0.0055352124 | V194: =IF(G194<0.1, 0, IF(R194<=0,0,Q194*(R194/(R194+T194))/(G194*1000)*100)) -> 0 | W194: 1.3758522 | X194: [-11059] No Good Data For Calculation | Y194: 4.3453167 | Z194: 48.18671 | AA194: 21.244228 | AB194: 0.27782133 | AC194: 0.41746815 | AD194: 3.3098412 | AE194: [-11059] No Good Data For Calculation | AF194: [-11059] No Good Data For Calculation | AG194: =IF(C194<DATE(2024,7,26), AD194, IF(AE194<100, AE194, AF194)) -> 3.3098412 | AH194: [-11059] No Good Data For Calculation | AI194: 50.057349 | AJ194: 0.0095798295 | AK194: 0 | AL194: 0.028045505 | AM194: 6.3069647 | AN194: 6.2760915 | AO194: 6.4877102 | AP194: 75.309708 | AQ194: 391.99106 | AR194: 56.367487 | AS194: 169.12448
C195: 45408 | D195: 45409 | E195: 0.84225494 | F195: 2.1250207 | G195: 2.9674945 | H195: 29.107157 | I195: 0 | J195: =IF(I195=0, "SD","RUN") -> SD | K195: 117.74264 | L195: =IF(J195="SD",0,K195) -> 0 | M195: 21.738096 | N195: =IF(M195=0,"SD","RUN") -> RUN | O195: 0 | P195: =IF(N195="SD",0,O195) -> 0 | Q195: =SUM(P195,L195) -> 0 | R195: -1.2675599 | S195: 12.699321 | T195: =IF(S195<0, 0, S195) -> 12.699321 | U195: =IF(G195<0.1, 0, (Q195/(G195*1000))*100) -> 0 | V195: =IF(G195<0.1, 0, IF(R195<=0,0,Q195*(R195/(R195+T195))/(G195*1000)*100)) -> 0 | W195: 0.04051447 | X195: [-11059] No Good Data For Calculation | Y195: 4.3630834 | Z195: 48.269521 | AA195: 22.33249 | AB195: 1.067891 | AC195: 0.41162825 | AD195: 2.3876345 | AE195: [-11059] No Good Data For Calculation | AF195: [-11059] No Good Data For Calculation | AG195: =IF(C195<DATE(2024,7,26), AD195, IF(AE195<100, AE195, AF195)) -> 2.3876345 | AH195: [-11059] No Good Data For Calculation | AI195: [-11059] No Good Data For Calculation | AJ195: 0.0096938969 | AK195: 0 | AL195: 0.026658217 | AM195: 6.394979 | AN195: 6.2867672 | AO195: 6.347052 | AP195: 74.93619 | AQ195: 391.65457 | AR195: 56.288994 | AS195: 169.79
C196: 45409 | D196: 45410 | E196: 0.83004037 | F196: 2.1137097 | G196: 2.944365 | H196: 29.107157 | I196: 0 | J196: =IF(I196=0, "SD","RUN") -> SD | K196: 117.32273 | L196: =IF(J196="SD",0,K196) -> 0 | M196: 21.767158 | N196: =IF(M196=0,"SD","RUN") -> RUN | O196: 0.48846522 | P196: =IF(N196="SD",0,O196) -> 0.48846522 | Q196: =SUM(P196,L196) -> 0.48846522 | R196: -1.2586412 | S196: 13.954819 | T196: =IF(S196<0, 0, S196) -> 13.954819 | U196: =IF(G196<0.1, 0, (Q196/(G196*1000))*100) -> 0.016589833 | V196: =IF(G196<0.1, 0, IF(R196<=0,0,Q196*(R196/(R196+T196))/(G196*1000)*100)) -> 0 | W196: 0.012397073 | X196: [-11059] No Good Data For Calculation | Y196: 4.5081962 | Z196: 49.07317 | AA196: 22.488207 | AB196: 0.29520636 | AC196: 0.38378832 | AD196: 2.7878179 | AE196: [-11059] No Good Data For Calculation | AF196: [-11059] No Good Data For Calculation | AG196: =IF(C196<DATE(2024,7,26), AD196, IF(AE196<100, AE196, AF196)) -> 2.7878179 | AH196: [-11059] No Good Data For Calculation | AI196: [-11059] No Good Data For Calculation | AJ196: 0.0097149577 | AK196: 0 | AL196: 0.026716134 | AM196: 6.3655059 | AN196: 6.2350218 | AO196: 6.1718919 | AP196: 75.171435 | AQ196: 389.67959 | AR196: 55.981484 | AS196: 169.02386
C197: 45410 | D197: 45411 | E197: 0.79897973 | F197: 2.112389 | G197: 2.9122985 | H197: 29.107157 | I197: 0 | J197: =IF(I197=0, "SD","RUN") -> SD | K197: 116.83412 | L197: =IF(J197="SD",0,K197) -> 0 | M197: 21.725466 | N197: =IF(M197=0,"SD","RUN") -> RUN | O197: 0.50406534 | P197: =IF(N197="SD",0,O197) -> 0.50406534 | Q197: =SUM(P197,L197) -> 0.50406534 | R197: -1.1953008 | S197: 14.006042 | T197: =IF(S197<0, 0, S197) -> 14.006042 | U197: =IF(G197<0.1, 0, (Q197/(G197*1000))*100) -> 0.017308162 | V197: =IF(G197<0.1, 0, IF(R197<=0,0,Q197*(R197/(R197+T197))/(G197*1000)*100)) -> 0 | W197: 0.0081258126 | X197: [-11059] No Good Data For Calculation | Y197: 3.9576304 | Z197: 49.091382 | AA197: 21.783696 | AB197: 0.19953971 | AC197: 0.39547555 | AD197: 2.4495541 | AE197: [-11059] No Good Data For Calculation | AF197: [-11059] No Good Data For Calculation | AG197: =IF(C197<DATE(2024,7,26), AD197, IF(AE197<100, AE197, AF197)) -> 2.4495541 | AH197: [-11059] No Good Data For Calculation | AI197: [-11059] No Good Data For Calculation | AJ197: 0.0095597274 | AK197: 0 | AL197: 0.02628925 | AM197: 6.1806933 | AN197: 6.0449529 | AO197: 6.0590972 | AP197: 75.169448 | AQ197: 396.16961 | AR197: 55.800425 | AS197: 168.34968
C198: 45411 | D198: 45412 | E198: 0.82051164 | F198: 2.0941812 | G198: 2.9156498 | H198: 29.107157 | I198: 0 | J198: =IF(I198=0, "SD","RUN") -> SD | K198: 116.09866 | L198: =IF(J198="SD",0,K198) -> 0 | M198: 21.70752 | N198: =IF(M198=0,"SD","RUN") -> RUN | O198: 0.33648549 | P198: =IF(N198="SD",0,O198) -> 0.33648549 | Q198: =SUM(P198,L198) -> 0.33648549 | R198: -1.2221027 | S198: 13.708594 | T198: =IF(S198<0, 0, S198) -> 13.708594 | U198: =IF(G198<0.1, 0, (Q198/(G198*1000))*100) -> 0.011540669 | V198: =IF(G198<0.1, 0, IF(R198<=0,0,Q198*(R198/(R198+T198))/(G198*1000)*100)) -> 0 | W198: 0.0067715103 | X198: [-11059] No Good Data For Calculation | Y198: 4.1880943 | Z198: 49.493472 | AA198: 22.83115 | AB198: 1.5596834 | AC198: 0.40779879 | AD198: 2.8139877 | AE198: [-11059] No Good Data For Calculation | AF198: [-11059] No Good Data For Calculation | AG198: =IF(C198<DATE(2024,7,26), AD198, IF(AE198<100, AE198, AF198)) -> 2.8139877 | AH198: [-11059] No Good Data For Calculation | AI198: [-11059] No Good Data For Calculation | AJ198: 0.0098079496 | AK198: 0.04954867 | AL198: 0.026971861 | AM198: 6.2040843 | AN198: 6.0705056 | AO198: 6.0975497 | AP198: 73.423677 | AQ198: 382.78844 | AR198: 58.174052 | AS198: 167.36132
C199: 45412 | D199: 45413 | E199: 0.77821068 | F199: 2.0623311 | G199: 2.8408467 | H199: 29.107157 | I199: 0 | J199: =IF(I199=0, "SD","RUN") -> SD | K199: 115.80515 | L199: =IF(J199="SD",0,K199) -> 0 | M199: 21.687877 | N199: =IF(M199=0,"SD","RUN") -> RUN | O199: 0 | P199: =IF(N199="SD",0,O199) -> 0 | Q199: =SUM(P199,L199) -> 0 | R199: -1.258752 | S199: 13.77369 | T199: =IF(S199<0, 0, S199) -> 13.77369 | U199: =IF(G199<0.1, 0, (Q199/(G199*1000))*100) -> 0 | V199: =IF(G199<0.1, 0, IF(R199<=0,0,Q199*(R199/(R199+T199))/(G199*1000)*100)) -> 0 | W199: 0.0066673333 | X199: [-11059] No Good Data For Calculation | Y199: 4.2662737 | Z199: 49.225723 | AA199: 22.157891 | AB199: 2.7707439 | AC199: 0.38589308 | AD199: 2.7398449 | AE199: [-11059] No Good Data For Calculation | AF199: [-11059] No Good Data For Calculation | AG199: =IF(C199<DATE(2024,7,26), AD199, IF(AE199<100, AE199, AF199)) -> 2.7398449 | AH199: [-11059] No Good Data For Calculation | AI199: [-11059] No Good Data For Calculation | AJ199: 0.0096530101 | AK199: 0 | AL199: 0.026545778 | AM199: 6.1874887 | AN199: 6.1219084 | AO199: 6.230506 | AP199: 71.345987 | AQ199: 387.47063 | AR199: 60.898652 | AS199: 165.34978
C200: 45413 | D200: 45414 | E200: 0.72205384 | F200: 2.008449 | G200: 2.7315244 | H200: 29.107157 | I200: 0 | J200: =IF(I200=0, "SD","RUN") -> SD | K200: 116.46512 | L200: =IF(J200="SD",0,K200) -> 0 | M200: 21.642104 | N200: =IF(M200=0,"SD","RUN") -> RUN | O200: 8.3460683 | P200: =IF(N200="SD",0,O200) -> 8.3460683 | Q200: =SUM(P200,L200) -> 8.3460683 | R200: -1.2453107 | S200: 15.789718 | T200: =IF(S200<0, 0, S200) -> 15.789718 | U200: =IF(G200<0.1, 0, (Q200/(G200*1000))*100) -> 0.30554618 | V200: =IF(G200<0.1, 0, IF(R200<=0,0,Q200*(R200/(R200+T200))/(G200*1000)*100)) -> 0 | W200: 0.0055213856 | X200: [-11059] No Good Data For Calculation | Y200: 4.395588 | Z200: 49.981673 | AA200: 22.563468 | AB200: 3.8132909 | AC200: 0.39323041 | AD200: 2.2625874 | AE200: [-11059] No Good Data For Calculation | AF200: [-11059] No Good Data For Calculation | AG200: =IF(C200<DATE(2024,7,26), AD200, IF(AE200<100, AE200, AF200)) -> 2.2625874 | AH200: [-11059] No Good Data For Calculation | AI200: [-11059] No Good Data For Calculation | AJ200: 0.0097113553 | AK200: 0 | AL200: 0.026706247 | AM200: 6.1298492 | AN200: 6.1109854 | AO200: 6.187776 | AP200: 70.72756 | AQ200: 381.20278 | AR200: 61.273385 | AS200: 165.07718
C201: 45414 | D201: 45415 | E201: 0.61565512 | F201: 1.9256104 | G201: 2.5413595 | H201: 29.107157 | I201: 0 | J201: =IF(I201=0, "SD","RUN") -> SD | K201: 114.41781 | L201: =IF(J201="SD",0,K201) -> 0 | M201: 21.655624 | N201: =IF(M201=0,"SD","RUN") -> RUN | O201: 5.3034106 | P201: =IF(N201="SD",0,O201) -> 5.3034106 | Q201: =SUM(P201,L201) -> 5.3034106 | R201: -1.2997297 | S201: 15.872003 | T201: =IF(S201<0, 0, S201) -> 15.872003 | U201: =IF(G201<0.1, 0, (Q201/(G201*1000))*100) -> 0.208684 | V201: =IF(G201<0.1, 0, IF(R201<=0,0,Q201*(R201/(R201+T201))/(G201*1000)*100)) -> 0 | W201: 0 | X201: [-11059] No Good Data For Calculation | Y201: 4.3096218 | Z201: 48.772205 | AA201: 22.077489 | AB201: 2.5789368 | AC201: 0.37681463 | AD201: 2.6612062 | AE201: [-11059] No Good Data For Calculation | AF201: [-11059] No Good Data For Calculation | AG201: =IF(C201<DATE(2024,7,26), AD201, IF(AE201<100, AE201, AF201)) -> 2.6612062 | AH201: [-11059] No Good Data For Calculation | AI201: [-11059] No Good Data For Calculation | AJ201: 0.0097743716 | AK201: 0 | AL201: 0.026879516 | AM201: 6.2562883 | AN201: 6.2541761 | AO201: 6.1422039 | AP201: 70.155119 | AQ201: 376.67058 | AR201: 61.765233 | AS201: 162.85091
C202: 45415 | D202: 45416 | E202: 0.66795339 | F202: 1.9982447 | G202: 2.6663756 | H202: 29.107157 | I202: 0 | J202: =IF(I202=0, "SD","RUN") -> SD | K202: 114.47844 | L202: =IF(J202="SD",0,K202) -> 0 | M202: 21.655366 | N202: =IF(M202=0,"SD","RUN") -> RUN | O202: 6.0607564 | P202: =IF(N202="SD",0,O202) -> 6.0607564 | Q202: =SUM(P202,L202) -> 6.0607564 | R202: -1.2761862 | S202: 15.501953 | T202: =IF(S202<0, 0, S202) -> 15.501953 | U202: =IF(G202<0.1, 0, (Q202/(G202*1000))*100) -> 0.22730317 | V202: =IF(G202<0.1, 0, IF(R202<=0,0,Q202*(R202/(R202+T202))/(G202*1000)*100)) -> 0 | W202: 0 | X202: [-11059] No Good Data For Calculation | Y202: 4.4590512 | Z202: 48.672777 | AA202: 21.909498 | AB202: 2.5454553 | AC202: 0.38385727 | AD202: 2.8580966 | AE202: [-11059] No Good Data For Calculation | AF202: [-11059] No Good Data For Calculation | AG202: =IF(C202<DATE(2024,7,26), AD202, IF(AE202<100, AE202, AF202)) -> 2.8580966 | AH202: [-11059] No Good Data For Calculation | AI202: [-11059] No Good Data For Calculation | AJ202: 0.0097548494 | AK202: 2.6282906e-05 | AL202: 0.026825836 | AM202: 6.4997047 | AN202: 6.4502695 | AO202: 6.1057087 | AP202: 70.068026 | AQ202: 377.99205 | AR202: 61.965952 | AS202: 162.60455
C203: 45416 | D203: 45417 | E203: 0.55364992 | F203: 1.9287164 | G203: 2.4829 | H203: 29.107157 | I203: 0 | J203: =IF(I203=0, "SD","RUN") -> SD | K203: 109.96102 | L203: =IF(J203="SD",0,K203) -> 0 | M203: 21.676063 | N203: =IF(M203=0,"SD","RUN") -> RUN | O203: 5.6397801 | P203: =IF(N203="SD",0,O203) -> 5.6397801 | Q203: =SUM(P203,L203) -> 5.6397801 | R203: -1.2901244 | S203: 14.695894 | T203: =IF(S203<0, 0, S203) -> 14.695894 | U203: =IF(G203<0.1, 0, (Q203/(G203*1000))*100) -> 0.22714488 | V203: =IF(G203<0.1, 0, IF(R203<=0,0,Q203*(R203/(R203+T203))/(G203*1000)*100)) -> 0 | W203: 0 | X203: [-11059] No Good Data For Calculation | Y203: 4.4040771 | Z203: 48.155073 | AA203: 22.135758 | AB203: 0.9799654 | AC203: 0.38869747 | AD203: 2.257019 | AE203: [-11059] No Good Data For Calculation | AF203: [-11059] No Good Data For Calculation | AG203: =IF(C203<DATE(2024,7,26), AD203, IF(AE203<100, AE203, AF203)) -> 2.257019 | AH203: [-11059] No Good Data For Calculation | AI203: [-11059] No Good Data For Calculation | AJ203: 0.010046749 | AK203: 0.018460817 | AL203: 0.027628559 | AM203: 6.5093107 | AN203: 6.5275952 | AO203: 6.2415645 | AP203: 71.137668 | AQ203: 370.47105 | AR203: 62.704528 | AS203: 166.40301
C204: 45417 | D204: 45418 | E204: 0.67922265 | F204: 2.0281374 | G204: 2.7076943 | H204: 29.107157 | I204: 0 | J204: =IF(I204=0, "SD","RUN") -> SD | K204: 115.3554 | L204: =IF(J204="SD",0,K204) -> 0 | M204: 21.801799 | N204: =IF(M204=0,"SD","RUN") -> RUN | O204: 11.142725 | P204: =IF(N204="SD",0,O204) -> 11.142725 | Q204: =SUM(P204,L204) -> 11.142725 | R204: -1.2237789 | S204: 15.007811 | T204: =IF(S204<0, 0, S204) -> 15.007811 | U204: =IF(G204<0.1, 0, (Q204/(G204*1000))*100) -> 0.41152078 | V204: =IF(G204<0.1, 0, IF(R204<=0,0,Q204*(R204/(R204+T204))/(G204*1000)*100)) -> 0 | W204: 0.0058339168 | X204: [-11059] No Good Data For Calculation | Y204: 4.5621213 | Z204: 50.068834 | AA204: 22.760885 | AB204: 6.5582098 | AC204: 0.37693807 | AD204: 2.3876284 | AE204: [-11059] No Good Data For Calculation | AF204: [-11059] No Good Data For Calculation | AG204: =IF(C204<DATE(2024,7,26), AD204, IF(AE204<100, AE204, AF204)) -> 2.3876284 | AH204: [-11059] No Good Data For Calculation | AI204: [-11059] No Good Data For Calculation | AJ204: 0.01001029 | AK204: 0.010693777 | AL204: 0.027528296 | AM204: 6.4108499 | AN204: 6.4869784 | AO204: 6.220593 | AP204: 70.700338 | AQ204: 371.92982 | AR204: 61.386742 | AS204: 164.01182
C205: 45418 | D205: 45419 | E205: 0.66954225 | F205: 1.9801709 | G205: 2.6511034 | H205: 29.107157 | I205: 0 | J205: =IF(I205=0, "SD","RUN") -> SD | K205: 114.45776 | L205: =IF(J205="SD",0,K205) -> 0 | M205: 21.505671 | N205: =IF(M205=0,"SD","RUN") -> RUN | O205: 1.559562 | P205: =IF(N205="SD",0,O205) -> 1.559562 | Q205: =SUM(P205,L205) -> 1.559562 | R205: -1.272917 | S205: 13.658603 | T205: =IF(S205<0, 0, S205) -> 13.658603 | U205: =IF(G205<0.1, 0, (Q205/(G205*1000))*100) -> 0.058826901 | V205: =IF(G205<0.1, 0, IF(R205<=0,0,Q205*(R205/(R205+T205))/(G205*1000)*100)) -> 0 | W205: 0.016043271 | X205: [-11059] No Good Data For Calculation | Y205: 4.5023213 | Z205: 49.218686 | AA205: 22.417954 | AB205: 4.4019511 | AC205: 0.36421426 | AD205: 2.1944336 | AE205: [-11059] No Good Data For Calculation | AF205: [-11059] No Good Data For Calculation | AG205: =IF(C205<DATE(2024,7,26), AD205, IF(AE205<100, AE205, AF205)) -> 2.1944336 | AH205: [-11059] No Good Data For Calculation | AI205: [-11059] No Good Data For Calculation | AJ205: 0.009916431 | AK205: 0.014000726 | AL205: 0.027270172 | AM205: 6.370272 | AN205: 6.4799178 | AO205: 6.228346 | AP205: 70.512894 | AQ205: 376.55406 | AR205: 60.781366 | AS205: 162.37738
C206: 45419 | D206: 45420 | E206: 0.63641109 | F206: 1.9319109 | G206: 2.5685455 | H206: 29.107157 | I206: 0 | J206: =IF(I206=0, "SD","RUN") -> SD | K206: 111.89776 | L206: =IF(J206="SD",0,K206) -> 0 | M206: 21.38624 | N206: =IF(M206=0,"SD","RUN") -> RUN | O206: 19.514681 | P206: =IF(N206="SD",0,O206) -> 19.514681 | Q206: =SUM(P206,L206) -> 19.514681 | R206: -1.263883 | S206: 16.252443 | T206: =IF(S206<0, 0, S206) -> 16.252443 | U206: =IF(G206<0.1, 0, (Q206/(G206*1000))*100) -> 0.7597561 | V206: =IF(G206<0.1, 0, IF(R206<=0,0,Q206*(R206/(R206+T206))/(G206*1000)*100)) -> 0 | W206: 0.047608929 | X206: [-11059] No Good Data For Calculation | Y206: 4.5389899 | Z206: 49.351285 | AA206: 22.604995 | AB206: 4.9286839 | AC206: 0.38150056 | AD206: 2.2628596 | AE206: [-11059] No Good Data For Calculation | AF206: [-11059] No Good Data For Calculation | AG206: =IF(C206<DATE(2024,7,26), AD206, IF(AE206<100, AE206, AF206)) -> 2.2628596 | AH206: [-11059] No Good Data For Calculation | AI206: [-11059] No Good Data For Calculation | AJ206: 0.0098935221 | AK206: 0.0013060278 | AL206: 0.027207186 | AM206: 6.305899 | AN206: 6.4461948 | AO206: 6.1827147 | AP206: 69.799043 | AQ206: 378.61481 | AR206: 60.804704 | AS206: 161.56756
... C285: 45498 | D285: 45499 | E285: 1.216261 | F285: 2.2258786 | G285: 3.4429552 | H285: 29.107157 | I285: 0 | J285: =IF(I285=0, "SD","RUN") -> SD | K285: 118.53696 | L285: =IF(J285="SD",0,K285) -> 0 | M285: 41.240058 | N285: =IF(M285=0,"SD","RUN") -> RUN | O285: 52.610257 | P285: =IF(N285="SD",0,O285) -> 52.610257 | Q285: =SUM(P285,L285) -> 52.610257 | R285: -1.3915189 | S285: 9.055997 | T285: =IF(S285<0, 0, S285) -> 9.055997 | U285: =IF(G285<0.1, 0, (Q285/(G285*1000))*100) -> 1.5280552 | V285: =IF(G285<0.1, 0, IF(R285<=0,0,Q285*(R285/(R285+T285))/(G285*1000)*100)) -> 0 | W285: 0 | X285: [-11059] No Good Data For Calculation | Y285: 23.915298 | Z285: 47.315114 | AA285: 25.840631 | AB285: 0.19636183 | AC285: 0.43548165 | AD285: 3.2352035 | AE285: [-11059] No Good Data For Calculation | AF285: [-11059] No Good Data For Calculation | AG285: =IF(C285<DATE(2024,7,26), AD285, IF(AE285<100, AE285, AF285)) -> 3.2352035 | AH285: [-11059] No Good Data For Calculation | AI285: [-11059] No Good Data For Calculation | AJ285: 5.3345839 | AK285: 5.0818823 | AL285: 6.6006329 | AM285: 7.7455735 | AN285: 7.4666806 | AO285: 6.2988104 | AP285: 57.875376 | AQ285: 473.22419 | AR285: 50.554646 | AS285: 176.05347
C286: 45499 | D286: 45500 | E286: 1.2281643 | F286: 2.2288635 | G286: 3.4568884 | H286: 29.107157 | I286: 0 | J286: =IF(I286=0, "SD","RUN") -> SD | K286: 119.51185 | L286: =IF(J286="SD",0,K286) -> 0 | M286: 43.760775 | N286: =IF(M286=0,"SD","RUN") -> RUN | O286: 55.011593 | P286: =IF(N286="SD",0,O286) -> 55.011593 | Q286: =SUM(P286,L286) -> 55.011593 | R286: -1.4716361 | S286: 9.9397153 | T286: =IF(S286<0, 0, S286) -> 9.9397153 | U286: =IF(G286<0.1, 0, (Q286/(G286*1000))*100) -> 1.5913616 | V286: =IF(G286<0.1, 0, IF(R286<=0,0,Q286*(R286/(R286+T286))/(G286*1000)*100)) -> 0 | W286: 0 | X286: [-11059] No Good Data For Calculation | Y286: 24.772248 | Z286: 47.501518 | AA286: 25.861508 | AB286: 0.23046349 | AC286: 0.44963497 | AD286: 3.3456332 | AE286: 0.38564359 | AF286: 0.91621987 | AG286: =IF(C286<DATE(2024,7,26), AD286, IF(AE286<100, AE286, AF286)) -> 0.38564359 | AH286: [-11059] No Good Data For Calculation | AI286: [-11059] No Good Data For Calculation | AJ286: 5.089823 | AK286: 5.016716 | AL286: 6.4852149 | AM286: 8.0600182 | AN286: 7.492479 | AO286: 6.3613724 | AP286: 58.117415 | AQ286: 465.71189 | AR286: 52.579018 | AS286: 175.97088
C287: 45500 | D287: 45501 | E287: 1.1555502 | F287: 2.2486931 | G287: 3.4046245 | H287: 29.107157 | I287: 0 | J287: =IF(I287=0, "SD","RUN") -> SD | K287: 117.31998 | L287: =IF(J287="SD",0,K287) -> 0 | M287: 46.166203 | N287: =IF(M287=0,"SD","RUN") -> RUN | O287: 59.194014 | P287: =IF(N287="SD",0,O287) -> 59.194014 | Q287: =SUM(P287,L287) -> 59.194014 | R287: -1.4703751 | S287: 11.168163 | T287: =IF(S287<0, 0, S287) -> 11.168163 | U287: =IF(G287<0.1, 0, (Q287/(G287*1000))*100) -> 1.7386356 | V287: =IF(G287<0.1, 0, IF(R287<=0,0,Q287*(R287/(R287+T287))/(G287*1000)*100)) -> 0 | W287: 6.0185239 | X287: [-11059] No Good Data For Calculation | Y287: 24.689132 | Z287: 47.162013 | AA287: 25.467863 | AB287: 5.6810709 | AC287: 0.42783249 | AD287: [-11059] No Good Data For Calculation | AE287: 0.31511921 | AF287: 1.1380078 | AG287: =IF(C287<DATE(2024,7,26), AD287, IF(AE287<100, AE287, AF287)) -> 0.31511921 | AH287: [-11059] No Good Data For Calculation | AI287: [-11059] No Good Data For Calculation | AJ287: 4.653568 | AK287: 4.954096 | AL287: 6.2756607 | AM287: 7.9210437 | AN287: 7.5719521 | AO287: 6.5171302 | AP287: 58.758239 | AQ287: 467.60407 | AR287: 53.659492 | AS287: 177.14728
C288: 45501 | D288: 45502 | E288: 1.1808669 | F288: 2.2332403 | G288: 3.4134472 | H288: 29.107157 | I288: 0 | J288: =IF(I288=0, "SD","RUN") -> SD | K288: 119.77304 | L288: =IF(J288="SD",0,K288) -> 0 | M288: 42.029042 | N288: =IF(M288=0,"SD","RUN") -> RUN | O288: 61.506487 | P288: =IF(N288="SD",0,O288) -> 61.506487 | Q288: =SUM(P288,L288) -> 61.506487 | R288: -1.453 | S288: 11.329058 | T288: =IF(S288<0, 0, S288) -> 11.329058 | U288: =IF(G288<0.1, 0, (Q288/(G288*1000))*100) -> 1.8018877 | V288: =IF(G288<0.1, 0, IF(R288<=0,0,Q288*(R288/(R288+T288))/(G288*1000)*100)) -> 0 | W288: 26.731583 | X288: [-11059] No Good Data For Calculation | Y288: 24.269834 | Z288: 47.038171 | AA288: 25.187057 | AB288: 4.882411 | AC288: 0.4216486 | AD288: [-11059] No Good Data For Calculation | AE288: 0.27180886 | AF288: 1.0320281 | AG288: =IF(C288<DATE(2024,7,26), AD288, IF(AE288<100, AE288, AF288)) -> 0.27180886 | AH288: [-11059] No Good Data For Calculation | AI288: [-11059] No Good Data For Calculation | AJ288: 4.6638975 | AK288: 4.9708573 | AL288: 6.3165814 | AM288: 7.6320061 | AN288: 7.7987028 | AO288: 6.6180889 | AP288: 58.245358 | AQ288: 471.2071 | AR288: 52.898291 | AS288: 176.57113
C289: 45502 | D289: 45503 | E289: 1.1291742 | F289: 2.248436 | G289: 3.3773893 | H289: 29.107157 | I289: 0 | J289: =IF(I289=0, "SD","RUN") -> SD | K289: 121.14376 | L289: =IF(J289="SD",0,K289) -> 0 | M289: 41.675945 | N289: =IF(M289=0,"SD","RUN") -> RUN | O289: 58.506065 | P289: =IF(N289="SD",0,O289) -> 58.506065 | Q289: =SUM(P289,L289) -> 58.506065 | R289: -1.4331409 | S289: 11.066155 | T289: =IF(S289<0, 0, S289) -> 11.066155 | U289: =IF(G289<0.1, 0, (Q289/(G289*1000))*100) -> 1.7322866 | V289: =IF(G289<0.1, 0, IF(R289<=0,0,Q289*(R289/(R289+T289))/(G289*1000)*100)) -> 0 | W289: 1.5520161 | X289: [-11059] No Good Data For Calculation | Y289: 24.732747 | Z289: 47.117959 | AA289: 25.669292 | AB289: 1.7804535 | AC289: 0.4424852 | AD289: [-11059] No Good Data For Calculation | AE289: 0.21761624 | AF289: 0.70281658 | AG289: =IF(C289<DATE(2024,7,26), AD289, IF(AE289<100, AE289, AF289)) -> 0.21761624 | AH289: [-11059] No Good Data For Calculation | AI289: [-11059] No Good Data For Calculation | AJ289: 4.6887186 | AK289: 4.9712877 | AL289: 6.3350269 | AM289: 7.5347591 | AN289: 8.0846798 | AO289: 6.5999292 | AP289: 58.25245 | AQ289: 469.22571 | AR289: 52.266675 | AS289: 176.07091
C290: 45503 | D290: 45504 | E290: 1.2670188 | F290: 2.2606303 | G290: 3.5279872 | H290: 29.107157 | I290: 0 | J290: =IF(I290=0, "SD","RUN") -> SD | K290: 120.8012 | L290: =IF(J290="SD",0,K290) -> 0 | M290: 42.379511 | N290: =IF(M290=0,"SD","RUN") -> RUN | O290: 54.862779 | P290: =IF(N290="SD",0,O290) -> 54.862779 | Q290: =SUM(P290,L290) -> 54.862779 | R290: -1.4658643 | S290: 10.359634 | T290: =IF(S290<0, 0, S290) -> 10.359634 | U290: =IF(G290<0.1, 0, (Q290/(G290*1000))*100) -> 1.5550731 | V290: =IF(G290<0.1, 0, IF(R290<=0,0,Q290*(R290/(R290+T290))/(G290*1000)*100)) -> 0 | W290: 0.011772011 | X290: [-11059] No Good Data For Calculation | Y290: 24.480017 | Z290: 46.281926 | AA290: 24.889521 | AB290: 0.4011678 | AC290: 0.41524978 | AD290: [-11059] No Good Data For Calculation | AE290: 2.7241269 | AF290: 17.006689 | AG290: =IF(C290<DATE(2024,7,26), AD290, IF(AE290<100, AE290, AF290)) -> 2.7241269 | AH290: [-11059] No Good Data For Calculation | AI290: [-11059] No Good Data For Calculation | AJ290: 4.3819569 | AK290: 4.5730115 | AL290: 5.8898598 | AM290: 7.6701671 | AN290: 8.3084768 | AO290: 6.7273742 | AP290: 59.55913 | AQ290: 469.19399 | AR290: 51.001343 | AS290: 176.1316
C291: 45504 | D291: 45505 | E291: 1.2131876 | F291: 2.2677309 | G291: 3.481586 | H291: 29.107157 | I291: 0 | J291: =IF(I291=0, "SD","RUN") -> SD | K291: 119.76607 | L291: =IF(J291="SD",0,K291) -> 0 | M291: 41.917299 | N291: =IF(M291=0,"SD","RUN") -> RUN | O291: 53.366371 | P291: =IF(N291="SD",0,O291) -> 53.366371 | Q291: =SUM(P291,L291) -> 53.366371 | R291: -1.4435031 | S291: 9.4666791 | T291: =IF(S291<0, 0, S291) -> 9.4666791 | U291: =IF(G291<0.1, 0, (Q291/(G291*1000))*100) -> 1.5328178 | V291: =IF(G291<0.1, 0, IF(R291<=0,0,Q291*(R291/(R291+T291))/(G291*1000)*100)) -> 0 | W291: 0 | X291: [-11059] No Good Data For Calculation | Y291: 23.895976 | Z291: 46.58979 | AA291: 23.82029 | AB291: 0.53345708 | AC291: 0.43396272 | AD291: [-11059] No Good Data For Calculation | AE291: 0.26719026 | AF291: 0.62030918 | AG291: =IF(C291<DATE(2024,7,26), AD291, IF(AE291<100, AE291, AF291)) -> 0.26719026 | AH291: [-11059] No Good Data For Calculation | AI291: [-11059] No Good Data For Calculation | AJ291: 4.563463 | AK291: 4.5253424 | AL291: 5.8143141 | AM291: 7.7195808 | AN291: 8.4400849 | AO291: 6.9179819 | AP291: 59.284516 | AQ291: 475.51747 | AR291: 51.78217 | AS291: 176.52691
C292: 45505 | D292: 45506 | E292: 1.2327504 | F292: 2.2531384 | G292: 3.4838383 | H292: 29.107157 | I292: 0 | J292: =IF(I292=0, "SD","RUN") -> SD | K292: 118.98095 | L292: =IF(J292="SD",0,K292) -> 0 | M292: 42.075097 | N292: =IF(M292=0,"SD","RUN") -> RUN | O292: 71.54219 | P292: =IF(N292="SD",0,O292) -> 71.54219 | Q292: =SUM(P292,L292) -> 71.54219 | R292: -1.4521484 | S292: 13.310045 | T292: =IF(S292<0, 0, S292) -> 13.310045 | U292: =IF(G292<0.1, 0, (Q292/(G292*1000))*100) -> 2.0535451 | V292: =IF(G292<0.1, 0, IF(R292<=0,0,Q292*(R292/(R292+T292))/(G292*1000)*100)) -> 0 | W292: 0 | X292: [-11059] No Good Data For Calculation | Y292: 24.523141 | Z292: 46.774174 | AA292: 24.947499 | AB292: 0.23889668 | AC292: 0.42140057 | AD292: [-11059] No Good Data For Calculation | AE292: 2.1680763 | AF292: 7.3905824 | AG292: =IF(C292<DATE(2024,7,26), AD292, IF(AE292<100, AE292, AF292)) -> 2.1680763 | AH292: [-11059] No Good Data For Calculation | AI292: [-11059] No Good Data For Calculation | AJ292: 4.8040746 | AK292: 5.1032741 | AL292: 6.2037031 | AM292: 7.7146061 | AN292: 8.4162848 | AO292: 6.9615629 | AP292: 59.714396 | AQ292: 486.71442 | AR292: 52.099159 | AS292: 176.08299
C293: 45506 | D293: 45507 | E293: 1.2535706 | F293: 2.2409074 | G293: 3.4939732 | H293: 29.107157 | I293: 0 | J293: =IF(I293=0, "SD","RUN") -> SD | K293: 119.12258 | L293: =IF(J293="SD",0,K293) -> 0 | M293: 44.715932 | N293: =IF(M293=0,"SD","RUN") -> RUN | O293: 64.961181 | P293: =IF(N293="SD",0,O293) -> 64.961181 | Q293: =SUM(P293,L293) -> 64.961181 | R293: -1.4490142 | S293: 12.158614 | T293: =IF(S293<0, 0, S293) -> 12.158614 | U293: =IF(G293<0.1, 0, (Q293/(G293*1000))*100) -> 1.8592353 | V293: =IF(G293<0.1, 0, IF(R293<=0,0,Q293*(R293/(R293+T293))/(G293*1000)*100)) -> 0 | W293: 0 | X293: [-11059] No Good Data For Calculation | Y293: 24.624765 | Z293: 46.673042 | AA293: 24.975584 | AB293: 0.28981439 | AC293: 0.44662946 | AD293: [-11059] No Good Data For Calculation | AE293: 7.0605786 | AF293: 13.625522 | AG293: =IF(C293<DATE(2024,7,26), AD293, IF(AE293<100, AE293, AF293)) -> 7.0605786 | AH293: [-11059] No Good Data For Calculation | AI293: [-11059] No Good Data For Calculation | AJ293: 4.9332627 | AK293: 5.2159129 | AL293: 6.2897662 | AM293: 7.7092894 | AN293: 8.2700029 | AO293: 6.9278702 | AP293: 59.527176 | AQ293: 490.33237 | AR293: 52.326214 | AS293: 175.17847
C294: 45507 | D294: 45508 | E294: 1.2285925 | F294: 2.3102711 | G294: 3.5399723 | H294: 29.107157 | I294: 0 | J294: =IF(I294=0, "SD","RUN") -> SD | K294: 118.31025 | L294: =IF(J294="SD",0,K294) -> 0 | M294: 41.954791 | N294: =IF(M294=0,"SD","RUN") -> RUN | O294: 66.079755 | P294: =IF(N294="SD",0,O294) -> 66.079755 | Q294: =SUM(P294,L294) -> 66.079755 | R294: -1.3985311 | S294: 12.422803 | T294: =IF(S294<0, 0, S294) -> 12.422803 | U294: =IF(G294<0.1, 0, (Q294/(G294*1000))*100) -> 1.8666743 | V294: =IF(G294<0.1, 0, IF(R294<=0,0,Q294*(R294/(R294+T294))/(G294*1000)*100)) -> 0 | W294: 9.8310838 | X294: [-11059] No Good Data For Calculation | Y294: 24.955587 | Z294: 47.209577 | AA294: 24.778316 | AB294: 0.56380295 | AC294: 0.46729897 | AD294: [-11059] No Good Data For Calculation | AE294: 1.2106061 | AF294: 2.046751 | AG294: =IF(C294<DATE(2024,7,26), AD294, IF(AE294<100, AE294, AF294)) -> 1.2106061 | AH294: [-11059] No Good Data For Calculation | AI294: [-11059] No Good Data For Calculation | AJ294: 4.4201957 | AK294: 4.3737653 | AL294: 5.6221418 | AM294: 7.6885397 | AN294: 8.252347 | AO294: 6.8863927 | AP294: 59.24114 | AQ294: 472.72496 | AR294: 52.969687 | AS294: 174.0626
C295: 45508 | D295: 45509 | E295: 1.2346237 | F295: 2.3028604 | G295: 3.5369259 | H295: 29.107157 | I295: 0 | J295: =IF(I295=0, "SD","RUN") -> SD | K295: 118.57884 | L295: =IF(J295="SD",0,K295) -> 0 | M295: 40.77884 | N295: =IF(M295=0,"SD","RUN") -> RUN | O295: 79.509941 | P295: =IF(N295="SD",0,O295) -> 79.509941 | Q295: =SUM(P295,L295) -> 79.509941 | R295: -1.4181553 | S295: 15.172808 | T295: =IF(S295<0, 0, S295) -> 15.172808 | U295: =IF(G295<0.1, 0, (Q295/(G295*1000))*100) -> 2.2479957 | V295: =IF(G295<0.1, 0, IF(R295<=0,0,Q295*(R295/(R295+T295))/(G295*1000)*100)) -> 0 | W295: 3.0453939 | X295: [-11059] No Good Data For Calculation | Y295: 24.570594 | Z295: 46.809538 | AA295: 24.747023 | AB295: 0.51149019 | AC295: 0.42669739 | AD295: [-11059] No Good Data For Calculation | AE295: 0.83915539 | AF295: 1.377845 | AG295: =IF(C295<DATE(2024,7,26), AD295, IF(AE295<100, AE295, AF295)) -> 0.83915539 | AH295: [-11059] No Good Data For Calculation | AI295: [-11059] No Good Data For Calculation | AJ295: 4.8878479 | AK295: 4.183154 | AL295: 4.9525434 | AM295: 7.8309184 | AN295: 8.536808 | AO295: 7.1438152 | AP295: 59.911566 | AQ295: 476.59932 | AR295: 52.999384 | AS295: 174.75871
C296: 45509 | D296: 45510 | E296: 1.2689581 | F296: 2.2632078 | G296: 3.5324696 | H296: 29.107157 | I296: 0 | J296: =IF(I296=0, "SD","RUN") -> SD | K296: 119.28764 | L296: =IF(J296="SD",0,K296) -> 0 | M296: 42.098551 | N296: =IF(M296=0,"SD","RUN") -> RUN | O296: 75.308446 | P296: =IF(N296="SD",0,O296) -> 75.308446 | Q296: =SUM(P296,L296) -> 75.308446 | R296: -1.358296 | S296: 15.453567 | T296: =IF(S296<0, 0, S296) -> 15.453567 | U296: =IF(G296<0.1, 0, (Q296/(G296*1000))*100) -> 2.1318922 | V296: =IF(G296<0.1, 0, IF(R296<=0,0,Q296*(R296/(R296+T296))/(G296*1000)*100)) -> 0 | W296: 0.012188719 | X296: [-11059] No Good Data For Calculation | Y296: 24.171794 | Z296: 46.894783 | AA296: 24.942587 | AB296: 0.42373464 | AC296: 0.51926741 | AD296: [-11059] No Good Data For Calculation | AE296: 1.8279908 | AF296: 3.4446472 | AG296: =IF(C296<DATE(2024,7,26), AD296, IF(AE296<100, AE296, AF296)) -> 1.8279908 | AH296: [-11059] No Good Data For Calculation | AI296: 5.194388 | AJ296: 4.267293 | AK296: 4.6645784 | AL296: 5.9534442 | AM296: 7.9098325 | AN296: 8.3181377 | AO296: 7.0335098 | AP296: 59.183251 | AQ296: 494.05183 | AR296: 51.693015 | AS296: 178.24675
C297: 45510 | D297: 45511 | E297: 1.3075795 | F297: 2.2419955 | G297: 3.5500317 | H297: 29.107157 | I297: 0 | J297: =IF(I297=0, "SD","RUN") -> SD | K297: 117.27137 | L297: =IF(J297="SD",0,K297) -> 0 | M297: 43.728534 | N297: =IF(M297=0,"SD","RUN") -> RUN | O297: 63.504674 | P297: =IF(N297="SD",0,O297) -> 63.504674 | Q297: =SUM(P297,L297) -> 63.504674 | R297: -1.410169 | S297: 11.824918 | T297: =IF(S297<0, 0, S297) -> 11.824918 | U297: =IF(G297<0.1, 0, (Q297/(G297*1000))*100) -> 1.7888481 | V297: =IF(G297<0.1, 0, IF(R297<=0,0,Q297*(R297/(R297+T297))/(G297*1000)*100)) -> 0 | W297: 0 | X297: [-11059] No Good Data For Calculation | Y297: 24.456533 | Z297: 47.21471 | AA297: 25.276986 | AB297: 0.70254791 | AC297: 0.48346515 | AD297: [-11059] No Good Data For Calculation | AE297: 0.17917346 | AF297: 0.8973037 | AG297: =IF(C297<DATE(2024,7,26), AD297, IF(AE297<100, AE297, AF297)) -> 0.17917346 | AH297: [-11059] No Good Data For Calculation | AI297: 18.31898 | AJ297: 4.298083 | AK297: 4.7016391 | AL297: 6.0218984 | AM297: 7.6257721 | AN297: 8.209188 | AO297: 6.8775068 | AP297: 57.744027 | AQ297: 494.72861 | AR297: 52.919491 | AS297: 189.08881
C298: 45511 | D298: 45512 | E298: 1.2264379 | F298: 2.234062 | G298: 3.4603917 | H298: 29.107157 | I298: 0 | J298: =IF(I298=0, "SD","RUN") -> SD | K298: 112.81578 | L298: =IF(J298="SD",0,K298) -> 0 | M298: 43.146066 | N298: =IF(M298=0,"SD","RUN") -> RUN | O298: 83.423003 | P298: =IF(N298="SD",0,O298) -> 83.423003 | Q298: =SUM(P298,L298) -> 83.423003 | R298: -1.4408858 | S298: 17.119756 | T298: =IF(S298<0, 0, S298) -> 17.119756 | U298: =IF(G298<0.1, 0, (Q298/(G298*1000))*100) -> 2.4107965 | V298: =IF(G298<0.1, 0, IF(R298<=0,0,Q298*(R298/(R298+T298))/(G298*1000)*100)) -> 0 | W298: 0 | X298: [-11059] No Good Data For Calculation | Y298: 24.554136 | Z298: 49.115505 | AA298: 25.218751 | AB298: 0.45852699 | AC298: 0.50220683 | AD298: [-11059] No Good Data For Calculation | AE298: 6.0531254 | AF298: 12.861957 | AG298: =IF(C298<DATE(2024,7,26), AD298, IF(AE298<100, AE298, AF298)) -> 6.0531254 | AH298: [-11059] No Good Data For Calculation | AI298: 4.6280757 | AJ298: 3.8606319 | AK298: 4.2294637 | AL298: 5.5038311 | AM298: 7.9992411 | AN298: 8.3718166 | AO298: 6.8769768 | AP298: 57.273287 | AQ298: 504.89127 | AR298: 51.504677 | AS298: 195.26312
C299: 45512 | D299: 45513 | E299: 1.2624545 | F299: 2.2425522 | G299: 3.5044383 | H299: 29.107157 | I299: 0 | J299: =IF(I299=0, "SD","RUN") -> SD | K299: 118.05479 | L299: =IF(J299="SD",0,K299) -> 0 | M299: 39.220949 | N299: =IF(M299=0,"SD","RUN") -> RUN | O299: 85.127622 | P299: =IF(N299="SD",0,O299) -> 85.127622 | Q299: =SUM(P299,L299) -> 85.127622 | R299: -1.4092898 | S299: 18.591532 | T299: =IF(S299<0, 0, S299) -> 18.591532 | U299: =IF(G299<0.1, 0, (Q299/(G299*1000))*100) -> 2.4291374 | V299: =IF(G299<0.1, 0, IF(R299<=0,0,Q299*(R299/(R299+T299))/(G299*1000)*100)) -> 0 | W299: 0 | X299: [-11059] No Good Data For Calculation | Y299: 23.951123 | Z299: 46.97887 | AA299: 24.756293 | AB299: 0.38879074 | AC299: 0.47089751 | AD299: [-11059] No Good Data For Calculation | AE299: 1.4338856 | AF299: 4.9451701 | AG299: =IF(C299<DATE(2024,7,26), AD299, IF(AE299<100, AE299, AF299)) -> 1.4338856 | AH299: [-11059] No Good Data For Calculation | AI299: 29.685367 | AJ299: 3.8975278 | AK299: 4.2779002 | AL299: 5.5148167 | AM299: 7.6507232 | AN299: 8.5436978 | AO299: 7.0361885 | AP299: 57.856264 | AQ299: 492.93489 | AR299: 52.579343 | AS299: 197.77325
C300: 45513 | D300: 45514 | E300: 1.2494526 | F300: 2.2612517 | G300: 3.5098622 | H300: 29.107157 | I300: 0 | J300: =IF(I300=0, "SD","RUN") -> SD | K300: 118.43574 | L300: =IF(J300="SD",0,K300) -> 0 | M300: 35.857048 | N300: =IF(M300=0,"SD","RUN") -> RUN | O300: 44.243587 | P300: =IF(N300="SD",0,O300) -> 44.243587 | Q300: =SUM(P300,L300) -> 44.243587 | R300: -1.4666255 | S300: 8.8950365 | T300: =IF(S300<0, 0, S300) -> 8.8950365 | U300: =IF(G300<0.1, 0, (Q300/(G300*1000))*100) -> 1.2605505 | V300: =IF(G300<0.1, 0, IF(R300<=0,0,Q300*(R300/(R300+T300))/(G300*1000)*100)) -> 0 | W300: 0 | X300: [-11059] No Good Data For Calculation | Y300: 23.629876 | Z300: 47.392264 | AA300: 24.051081 | AB300: 4.3695429 | AC300: 0.46102021 | AD300: [-11059] No Good Data For Calculation | AE300: 0.71670821 | AF300: 2.4177354 | AG300: =IF(C300<DATE(2024,7,26), AD300, IF(AE300<100, AE300, AF300)) -> 0.71670821 | AH300: [-11059] No Good Data For Calculation | AI300: 28.659581 | AJ300: 3.8375296 | AK300: 4.2427082 | AL300: 5.4726796 | AM300: 7.7333151 | AN300: 8.6039477 | AO300: 7.1010018 | AP300: 57.8069 | AQ300: 491.15998 | AR300: 57.071048 | AS300: 193.78621
C301: 45514 | D301: 45515 | E301: 1.2306371 | F301: 2.2521617 | G301: 3.4830078 | H301: 29.107157 | I301: 0 | J301: =IF(I301=0, "SD","RUN") -> SD | K301: 118.38837 | L301: =IF(J301="SD",0,K301) -> 0 | M301: 43.026568 | N301: =IF(M301=0,"SD","RUN") -> RUN | O301: 79.960663 | P301: =IF(N301="SD",0,O301) -> 79.960663 | Q301: =SUM(P301,L301) -> 79.960663 | R301: -1.4539932 | S301: 17.784175 | T301: =IF(S301<0, 0, S301) -> 17.784175 | U301: =IF(G301<0.1, 0, (Q301/(G301*1000))*100) -> 2.295736 | V301: =IF(G301<0.1, 0, IF(R301<=0,0,Q301*(R301/(R301+T301))/(G301*1000)*100)) -> 0 | W301: 0 | X301: [-11059] No Good Data For Calculation | Y301: 23.634611 | Z301: 47.465569 | AA301: 24.042162 | AB301: 4.2571755 | AC301: 0.46096828 | AD301: [-11059] No Good Data For Calculation | AE301: 0.46507625 | AF301: 0.94773186 | AG301: =IF(C301<DATE(2024,7,26), AD301, IF(AE301<100, AE301, AF301)) -> 0.46507625 | AH301: [-11059] No Good Data For Calculation | AI301: 28.740942 | AJ301: 3.7493106 | AK301: 4.1462278 | AL301: 5.3859214 | AM301: 7.9534853 | AN301: 8.5348541 | AO301: 7.0269882 | AP301: 57.375766 | AQ301: 495.20109 | AR301: 56.257791 | AS301: 196.29084
C302: 45515 | D302: 45516 | E302: 1.2641389 | F302: 2.2627806 | G302: 3.5270805 | H302: 29.079854 | I302: 0 | J302: =IF(I302=0, "SD","RUN") -> SD | K302: 117.65054 | L302: =IF(J302="SD",0,K302) -> 0 | M302: 43.617977 | N302: =IF(M302=0,"SD","RUN") -> RUN | O302: 73.273936 | P302: =IF(N302="SD",0,O302) -> 73.273936 | Q302: =SUM(P302,L302) -> 73.273936 | R302: -1.3623241 | S302: 16.364297 | T302: =IF(S302<0, 0, S302) -> 16.364297 | U302: =IF(G302<0.1, 0, (Q302/(G302*1000))*100) -> 2.0774671 | V302: =IF(G302<0.1, 0, IF(R302<=0,0,Q302*(R302/(R302+T302))/(G302*1000)*100)) -> 0 | W302: 8.4290818 | X302: [-11059] No Good Data For Calculation | Y302: 23.324276 | Z302: 47.181687 | AA302: 23.769927 | AB302: 1.3654588 | AC302: 0.45519692 | AD302: [-11059] No Good Data For Calculation | AE302: 0.38355862 | AF302: 1.0741799 | AG302: =IF(C302<DATE(2024,7,26), AD302, IF(AE302<100, AE302, AF302)) -> 0.38355862 | AH302: [-11059] No Good Data For Calculation | AI302: 28.297658 | AJ302: 3.7323841 | AK302: 4.1535445 | AL302: 5.3979995 | AM302: 7.8900651 | AN302: 8.5545908 | AO302: 7.0626177 | AP302: 57.523839 | AQ302: 504.18398 | AR302: 55.21321 | AS302: 202.85108
C303: 45516 | D303: 45517 | E303: 1.2323655 | F303: 2.2490997 | G303: 3.4807153 | H303: 29.104422 | I303: 0 | J303: =IF(I303=0, "SD","RUN") -> SD | K303: 117.87086 | L303: =IF(J303="SD",0,K303) -> 0 | M303: 40.961267 | N303: =IF(M303=0,"SD","RUN") -> RUN | O303: 84.836977 | P303: =IF(N303="SD",0,O303) -> 84.836977 | Q303: =SUM(P303,L303) -> 84.836977 | R303: -1.4320153 | S303: 18.059641 | T303: =IF(S303<0, 0, S303) -> 18.059641 | U303: =IF(G303<0.1, 0, (Q303/(G303*1000))*100) -> 2.4373431 | V303: =IF(G303<0.1, 0, IF(R303<=0,0,Q303*(R303/(R303+T303))/(G303*1000)*100)) -> 0 | W303: 24.101532 | X303: [-11059] No Good Data For Calculation | Y303: 24.073882 | Z303: 47.737279 | AA303: 24.771125 | AB303: 4.5559452 | AC303: 0.48558298 | AD303: [-11059] No Good Data For Calculation | AE303: 0.49585261 | AF303: 1.5322542 | AG303: =IF(C303<DATE(2024,7,26), AD303, IF(AE303<100, AE303, AF303)) -> 0.49585261 | AH303: [-11059] No Good Data For Calculation | AI303: 27.778225 | AJ303: 3.8071283 | AK303: 4.1950089 | AL303: 5.4290625 | AM303: 7.8508699 | AN303: 8.4629766 | AO303: 7.021423 | AP303: 57.651142 | AQ303: 496.72307 | AR303: 56.22123 | AS303: 203.18114
C304: 45517 | D304: 45518 | E304: 1.2413243 | F304: 2.2394218 | G304: 3.4808486 | H304: 29.107157 | I304: 0 | J304: =IF(I304=0, "SD","RUN") -> SD | K304: 118.83254 | L304: =IF(J304="SD",0,K304) -> 0 | M304: 42.482315 | N304: =IF(M304=0,"SD","RUN") -> RUN | O304: 94.569338 | P304: =IF(N304="SD",0,O304) -> 94.569338 | Q304: =SUM(P304,L304) -> 94.569338 | R304: -1.450779 | S304: 19.578391 | T304: =IF(S304<0, 0, S304) -> 19.578391 | U304: =IF(G304<0.1, 0, (Q304/(G304*1000))*100) -> 2.7168472 | V304: =IF(G304<0.1, 0, IF(R304<=0,0,Q304*(R304/(R304+T304))/(G304*1000)*100)) -> 0 | W304: 5.7120399 | X304: [-11059] No Good Data For Calculation | Y304: 24.756691 | Z304: 48.368898 | AA304: 25.49647 | AB304: 7.1279451 | AC304: 0.51202801 | AD304: [-11059] No Good Data For Calculation | AE304: 0.37058913 | AF304: 1.0524165 | AG304: =IF(C304<DATE(2024,7,26), AD304, IF(AE304<100, AE304, AF304)) -> 0.37058913 | AH304: [-11059] No Good Data For Calculation | AI304: 28.056462 | AJ304: 3.9985989 | AK304: 4.2758669 | AL304: 5.5509369 | AM304: 7.8429008 | AN304: 8.392921 | AO304: 6.9849031 | AP304: 57.290578 | AQ304: 488.47898 | AR304: 56.392257 | AS304: 201.99801
C305: 45518 | D305: 45519 | E305: 1.6499712 | F305: 3.2199144 | G305: 4.8701484 | H305: 29.107157 | I305: 0 | J305: =IF(I305=0, "SD","RUN") -> SD | K305: 119.39879 | L305: =IF(J305="SD",0,K305) -> 0 | M305: 43.96064 | N305: =IF(M305=0,"SD","RUN") -> RUN | O305: 79.008891 | P305: =IF(N305="SD",0,O305) -> 79.008891 | Q305: =SUM(P305,L305) -> 79.008891 | R305: -1.4114762 | S305: 16.034877 | T305: =IF(S305<0, 0, S305) -> 16.034877 | U305: =IF(G305<0.1, 0, (Q305/(G305*1000))*100) -> 1.6223097 | V305: =IF(G305<0.1, 0, IF(R305<=0,0,Q305*(R305/(R305+T305))/(G305*1000)*100)) -> 0 | W305: 0.74418066 | X305: [-11059] No Good Data For Calculation | Y305: 23.417058 | Z305: 47.719638 | AA305: 22.437949 | AB305: 1.8345874 | AC305: 0.47677182 | AD305: [-11059] No Good Data For Calculation | AE305: 0.77253158 | AF305: 1.4796853 | AG305: =IF(C305<DATE(2024,7,26), AD305, IF(AE305<100, AE305, AF305)) -> 0.77253158 | AH305: [-11059] No Good Data For Calculation | AI305: 27.96731 | AJ305: 4.0093316 | AK305: 4.2762991 | AL305: 5.5670366 | AM305: 7.8851303 | AN305: 8.433865 | AO305: 6.9926488 | AP305: 56.79529 | AQ305: 470.91118 | AR305: 54.000872 | AS305: 202.04644
C306: 45519 | D306: 45520 | E306: 1.4474957 | F306: 2.7071661 | G306: 4.1541644 | H306: 29.107157 | I306: 0 | J306: =IF(I306=0, "SD","RUN") -> SD | K306: 121.26118 | L306: =IF(J306="SD",0,K306) -> 0 | M306: 35.358564 | N306: =IF(M306=0,"SD","RUN") -> RUN | O306: 65.179476 | P306: =IF(N306="SD",0,O306) -> 65.179476 | Q306: =SUM(P306,L306) -> 65.179476 | R306: -1.4053448 | S306: 12.875505 | T306: =IF(S306<0, 0, S306) -> 12.875505 | U306: =IF(G306<0.1, 0, (Q306/(G306*1000))*100) -> 1.5690153 | V306: =IF(G306<0.1, 0, IF(R306<=0,0,Q306*(R306/(R306+T306))/(G306*1000)*100)) -> 0 | W306: 0.4987905 | X306: [-11059] No Good Data For Calculation | Y306: 22.785835 | Z306: 47.626443 | AA306: 19.835251 | AB306: 0.29541903 | AC306: 0.49397848 | AD306: [-11059] No Good Data For Calculation | AE306: 0.41017407 | AF306: 0.93507176 | AG306: =IF(C306<DATE(2024,7,26), AD306, IF(AE306<100, AE306, AF306)) -> 0.41017407 | AH306: [-11059] No Good Data For Calculation | AI306: 28.372319 | AJ306: 3.7381789 | AK306: 4.0022902 | AL306: 5.1499607 | AM306: 7.8277228 | AN306: 8.4515161 | AO306: 7.0097879 | AP306: 56.904994 | AQ306: 388.24951 | AR306: 49.536435 | AS306: 201.29911
C307: 45520 | D307: 45521 | E307: 1.2641303 | F307: 2.2688183 | G307: 3.5327027 | H307: [-11059] No Good Data For Calculation | I307: 0 | J307: =IF(I307=0, "SD","RUN") -> SD | K307: 118.04162 | L307: =IF(J307="SD",0,K307) -> 0 | M307: 28.408873 | N307: =IF(M307=0,"SD","RUN") -> RUN | O307: 47.598874 | P307: =IF(N307="SD",0,O307) -> 47.598874 | Q307: =SUM(P307,L307) -> 47.598874 | R307: -1.3944631 | S307: 7.6491161 | T307: =IF(S307<0, 0, S307) -> 7.6491161 | U307: =IF(G307<0.1, 0, (Q307/(G307*1000))*100) -> 1.3473784 | V307: =IF(G307<0.1, 0, IF(R307<=0,0,Q307*(R307/(R307+T307))/(G307*1000)*100)) -> 0 | W307: 0.0040629063 | X307: [-11059] No Good Data For Calculation | Y307: 24.269239 | Z307: 47.426057 | AA307: 20.357108 | AB307: 0.73948762 | AC307: 0.46347596 | AD307: [-11059] No Good Data For Calculation | AE307: 0.57171138 | AF307: 1.0416574 | AG307: =IF(C307<DATE(2024,7,26), AD307, IF(AE307<100, AE307, AF307)) -> 0.57171138 | AH307: [-11059] No Good Data For Calculation | AI307: 28.221198 | AJ307: 4.7222262 | AK307: 4.9763893 | AL307: 6.078086 | AM307: 7.9547269 | AN307: 8.4576058 | AO307: 7.041032 | AP307: 57.265269 | AQ307: 380.48185 | AR307: 56.179505 | AS307: 201.33297
C308: 45521 | D308: 45522 | E308: 1.5004321 | F308: 2.8728559 | G308: 4.3732909 | H308: [-11059] No Good Data For Calculation | I308: 0 | J308: =IF(I308=0, "SD","RUN") -> SD | K308: 117.14229 | L308: =IF(J308="SD",0,K308) -> 0 | M308: 32.66153 | N308: =IF(M308=0,"SD","RUN") -> RUN | O308: 37.08398 | P308: =IF(N308="SD",0,O308) -> 37.08398 | Q308: =SUM(P308,L308) -> 37.08398 | R308: -1.4015865 | S308: 5.7005823 | T308: =IF(S308<0, 0, S308) -> 5.7005823 | U308: =IF(G308<0.1, 0, (Q308/(G308*1000))*100) -> 0.8479651 | V308: =IF(G308<0.1, 0, IF(R308<=0,0,Q308*(R308/(R308+T308))/(G308*1000)*100)) -> 0 | W308: 0 | X308: [-11059] No Good Data For Calculation | Y308: 20.339319 | Z308: 45.756106 | AA308: 15.384471 | AB308: 0.98191837 | AC308: 0.46561841 | AD308: [-11059] No Good Data For Calculation | AE308: 0.64573034 | AF308: 1.1081405 | AG308: =IF(C308<DATE(2024,7,26), AD308, IF(AE308<100, AE308, AF308)) -> 0.64573034 | AH308: [-11059] No Good Data For Calculation | AI308: 25.22079 | AJ308: 2.8087377 | AK308: 2.6938786 | AL308: 3.144073 | AM308: 8.3465827 | AN308: 9.2373782 | AO308: 7.9104989 | AP308: 58.802714 | AQ308: 343.81969 | AR308: 57.071553 | AS308: 202.84244
C309: 45522 | D309: 45523 | E309: 1.3490366 | F309: 2.6173218 | G309: 3.9663849 | H309: [-11059] No Good Data For Calculation | I309: 0 | J309: =IF(I309=0, "SD","RUN") -> SD | K309: 117.90952 | L309: =IF(J309="SD",0,K309) -> 0 | M309: 10.02964 | N309: =IF(M309=0,"SD","RUN") -> RUN | O309: 18.124804 | P309: =IF(N309="SD",0,O309) -> 18.124804 | Q309: =SUM(P309,L309) -> 18.124804 | R309: -1.0570313 | S309: 2.2320211 | T309: =IF(S309<0, 0, S309) -> 2.2320211 | U309: =IF(G309<0.1, 0, (Q309/(G309*1000))*100) -> 0.45696029 | V309: =IF(G309<0.1, 0, IF(R309<=0,0,Q309*(R309/(R309+T309))/(G309*1000)*100)) -> 0 | W309: 0 | X309: [-11059] No Good Data For Calculation | Y309: 28.261422 | Z309: 46.885885 | AA309: 13.409654 | AB309: 0.35938466 | AC309: 0.4974736 | AD309: [-11059] No Good Data For Calculation | AE309: 0.55110014 | AF309: 1.134908 | AG309: =IF(C309<DATE(2024,7,26), AD309, IF(AE309<100, AE309, AF309)) -> 0.55110014 | AH309: [-11059] No Good Data For Calculation | AI309: 24.494124 | AJ309: 10.321264 | AK309: 9.3291455 | AL309: 9.7601098 | AM309: 8.3831113 | AN309: 9.3503381 | AO309: 8.0183027 | AP309: 59.456664 | AQ309: 314.89441 | AR309: 58.482391 | AS309: 200.71109
C310: 45523 | D310: 45524 | E310: 1.3371674 | F310: 2.4689143 | G310: 3.8063878 | H310: [-11059] No Good Data For Calculation | I310: 0 | J310: =IF(I310=0, "SD","RUN") -> SD | K310: 118.326 | L310: =IF(J310="SD",0,K310) -> 0 | M310: 0 | N310: =IF(M310=0,"SD","RUN") -> SD | O310: 0.09448369 | P310: =IF(N310="SD",0,O310) -> 0 | Q310: =SUM(P310,L310) -> 0 | R310: -1.2734023 | S310: -0.43567578 | T310: =IF(S310<0, 0, S310) -> 0 | U310: =IF(G310<0.1, 0, (Q310/(G310*1000))*100) -> 0 | V310: =IF(G310<0.1, 0, IF(R310<=0,0,Q310*(R310/(R310+T310))/(G310*1000)*100)) -> 0 | W310: 0 | X310: [-11059] No Good Data For Calculation | Y310: 26.78909 | Z310: 48.067625 | AA310: 16.468519 | AB310: 0.6600985 | AC310: 0.50531922 | AD310: [-11059] No Good Data For Calculation | AE310: 0.72839612 | AF310: 2.5262288 | AG310: =IF(C310<DATE(2024,7,26), AD310, IF(AE310<100, AE310, AF310)) -> 0.72839612 | AH310: [-11059] No Good Data For Calculation | AI310: 26.022461 | AJ310: 8.6282423 | AK310: 7.6725795 | AL310: 8.1737616 | AM310: 8.2331694 | AN310: 8.907279 | AO310: 7.5579336 | AP310: 58.519584 | AQ310: 350.41895 | AR310: 59.741784 | AS310: 201.22246
C311: 45524 | D311: 45525 | E311: 1.296505 | F311: 2.3023275 | G311: 3.5984969 | H311: [-11059] No Good Data For Calculation | I311: 0 | J311: =IF(I311=0, "SD","RUN") -> SD | K311: 121.11908 | L311: =IF(J311="SD",0,K311) -> 0 | M311: 0 | N311: =IF(M311=0,"SD","RUN") -> SD | O311: 17.241954 | P311: =IF(N311="SD",0,O311) -> 0 | Q311: =SUM(P311,L311) -> 0 | R311: 6.8841019 | S311: -0.43971 | T311: =IF(S311<0, 0, S311) -> 0 | U311: =IF(G311<0.1, 0, (Q311/(G311*1000))*100) -> 0 | V311: =IF(G311<0.1, 0, IF(R311<=0,0,Q311*(R311/(R311+T311))/(G311*1000)*100)) -> 0 | W311: 0.079106594 | X311: [-11059] No Good Data For Calculation | Y311: 24.528579 | Z311: 48.329197 | AA311: 20.326101 | AB311: 0.72825846 | AC311: 0.4939141 | AD311: [-11059] No Good Data For Calculation | AE311: 0.61916171 | AF311: 1.2354448 | AG311: =IF(C311<DATE(2024,7,26), AD311, IF(AE311<100, AE311, AF311)) -> 0.61916171 | AH311: [-11059] No Good Data For Calculation | AI311: 26.582002 | AJ311: 4.0648756 | AK311: 3.6512362 | AL311: 4.2099457 | AM311: 7.9290556 | AN311: 8.2098143 | AO311: 7.05973 | AP311: 56.836058 | AQ311: 376.67107 | AR311: 59.50755 | AS311: 200.87235
C312: 45525 | D312: 45526 | E312: 1.8872654 | F312: 3.1488847 | G312: 5.0364021 | H312: [-11059] No Good Data For Calculation | I312: 0 | J312: =IF(I312=0, "SD","RUN") -> SD | K312: 117.81327 | L312: =IF(J312="SD",0,K312) -> 0 | M312: 0 | N312: =IF(M312=0,"SD","RUN") -> SD | O312: 0 | P312: =IF(N312="SD",0,O312) -> 0 | Q312: =SUM(P312,L312) -> 0 | R312: -1.2194653 | S312: -0.46208486 | T312: =IF(S312<0, 0, S312) -> 0 | U312: =IF(G312<0.1, 0, (Q312/(G312*1000))*100) -> 0 | V312: =IF(G312<0.1, 0, IF(R312<=0,0,Q312*(R312/(R312+T312))/(G312*1000)*100)) -> 0 | W312: 0.066676209 | X312: [-11059] No Good Data For Calculation | Y312: 23.947356 | Z312: 47.370397 | AA312: 18.904133 | AB312: 0.27828063 | AC312: 0.45391648 | AD312: [-11059] No Good Data For Calculation | AE312: 0.63663302 | AF312: 0.90602216 | AG312: =IF(C312<DATE(2024,7,26), AD312, IF(AE312<100, AE312, AF312)) -> 0.63663302 | AH312: [-11059] No Good Data For Calculation | AI312: 14.881882 | AJ312: 3.9017846 | AK312: 3.7610185 | AL312: 4.0224713 | AM312: 8.0670934 | AN312: 8.3119613 | AO312: 7.1080225 | AP312: 56.830974 | AQ312: 342.2664 | AR312: 24.484811 | AS312: 200.40688
C313: 45526 | D313: 45527 | E313: 1.5302889 | F313: 3.1952532 | G313: 4.7251591 | H313: [-11059] No Good Data For Calculation | I313: 0 | J313: =IF(I313=0, "SD","RUN") -> SD | K313: 116.85357 | L313: =IF(J313="SD",0,K313) -> 0 | M313: 4.4834641 | N313: =IF(M313=0,"SD","RUN") -> RUN | O313: 2.31199 | P313: =IF(N313="SD",0,O313) -> 2.31199 | Q313: =SUM(P313,L313) -> 2.31199 | R313: -1.4166247 | S313: -0.19396424 | T313: =IF(S313<0, 0, S313) -> 0 | U313: =IF(G313<0.1, 0, (Q313/(G313*1000))*100) -> 0.048929358 | V313: =IF(G313<0.1, 0, IF(R313<=0,0,Q313*(R313/(R313+T313))/(G313*1000)*100)) -> 0 | W313: 0 | X313: [-11059] No Good Data For Calculation | Y313: 22.007827 | Z313: 46.585165 | AA313: 15.658943 | AB313: 5.0296418 | AC313: 0.47259935 | AD313: [-11059] No Good Data For Calculation | AE313: 0.73540261 | AF313: 1.2711355 | AG313: =IF(C313<DATE(2024,7,26), AD313, IF(AE313<100, AE313, AF313)) -> 0.73540261 | AH313: [-11059] No Good Data For Calculation | AI313: 5.6887341 | AJ313: 3.7639018 | AK313: 3.5183258 | AL313: 3.8152133 | AM313: 8.2556901 | AN313: 8.6827096 | AO313: 7.3791808 | AP313: 58.076739 | AQ313: 315.66891 | AR313: 32.345496 | AS313: 202.37894
C314: 45527 | D314: 45528 | E314: 1.2346591 | F314: 2.4878862 | G314: 3.7226088 | H314: [-11059] No Good Data For Calculation | I314: 0 | J314: =IF(I314=0, "SD","RUN") -> SD | K314: 117.81047 | L314: =IF(J314="SD",0,K314) -> 0 | M314: 25.697783 | N314: =IF(M314=0,"SD","RUN") -> RUN | O314: 35.253587 | P314: =IF(N314="SD",0,O314) -> 35.253587 | Q314: =SUM(P314,L314) -> 35.253587 | R314: -1.4404297 | S314: 4.0199181 | T314: =IF(S314<0, 0, S314) -> 4.0199181 | U314: =IF(G314<0.1, 0, (Q314/(G314*1000))*100) -> 0.94701293 | V314: =IF(G314<0.1, 0, IF(R314<=0,0,Q314*(R314/(R314+T314))/(G314*1000)*100)) -> 0 | W314: 0.0033336667 | X314: [-11059] No Good Data For Calculation | Y314: 23.355804 | Z314: 47.3271 | AA314: 17.396323 | AB314: 2.4133035 | AC314: 0.49187437 | AD314: [-11059] No Good Data For Calculation | AE314: 0.95747395 | AF314: 1.4043118 | AG314: =IF(C314<DATE(2024,7,26), AD314, IF(AE314<100, AE314, AF314)) -> 0.95747395 | AH314: [-11059] No Good Data For Calculation | AI314: 11.754038 | AJ314: 3.8274291 | AK314: 3.546827 | AL314: 3.8321143 | AM314: 8.0433258 | AN314: 8.4607825 | AO314: 7.170458 | AP314: 57.9895 | AQ314: 322.05177 | AR314: 55.82423 | AS314: 202.68085
C315: 45528 | D315: 45529 | E315: 1.3210474 | F315: 2.3478511 | G315: 3.6688082 | H315: [-11059] No Good Data For Calculation | I315: 0 | J315: =IF(I315=0, "SD","RUN") -> SD | K315: 119.08368 | L315: =IF(J315="SD",0,K315) -> 0 | M315: 42.631688 | N315: =IF(M315=0,"SD","RUN") -> RUN | O315: 56.656419 | P315: =IF(N315="SD",0,O315) -> 56.656419 | Q315: =SUM(P315,L315) -> 56.656419 | R315: -1.4404297 | S315: 11.703469 | T315: =IF(S315<0, 0, S315) -> 11.703469 | U315: =IF(G315<0.1, 0, (Q315/(G315*1000))*100) -> 1.5442731 | V315: =IF(G315<0.1, 0, IF(R315<=0,0,Q315*(R315/(R315+T315))/(G315*1000)*100)) -> 0 | W315: 0.0035420209 | X315: [-11059] No Good Data For Calculation | Y315: 23.435462 | Z315: 46.599482 | AA315: 18.212203 | AB315: 0.21843869 | AC315: 0.48484552 | AD315: [-11059] No Good Data For Calculation | AE315: 0.71572106 | AF315: 1.4461948 | AG315: =IF(C315<DATE(2024,7,26), AD315, IF(AE315<100, AE315, AF315)) -> 0.71572106 | AH315: [-11059] No Good Data For Calculation | AI315: 12.392898 | AJ315: 3.8646221 | AK315: 3.4345205 | AL315: 3.8725137 | AM315: 7.9535591 | AN315: 8.2801476 | AO315: 6.963243 | AP315: 57.794092 | AQ315: 327.62433 | AR315: 53.866096 | AS315: 202.93172
C316: 45529 | D316: 45530 | E316: 1.3272055 | F316: 2.3402372 | G316: 3.6671204 | H316: [-11059] No Good Data For Calculation | I316: 0 | J316: =IF(I316=0, "SD","RUN") -> SD | K316: 121.67527 | L316: =IF(J316="SD",0,K316) -> 0 | M316: 43.92032 | N316: =IF(M316=0,"SD","RUN") -> RUN | O316: 48.48591 | P316: =IF(N316="SD",0,O316) -> 48.48591 | Q316: =SUM(P316,L316) -> 48.48591 | R316: -1.4698413 | S316: 10.176611 | T316: =IF(S316<0, 0, S316) -> 10.176611 | U316: =IF(G316<0.1, 0, (Q316/(G316*1000))*100) -> 1.3221794 | V316: =IF(G316<0.1, 0, IF(R316<=0,0,Q316*(R316/(R316+T316))/(G316*1000)*100)) -> 0 | W316: 0 | X316: [-11059] No Good Data For Calculation | Y316: 23.586483 | Z316: 47.460111 | AA316: 18.461506 | AB316: 0.21906988 | AC316: 0.48603763 | AD316: [-11059] No Good Data For Calculation | AE316: 0.82451002 | AF316: 1.6133665 | AG316: =IF(C316<DATE(2024,7,26), AD316, IF(AE316<100, AE316, AF316)) -> 0.82451002 | AH316: [-11059] No Good Data For Calculation | AI316: 12.695277 | AJ316: 3.8497008 | AK316: 3.4335514 | AL316: 3.8964586 | AM316: 7.8709577 | AN316: 8.236782 | AO316: 6.9788722 | AP316: 57.71937 | AQ316: 325.79982 | AR316: 52.2666 | AS316: 202.75191
C317: 45530 | D317: 45531 | E317: 1.3281098 | F317: 2.3148051 | G317: 3.6421737 | H317: [-11059] No Good Data For Calculation | I317: 0 | J317: =IF(I317=0, "SD","RUN") -> SD | K317: 115.33304 | L317: =IF(J317="SD",0,K317) -> 0 | M317: 41.410421 | N317: =IF(M317=0,"SD","RUN") -> RUN | O317: 46.026722 | P317: =IF(N317="SD",0,O317) -> 46.026722 | Q317: =SUM(P317,L317) -> 46.026722 | R317: -1.4319383 | S317: 9.2432248 | T317: =IF(S317<0, 0, S317) -> 9.2432248 | U317: =IF(G317<0.1, 0, (Q317/(G317*1000))*100) -> 1.2637157 | V317: =IF(G317<0.1, 0, IF(R317<=0,0,Q317*(R317/(R317+T317))/(G317*1000)*100)) -> 0 | W317: 0 | X317: [-11059] No Good Data For Calculation | Y317: 23.738315 | Z317: 47.776993 | AA317: 18.910537 | AB317: 0.22149396 | AC317: 0.49042216 | AD317: [-11059] No Good Data For Calculation | AE317: 0.89470881 | AF317: 1.5412432 | AG317: =IF(C317<DATE(2024,7,26), AD317, IF(AE317<100, AE317, AF317)) -> 0.89470881 | AH317: [-11059] No Good Data For Calculation | AI317: 11.208133 | AJ317: 3.8947345 | AK317: 3.4301125 | AL317: 3.9450389 | AM317: 7.8006345 | AN317: 8.1965024 | AO317: 7.0313284 | AP317: 57.112018 | AQ317: 320.87754 | AR317: 52.092215 | AS317: 200.45233
C318: 45531 | D318: 45532 | E318: 1.3231022 | F318: 2.3116237 | G318: 3.6340909 | H318: [-11059] No Good Data For Calculation | I318: 0 | J318: =IF(I318=0, "SD","RUN") -> SD | K318: 114.38993 | L318: =IF(J318="SD",0,K318) -> 0 | M318: 41.15685 | N318: =IF(M318=0,"SD","RUN") -> RUN | O318: 48.542416 | P318: =IF(N318="SD",0,O318) -> 48.542416 | Q318: =SUM(P318,L318) -> 48.542416 | R318: -1.4283282 | S318: 9.7964256 | T318: =IF(S318<0, 0, S318) -> 9.7964256 | U318: =IF(G318<0.1, 0, (Q318/(G318*1000))*100) -> 1.3357513 | V318: =IF(G318<0.1, 0, IF(R318<=0,0,Q318*(R318/(R318+T318))/(G318*1000)*100)) -> 0 | W318: 0.0028127813 | X318: [-11059] No Good Data For Calculation | Y318: 23.142778 | Z318: 47.560001 | AA318: 18.469997 | AB318: 0.22315776 | AC318: 0.4605973 | AD318: [-11059] No Good Data For Calculation | AE318: 0.90659519 | AF318: 1.4629012 | AG318: =IF(C318<DATE(2024,7,26), AD318, IF(AE318<100, AE318, AF318)) -> 0.90659519 | AH318: [-11059] No Good Data For Calculation | AI318: 11.634662 | AJ318: 3.9759151 | AK318: 3.3033271 | AL318: 3.9677312 | AM318: 8.0262364 | AN318: 8.2828285 | AO318: 7.1878728 | AP318: 57.12904 | AQ318: 325.27002 | AR318: 52.395542 | AS318: 200.30478
C319: 45532 | D319: 45533 | E319: 1.2694816 | F319: 2.2897101 | G319: 3.5599489 | H319: 28.98749 | I319: 0 | J319: =IF(I319=0, "SD","RUN") -> SD | K319: 118.95102 | L319: =IF(J319="SD",0,K319) -> 0 | M319: 40.806837 | N319: =IF(M319=0,"SD","RUN") -> RUN | O319: 48.731653 | P319: =IF(N319="SD",0,O319) -> 48.731653 | Q319: =SUM(P319,L319) -> 48.731653 | R319: -1.5106486 | S319: 9.6788402 | T319: =IF(S319<0, 0, S319) -> 9.6788402 | U319: =IF(G319<0.1, 0, (Q319/(G319*1000))*100) -> 1.3688863 | V319: =IF(G319<0.1, 0, IF(R319<=0,0,Q319*(R319/(R319+T319))/(G319*1000)*100)) -> 0 | W319: 0 | X319: [-11059] No Good Data For Calculation | Y319: 23.626126 | Z319: 47.608632 | AA319: 19.025231 | AB319: 0.22311495 | AC319: 0.50716444 | AD319: [-11059] No Good Data For Calculation | AE319: 0.92495346 | AF319: 1.3726521 | AG319: =IF(C319<DATE(2024,7,26), AD319, IF(AE319<100, AE319, AF319)) -> 0.92495346 | AH319: [-11059] No Good Data For Calculation | AI319: 12.545747 | AJ319: 4.1097292 | AK319: 3.2409509 | AL319: 4.1177154 | AM319: 7.7994661 | AN319: 8.2809621 | AO319: 7.1864883 | AP319: 57.298771 | AQ319: 321.7705 | AR319: 52.548671 | AS319: 203.1974
C320: 45533 | D320: 45534 | E320: 1.1877345 | F320: 2.3102922 | G320: 3.5006834 | H320: [-11059] No Good Data For Calculation | I320: 0 | J320: =IF(I320=0, "SD","RUN") -> SD | K320: 110.59416 | L320: =IF(J320="SD",0,K320) -> 0 | M320: 42.05632 | N320: =IF(M320=0,"SD","RUN") -> RUN | O320: 52.862664 | P320: =IF(N320="SD",0,O320) -> 52.862664 | Q320: =SUM(P320,L320) -> 52.862664 | R320: -1.4735884 | S320: 10.460476 | T320: =IF(S320<0, 0, S320) -> 10.460476 | U320: =IF(G320<0.1, 0, (Q320/(G320*1000))*100) -> 1.510067 | V320: =IF(G320<0.1, 0, IF(R320<=0,0,Q320*(R320/(R320+T320))/(G320*1000)*100)) -> 0 | W320: 0 | X320: [-11059] No Good Data For Calculation | Y320: 23.548884 | Z320: 46.317172 | AA320: 18.741266 | AB320: 0.23324615 | AC320: 0.53079754 | AD320: [-11059] No Good Data For Calculation | AE320: 0.97866538 | AF320: 1.4471118 | AG320: =IF(C320<DATE(2024,7,26), AD320, IF(AE320<100, AE320, AF320)) -> 0.97866538 | AH320: [-11059] No Good Data For Calculation | AI320: 13.272479 | AJ320: 4.2257416 | AK320: 3.3443289 | AL320: 4.3072305 | AM320: 7.7562011 | AN320: 8.3470713 | AO320: 7.2382346 | AP320: 57.837888 | AQ320: 315.61209 | AR320: 53.327101 | AS320: 203.42358
C321: 45534 | D321: 45535 | E321: 1.255225 | F321: 2.3186894 | G321: 3.5739005 | H321: 6.6894098 | I321: 0 | J321: =IF(I321=0, "SD","RUN") -> SD | K321: 117.11249 | L321: =IF(J321="SD",0,K321) -> 0 | M321: 41.585275 | N321: =IF(M321=0,"SD","RUN") -> RUN | O321: 54.744927 | P321: =IF(N321="SD",0,O321) -> 54.744927 | Q321: =SUM(P321,L321) -> 54.744927 | R321: -1.4417738 | S321: 10.4086 | T321: =IF(S321<0, 0, S321) -> 10.4086 | U321: =IF(G321<0.1, 0, (Q321/(G321*1000))*100) -> 1.5317977 | V321: =IF(G321<0.1, 0, IF(R321<=0,0,Q321*(R321/(R321+T321))/(G321*1000)*100)) -> 0 | W321: 0.0036461978 | X321: [-11059] No Good Data For Calculation | Y321: 23.132346 | Z321: 46.343601 | AA321: 18.272906 | AB321: 0.24813077 | AC321: 0.44532619 | AD321: [-11059] No Good Data For Calculation | AE321: 1.0254863 | AF321: 1.6298833 | AG321: =IF(C321<DATE(2024,7,26), AD321, IF(AE321<100, AE321, AF321)) -> 1.0254863 | AH321: [-11059] No Good Data For Calculation | AI321: 13.644692 | AJ321: 4.2170143 | AK321: 3.3651245 | AL321: 4.304413 | AM321: 7.9909917 | AN321: 8.3920946 | AO321: 7.276972 | AP321: 57.803817 | AQ321: 319.1148 | AR321: 53.537081 | AS321: 203.7326
C322: 45535 | D322: 45536 | E322: 1.2447432 | F322: 2.3095258 | G322: 3.5548271 | H322: 6.5972939 | I322: 0 | J322: =IF(I322=0, "SD","RUN") -> SD | K322: 119.28556 | L322: =IF(J322="SD",0,K322) -> 0 | M322: 41.702422 | N322: =IF(M322=0,"SD","RUN") -> RUN | O322: 56.747193 | P322: =IF(N322="SD",0,O322) -> 56.747193 | Q322: =SUM(P322,L322) -> 56.747193 | R322: -1.3863786 | S322: 11.341134 | T322: =IF(S322<0, 0, S322) -> 11.341134 | U322: =IF(G322<0.1, 0, (Q322/(G322*1000))*100) -> 1.5963419 | V322: =IF(G322<0.1, 0, IF(R322<=0,0,Q322*(R322/(R322+T322))/(G322*1000)*100)) -> 0 | W322: 0.0042712606 | X322: [-11059] No Good Data For Calculation | Y322: 23.232109 | Z322: 46.233782 | AA322: 18.411899 | AB322: 0.24683978 | AC322: 0.53960541 | AD322: [-11059] No Good Data For Calculation | AE322: 1.0491937 | AF322: 1.6749052 | AG322: =IF(C322<DATE(2024,7,26), AD322, IF(AE322<100, AE322, AF322)) -> 1.0491937 | AH322: [-11059] No Good Data For Calculation | AI322: [-11059] No Good Data For Calculation | AJ322: 4.2310075 | AK322: 3.38912 | AL322: 4.3107959 | AM322: 8.0627477 | AN322: 8.420941 | AO322: 7.3141016 | AP322: 57.619436 | AQ322: 316.53047 | AR322: 53.497515 | AS322: 203.90823
C323: 45536 | D323: 45537 | E323: 1.2040114 | F323: 2.2954906 | G323: 3.4987707 | H323: 6.4635547 | I323: 0 | J323: =IF(I323=0, "SD","RUN") -> SD | K323: 118.74622 | L323: =IF(J323="SD",0,K323) -> 0 | M323: 41.913295 | N323: =IF(M323=0,"SD","RUN") -> RUN | O323: 68.089681 | P323: =IF(N323="SD",0,O323) -> 68.089681 | Q323: =SUM(P323,L323) -> 68.089681 | R323: -1.4290384 | S323: 14.631836 | T323: =IF(S323<0, 0, S323) -> 14.631836 | U323: =IF(G323<0.1, 0, (Q323/(G323*1000))*100) -> 1.946103 | V323: =IF(G323<0.1, 0, IF(R323<=0,0,Q323*(R323/(R323+T323))/(G323*1000)*100)) -> 0 | W323: 0 | X323: [-11059] No Good Data For Calculation | Y323: 23.253219 | Z323: 46.719164 | AA323: 18.378743 | AB323: 0.24592228 | AC323: 0.51862082 | AD323: [-11059] No Good Data For Calculation | AE323: 0.78527921 | AF323: 1.1983136 | AG323: =IF(C323<DATE(2024,7,26), AD323, IF(AE323<100, AE323, AF323)) -> 0.78527921 | AH323: [-11059] No Good Data For Calculation | AI323: [-11059] No Good Data For Calculation | AJ323: 4.2627046 | AK323: 3.4263997 | AL323: 4.3426743 | AM323: 8.0471172 | AN323: 8.3472349 | AO323: 7.2381573 | AP323: 57.333779 | AQ323: 320.32402 | AR323: 53.546603 | AS323: 203.97749
C324: 45537 | D324: 45538 | E324: 1.2564018 | F324: 2.2874451 | G324: 3.5447765 | H324: 6.0838522 | I324: 0 | J324: =IF(I324=0, "SD","RUN") -> SD | K324: 118.86817 | L324: =IF(J324="SD",0,K324) -> 0 | M324: 42.702178 | N324: =IF(M324=0,"SD","RUN") -> RUN | O324: 65.092197 | P324: =IF(N324="SD",0,O324) -> 65.092197 | Q324: =SUM(P324,L324) -> 65.092197 | R324: -1.3729015 | S324: 13.777234 | T324: =IF(S324<0, 0, S324) -> 13.777234 | U324: =IF(G324<0.1, 0, (Q324/(G324*1000))*100) -> 1.8362849 | V324: =IF(G324<0.1, 0, IF(R324<=0,0,Q324*(R324/(R324+T324))/(G324*1000)*100)) -> 0 | W324: 0.0040629063 | X324: [-11059] No Good Data For Calculation | Y324: 23.473896 | Z324: 46.786275 | AA324: 18.502149 | AB324: 0.25470795 | AC324: 0.46559381 | AD324: [-11059] No Good Data For Calculation | AE324: 0.76900263 | AF324: 1.3546783 | AG324: =IF(C324<DATE(2024,7,26), AD324, IF(AE324<100, AE324, AF324)) -> 0.76900263 | AH324: [-11059] No Good Data For Calculation | AI324: [-11059] No Good Data For Calculation | AJ324: 4.2406815 | AK324: 3.4156624 | AL324: 4.3424867 | AM324: 7.9372997 | AN324: 8.2218907 | AO324: 7.109872 | AP324: 57.098983 | AQ324: 324.24047 | AR324: 52.987612 | AS324: 203.66658
C325: 45538 | D325: 45539 | E325: 0.96485747 | F325: 2.2169342 | G325: 3.1814537 | H325: 4.4869208 | I325: 0 | J325: =IF(I325=0, "SD","RUN") -> SD | K325: 130.11832 | L325: =IF(J325="SD",0,K325) -> 0 | M325: 41.044191 | N325: =IF(M325=0,"SD","RUN") -> RUN | O325: 56.1594 | P325: =IF(N325="SD",0,O325) -> 56.1594 | Q325: =SUM(P325,L325) -> 56.1594 | R325: -1.4313902 | S325: 11.297359 | T325: =IF(S325<0, 0, S325) -> 11.297359 | U325: =IF(G325<0.1, 0, (Q325/(G325*1000))*100) -> 1.7652119 | V325: =IF(G325<0.1, 0, IF(R325<=0,0,Q325*(R325/(R325+T325))/(G325*1000)*100)) -> 0 | W325: 0.0055213856 | X325: [-11059] No Good Data For Calculation | Y325: 24.361636 | Z325: 47.676745 | AA325: 17.260727 | AB325: 0.25519564 | AC325: 0.4968106 | AD325: [-11059] No Good Data For Calculation | AE325: 0.8690306 | AF325: 1.6520379 | AG325: =IF(C325<DATE(2024,7,26), AD325, IF(AE325<100, AE325, AF325)) -> 0.8690306 | AH325: [-11059] No Good Data For Calculation | AI325: [-11059] No Good Data For Calculation | AJ325: 4.2324487 | AK325: 3.3211869 | AL325: 4.2776587 | AM325: 7.6840142 | AN325: 8.1251716 | AO325: 6.9881949 | AP325: 56.517279 | AQ325: 292.3952 | AR325: 50.110432 | AS325: 203.3836
C326: 45539 | D326: 45540 | E326: 0.76622433 | F326: 2.2346165 | G326: 3.0011166 | H326: 3.2532681 | I326: 0 | J326: =IF(I326=0, "SD","RUN") -> SD | K326: 127.39381 | L326: =IF(J326="SD",0,K326) -> 0 | M326: 30.683438 | N326: =IF(M326=0,"SD","RUN") -> RUN | O326: 27.165264 | P326: =IF(N326="SD",0,O326) -> 27.165264 | Q326: =SUM(P326,L326) -> 27.165264 | R326: -1.4439627 | S326: 3.2765401 | T326: =IF(S326<0, 0, S326) -> 3.2765401 | U326: =IF(G326<0.1, 0, (Q326/(G326*1000))*100) -> 0.90517189 | V326: =IF(G326<0.1, 0, IF(R326<=0,0,Q326*(R326/(R326+T326))/(G326*1000)*100)) -> 0 | W326: 1.5461484 | X326: [-11059] No Good Data For Calculation | Y326: 24.037383 | Z326: 46.818088 | AA326: 15.588857 | AB326: 0.063339681 | AC326: 0.53666783 | AD326: [-11059] No Good Data For Calculation | AE326: 1.0973226 | AF326: 1.5633708 | AG326: =IF(C326<DATE(2024,7,26), AD326, IF(AE326<100, AE326, AF326)) -> 1.0973226 | AH326: [-11059] No Good Data For Calculation | AI326: [-11059] No Good Data For Calculation | AJ326: 4.4346498 | AK326: 3.241492 | AL326: 4.3352347 | AM326: 7.9393154 | AN326: 8.2947889 | AO326: 6.9954848 | AP326: 56.600448 | AQ326: 259.25703 | AR326: 18.25511 | AS326: 203.1396
...

Sheet 2
A1: Start Time | B1: ='1'!B1 -> 45220
A2: End Time | B2: ='1'!B2 -> 46101
C4: Start Time | D4: End Time | E4: Mixpot 3-hr Rolling Avg H2S | F4: >162 Check
E5: MTZ.RF.5GP.Fuel Gas Mixpot.H2S Conc.3HAvg
E6: ppm
C7: {=_xll.PIAdvCalcDat('2'!$E$5,'2'!$B$1,'2'!$B$2,"1h","average (time-weighted)","time-weighted",0,1,193,"\\PI-MTZ")} -> 45220 | D7: 45220.042 | E7: 0 | F7: =IF(E7="[-11059] No Good Data For Calculation", "", IF(E7<162, "NO", "YES")) -> NO
C8: 45220.042 | D8: 45220.083 | E8: 0 | F8: =IF(E8="[-11059] No Good Data For Calculation", "", IF(E8<162, "NO", "YES")) -> NO
C9: 45220.083 | D9: 45220.125 | E9: 0 | F9: =IF(E9="[-11059] No Good Data For Calculation", "", IF(E9<162, "NO", "YES")) -> NO
C10: 45220.125 | D10: 45220.167 | E10: 0 | F10: =IF(E10="[-11059] No Good Data For Calculation", "", IF(E10<162, "NO", "YES")) -> NO
C11: 45220.167 | D11: 45220.208 | E11: 0 | F11: =IF(E11="[-11059] No Good Data For Calculation", "", IF(E11<162, "NO", "YES")) -> NO
C12: 45220.208 | D12: 45220.25 | E12: 0 | F12: =IF(E12="[-11059] No Good Data For Calculation", "", IF(E12<162, "NO", "YES")) -> NO
C13: 45220.25 | D13: 45220.292 | E13: 0 | F13: =IF(E13="[-11059] No Good Data For Calculation", "", IF(E13<162, "NO", "YES")) -> NO
C14: 45220.292 | D14: 45220.333 | E14: 0 | F14: =IF(E14="[-11059] No Good Data For Calculation", "", IF(E14<162, "NO", "YES")) -> NO
C15: 45220.333 | D15: 45220.375 | E15: 0 | F15: =IF(E15="[-11059] No Good Data For Calculation", "", IF(E15<162, "NO", "YES")) -> NO
C16: 45220.375 | D16: 45220.417 | E16: 0 | F16: =IF(E16="[-11059] No Good Data For Calculation", "", IF(E16<162, "NO", "YES")) -> NO
C17: 45220.417 | D17: 45220.458 | E17: 0 | F17: =IF(E17="[-11059] No Good Data For Calculation", "", IF(E17<162, "NO", "YES")) -> NO
C18: 45220.458 | D18: 45220.5 | E18: 0 | F18: =IF(E18="[-11059] No Good Data For Calculation", "", IF(E18<162, "NO", "YES")) -> NO
C19: 45220.5 | D19: 45220.542 | E19: 0 | F19: =IF(E19="[-11059] No Good Data For Calculation", "", IF(E19<162, "NO", "YES")) -> NO
... C19673: 46039.375 | D19673: 46039.417 | E19673: 0 | F19673: =IF(E19673="[-11059] No Good Data For Calculation", "", IF(E19673<162, "NO", "YES")) -> NO
C19674: 46039.417 | D19674: 46039.458 | E19674: [-11059] No Good Data For Calculation | F19674: =IF(E19674="[-11059] No Good Data For Calculation", "", IF(E19674<162, "NO", "YES"))
C19675: 46039.458 | D19675: 46039.5 | E19675: [-11059] No Good Data For Calculation | F19675: =IF(E19675="[-11059] No Good Data For Calculation", "", IF(E19675<162, "NO", "YES"))
C19676: 46039.5 | D19676: 46039.542 | E19676: [-11059] No Good Data For Calculation | F19676: =IF(E19676="[-11059] No Good Data For Calculation", "", IF(E19676<162, "NO", "YES"))
C19677: 46039.542 | D19677: 46039.583 | E19677: [-11059] No Good Data For Calculation | F19677: =IF(E19677="[-11059] No Good Data For Calculation", "", IF(E19677<162, "NO", "YES"))
C19678: 46039.583 | D19678: 46039.625 | E19678: [-11059] No Good Data For Calculation | F19678: =IF(E19678="[-11059] No Good Data For Calculation", "", IF(E19678<162, "NO", "YES"))
C19679: 46039.625 | D19679: 46039.667 | E19679: [-11059] No Good Data For Calculation | F19679: =IF(E19679="[-11059] No Good Data For Calculation", "", IF(E19679<162, "NO", "YES"))
C19680: 46039.667 | D19680: 46039.708 | E19680: [-11059] No Good Data For Calculation | F19680: =IF(E19680="[-11059] No Good Data For Calculation", "", IF(E19680<162, "NO", "YES"))
C19681: 46039.708 | D19681: 46039.75 | E19681: [-11059] No Good Data For Calculation | F19681: =IF(E19681="[-11059] No Good Data For Calculation", "", IF(E19681<162, "NO", "YES"))
C19682: 46039.75 | D19682: 46039.792 | E19682: [-11059] No Good Data For Calculation | F19682: =IF(E19682="[-11059] No Good Data For Calculation", "", IF(E19682<162, "NO", "YES"))
C19683: 46039.792 | D19683: 46039.833 | E19683: [-11059] No Good Data For Calculation | F19683: =IF(E19683="[-11059] No Good Data For Calculation", "", IF(E19683<162, "NO", "YES"))
C19684: 46039.833 | D19684: 46039.875 | E19684: [-11059] No Good Data For Calculation | F19684: =IF(E19684="[-11059] No Good Data For Calculation", "", IF(E19684<162, "NO", "YES"))
C19685: 46039.875 | D19685: 46039.917 | E19685: [-11059] No Good Data For Calculation | F19685: =IF(E19685="[-11059] No Good Data For Calculation", "", IF(E19685<162, "NO", "YES"))
... C19824: 46045.667 | D19824: 46045.708 | E19824: [-11059] No Good Data For Calculation | F19824: =IF(E19824="[-11059] No Good Data For Calculation", "", IF(E19824<162, "NO", "YES"))
C19825: 46045.708 | D19825: 46045.75 | E19825: 0 | F19825: =IF(E19825="[-11059] No Good Data For Calculation", "", IF(E19825<162, "NO", "YES")) -> NO
C19826: 46045.75 | D19826: 46045.792 | E19826: 0 | F19826: =IF(E19826="[-11059] No Good Data For Calculation", "", IF(E19826<162, "NO", "YES")) -> NO
C19827: 46045.792 | D19827: 46045.833 | E19827: 0 | F19827: =IF(E19827="[-11059] No Good Data For Calculation", "", IF(E19827<162, "NO", "YES")) -> NO
C19828: 46045.833 | D19828: 46045.875 | E19828: 0 | F19828: =IF(E19828="[-11059] No Good Data For Calculation", "", IF(E19828<162, "NO", "YES")) -> NO
C19829: 46045.875 | D19829: 46045.917 | E19829: 0 | F19829: =IF(E19829="[-11059] No Good Data For Calculation", "", IF(E19829<162, "NO", "YES")) -> NO
C19830: 46045.917 | D19830: 46045.958 | E19830: 0 | F19830: =IF(E19830="[-11059] No Good Data For Calculation", "", IF(E19830<162, "NO", "YES")) -> NO
C19831: 46045.958 | D19831: 46046 | E19831: 0 | F19831: =IF(E19831="[-11059] No Good Data For Calculation", "", IF(E19831<162, "NO", "YES")) -> NO
C19832: 46046 | D19832: 46046.042 | E19832: 0 | F19832: =IF(E19832="[-11059] No Good Data For Calculation", "", IF(E19832<162, "NO", "YES")) -> NO
C19833: 46046.042 | D19833: 46046.083 | E19833: 0 | F19833: =IF(E19833="[-11059] No Good Data For Calculation", "", IF(E19833<162, "NO", "YES")) -> NO
C19834: 46046.083 | D19834: 46046.125 | E19834: 0 | F19834: =IF(E19834="[-11059] No Good Data For Calculation", "", IF(E19834<162, "NO", "YES")) -> NO
C19835: 46046.125 | D19835: 46046.167 | E19835: 0 | F19835: =IF(E19835="[-11059] No Good Data For Calculation", "", IF(E19835<162, "NO", "YES")) -> NO
C19836: 46046.167 | D19836: 46046.208 | E19836: 0 | F19836: =IF(E19836="[-11059] No Good Data For Calculation", "", IF(E19836<162, "NO", "YES")) -> NO
... C21150: 46100.958 | D21150: 46101 | E21150: 0 | F21150: =IF(E21150="[-11059] No Good Data For Calculation", "", IF(E21150<162, "NO", "YES")) -> NO
E21151: =MAX(E7:E21150) -> 230.95337

Sheet 3
A1: Start Time | B1: 37721
A2: End Time | B2: 45220 | E2: 9.167226
C3: Daily | G3: Annual
D4: MAX: | E4: =MAX(E8:E7506) -> 9.167226 | H4: MAX: | I4: =MAX(I8:I29) -> 4.1591122
C5: Start Time | D5: End Time | E5: Recovered Flare Gas Flow | G5: Start Time | H5: End Time | I5: Total Recovered Flare Gas Amount
E6: 019:F1164 | I6: 019:F1164
E7: MMSCFD | I7: MMSCFD
C8: {=_xll.PIAdvCalcDat('3'!$E$6,'3'!$B$1,'3'!$B$2,"1d","average (time-weighted)","time-weighted",0,1,193,"\\PI-MTZ")} -> 37721 | D8: 37722 | E8: 2.2666951 | G8: {=_xll.PIAdvCalcDat('3'!$I$6,"1/1/2004","1/1/2026","1y","average (time-weighted)","time-weighted",0,1,193,"\\PI-MTZ")} -> 37987 | H8: 38353 | I8: 2.5202894
C9: 37722 | D9: 37723 | E9: 2.8659551 | G9: 38353 | H9: 38718 | I9: 3.7260795
C10: 37723 | D10: 37724 | E10: 2.0560954 | G10: 38718 | H10: 39083 | I10: 3.2884908
C11: 37724 | D11: 37725 | E11: 2.7256824 | G11: 39083 | H11: 39448 | I11: 2.7737283
C12: 37725 | D12: 37726 | E12: 2.9324955 | G12: 39448 | H12: 39814 | I12: 2.7491995
C13: 37726 | D13: 37727 | E13: 1.4573105 | G13: 39814 | H13: 40179 | I13: 3.138853
C14: 37727 | D14: 37728 | E14: 2.5789267 | G14: 40179 | H14: 40544 | I14: 3.607999
C15: 37728 | D15: 37729 | E15: 2.7095792 | G15: 40544 | H15: 40909 | I15: 3.3990073
C16: 37729 | D16: 37730 | E16: 1.6675961 | G16: 40909 | H16: 41275 | I16: 4.1591122
C17: 37730 | D17: 37731 | E17: 3.3990857 | G17: 41275 | H17: 41640 | I17: 3.5462701
C18: 37731 | D18: 37732 | E18: 3.6532364 | G18: 41640 | H18: 42005 | I18: 2.7029977
C19: 37732 | D19: 37733 | E19: 3.1994652 | G19: 42005 | H19: 42370 | I19: 2.618923
C20: 37733 | D20: 37734 | E20: 2.1685994 | G20: 42370 | H20: 42736 | I20: 2.4109989
... C29: 37742 | D29: 37743 | E29: 4.0104601 | G29: 45658 | H29: 46023 | I29: 3.8120022
C30: 37743 | D30: 37744 | E30: 3.3233867
C31: 37744 | D31: 37745 | E31: 2.4959446
C32: 37745 | D32: 37746 | E32: 2.6337973
C33: 37746 | D33: 37747 | E33: 2.636227
C34: 37747 | D34: 37748 | E34: 2.6342164
C35: 37748 | D35: 37749 | E35: 2.5763553
C36: 37749 | D36: 37750 | E36: 2.5890853
C37: 37750 | D37: 37751 | E37: 2.5509143
C38: 37751 | D38: 37752 | E38: 2.4675561
C39: 37752 | D39: 37753 | E39: 2.5017733
C40: 37753 | D40: 37754 | E40: 2.5224909
C41: 37754 | D41: 37755 | E41: 2.5383783
... C551: 38264 | D551: 38265 | E551: 0.0030213296
C552: 38265 | D552: 38266 | E552: [-11059] No Good Data For Calculation
C553: 38266 | D553: 38267 | E553: [-11059] No Good Data For Calculation
C554: 38267 | D554: 38268 | E554: [-11059] No Good Data For Calculation
C555: 38268 | D555: 38269 | E555: [-11059] No Good Data For Calculation
C556: 38269 | D556: 38270 | E556: [-11059] No Good Data For Calculation
C557: 38270 | D557: 38271 | E557: 0.005021629
C558: 38271 | D558: 38272 | E558: 0.0060607293
C559: 38272 | D559: 38273 | E559: 0.0064147468
C560: 38273 | D560: 38274 | E560: 0.0063705021
C561: 38274 | D561: 38275 | E561: 2.0601144
C562: 38275 | D562: 38276 | E562: 0.0096345735
C563: 38276 | D563: 38277 | E563: 4.3255351
C564: 38277 | D564: 38278 | E564: 4.1826032
C565: 38278 | D565: 38279 | E565: 3.8679666
C566: 38279 | D566: 38280 | E566: 3.5396516
C567: 38280 | D567: 38281 | E567: 3.5956015
C568: 38281 | D568: 38282 | E568: 3.4224695
... C1828: 39541 | D1828: 39542 | E1828: 0.068204069
C1829: 39542 | D1829: 39543 | E1829: [-11059] No Good Data For Calculation
C1830: 39543 | D1830: 39544 | E1830: [-11059] No Good Data For Calculation
C1831: 39544 | D1831: 39545 | E1831: [-11059] No Good Data For Calculation
C1832: 39545 | D1832: 39546 | E1832: [-11059] No Good Data For Calculation
C1833: 39546 | D1833: 39547 | E1833: [-11059] No Good Data For Calculation
C1834: 39547 | D1834: 39548 | E1834: [-11059] No Good Data For Calculation
C1835: 39548 | D1835: 39549 | E1835: [-11059] No Good Data For Calculation
C1836: 39549 | D1836: 39550 | E1836: [-11059] No Good Data For Calculation
C1837: 39550 | D1837: 39551 | E1837: [-11059] No Good Data For Calculation
C1838: 39551 | D1838: 39552 | E1838: [-11059] No Good Data For Calculation
C1839: 39552 | D1839: 39553 | E1839: [-11059] No Good Data For Calculation
C1840: 39553 | D1840: 39554 | E1840: 0.08389493
C1841: 39554 | D1841: 39555 | E1841: 0.087677108
C1842: 39555 | D1842: 39556 | E1842: 0.17266008
C1843: 39556 | D1843: 39557 | E1843: 0.26610008
C1844: 39557 | D1844: 39558 | E1844: 0.11201781
C1845: 39558 | D1845: 39559 | E1845: 0.08965395
C1846: 39559 | D1846: 39560 | E1846: 0.098021887
C1847: 39560 | D1847: 39561 | E1847: 0.12023801
C1848: 39561 | D1848: 39562 | E1848: 1.8389395
C1849: 39562 | D1849: 39563 | E1849: 3.8511518
C1850: 39563 | D1850: 39564 | E1850: 4.0032025
C1851: 39564 | D1851: 39565 | E1851: 3.881012
... C7506: 45219 | D7506: 45220 | E7506: 3.4394802
