Workbook
Name _31: 31
Name ListUnits: '[2]DEL List'!$T$4:$T$69
Name MDP_ARBComments: OFFSET(MDP_Flows,0,5)
Name MDP_ARBComments: OFFSET(MDP_Flows,0,5)
Name MDP_ARBComments: OFFSET(MDP_Flows,0,5)
Name MDP_ARBComments: OFFSET(MDP_Flows,0,5)
Name MDP_ARBComments: OFFSET(MDP_Flows,0,5)
Name MDP_Flags: OFFSET(MDP_Flows,0,1)
Name MDP_Flags: OFFSET(MDP_Flows,0,1)
Name MDP_Flags: OFFSET(MDP_Flows,0,1)
Name MDP_Flags: OFFSET(MDP_Flows,0,1)
Name MDP_Flags: OFFSET(MDP_Flows,0,1)
Name RepYr: 2015
Name S100_Materials: #REF!
Name SpecData: OFFSET(SpecCASNo,2,0,ROWS(SpecList))
Name SpecData: OFFSET(SpecCASNo,2,0,ROWS(SpecList))
Name SpecData: OFFSET(SpecCASNo,2,0,ROWS(SpecList))
Name SpecData: OFFSET(SpecCASNo,2,0,ROWS(SpecList))
Name SpecData: OFFSET(SpecCASNo,2,0,ROWS(SpecList))
Name SpecData: OFFSET(SpecCASNo,2,0,ROWS(SpecList))
Name TankCalc_TankList: '[3]Tank Calculations'!$A$10:$A$623
Name tblCompoundProp: OFFSET(hdrCompoundProp,1,0,COUNTA(#REF!))
Name tblCompoundProp: OFFSET(hdrCompoundProp,1,0,COUNTA(#REF!))
Name tblCompoundProp: OFFSET(hdrCompoundProp,1,0,COUNTA(#REF!))
Name tblCompoundProp: OFFSET(hdrCompoundProp,1,0,COUNTA(#REF!))
Name tblCompoundProp: OFFSET(hdrCompoundProp,1,0,COUNTA(#REF!))
Name tblkpUnitID: '[4]Fug Speciation Lookup'!$A$6:$B$40
Name wrn.all3.: {"summ",#N/A,FALSE,"VOCs";"misc",#N/A,FALSE,"VOCs";"fugs",#N/A,FALSE,"VOCs"}

Sheet PSD Summary
A1: Foul Water Stripper Permit Modifications
A2: BAAQMD and Federal Non-Attainment New Source Review (NA NSR) / Prevention of Significant Deterioration (PSD) Major Modification Analysis
A4: Pollutant | B4: BAAQMD and Federal Baseline Emissions (tpy) [1] | C4: Projected Actual Emissions (tpy) | F4: Project Emission Increase (tpy) [3] | G4: BAAQMD PSD Major Modification Analysis | I4: Federal NA NSR / PSD Major Modification Analysis
C5: Normal Operation (PTE) | D5: Alternative Control Scenario 2b: -8,260 hr/yr to SWS TO -500 hr/yr to Process Heaters (PTE) [2] | E5: Worst-case PAE Increase | G5: PSD Significant Emission Rate (SER) per 2-2-227 [4] | H5: Is Project Emission Increase Greater than BAAQMD PSD SER? | I5: Federal NA NSR SER per 51.165(a)(1)(x)(A) [5] | J5: Federal PSD SER Per 40 CFR 52.21(b)(23)(i) | K5: Is Project Emission Increase Greater than Federal SERs?
A6: PM | B6: ='SWS Offgas TO PTE (permitted)'!D11 -> 0.015583353 | C6: =('SWS Offgas TO PTE (proposed)'!D11*8760)/2000 -> 0.017949412 | D6: - | E6: =MAX(C6:D6) -> 0.017949412 | F6: =E6-B6 -> 0.0023660588 | G6: 25 | H6: =IF(F6>G6,"Yes","No") -> No | I6: N/A | J6: 25 | K6: =IF(OR(F6>J6,F6>I6),"Yes","No") -> No
A7: PM10 | B7: ='SWS Offgas TO PTE (permitted)'!D12 -> 0.062333412 | C7: =('SWS Offgas TO PTE (proposed)'!D12*8760)/2000 -> 0.071797647 | D7: - | E7: =MAX(C7:D7) -> 0.071797647 | F7: =E7-B7 -> 0.0094642353 | G7: 15 | H7: =IF(F7>G7,"Yes","No") -> No | I7: N/A | J7: 15 | K7: =IF(OR(F7>J7,F7>I7),"Yes","No") -> No
A8: PM2.5 | B8: ='SWS Offgas TO PTE (permitted)'!D13 -> 0.062333412 | C8: =('SWS Offgas TO PTE (proposed)'!D13*8760)/2000 -> 0.071797647 | D8: - | E8: =MAX(C8:D8) -> 0.071797647 | F8: =E8-B8 -> 0.0094642353 | G8: - | H8: =IF(F8>G8,"Yes","No") -> No | I8: 10 | J8: N/A | K8: =IF(OR(F8>J8,F8>I8),"Yes","No") -> No
A9: NOX | B9: ='SWS Offgas TO PTE (permitted)'!D14 -> 1.65126 | C9: =('SWS Offgas TO PTE (proposed)'!D14*8760)/2000 -> 1.65126 | D9: - | E9: =MAX(C9:D9) -> 1.65126 | F9: =E9-B9 -> 0 | G9: 40 | H9: =IF(F9>G9,"Yes","No") -> No | I9: 40 | J9: N/A | K9: =IF(OR(F9>J9,F9>I9),"Yes","No") -> No
A10: CO | B10: ='SWS Offgas TO PTE (permitted)'!D15 -> 0.250755 | C10: =('SWS Offgas TO PTE (proposed)'!D15*8760)/2000 -> 2.31264 | D10: - | E10: =MAX(C10:D10) -> 2.31264 | F10: =E10-B10 -> 2.061885 | G10: 100 | H10: =IF(F10>G10,"Yes","No") -> No | I10: N/A | J10: 100 | K10: =IF(OR(F10>J10,F10>I10),"Yes","No") -> No
A11: SO2 | B11: ='SWS Offgas TO PTE (permitted)'!D16 -> 1.7082 | C11: =('SWS Offgas TO PTE (proposed)'!D16*8760)/2000 -> 1.7082 | D11: - | E11: =MAX(C11:D11) -> 1.7082 | F11: =E11-B11 -> 0 | G11: 40 | H11: =IF(F11>G11,"Yes","No") -> No | I11: 40 | J11: N/A | K11: =IF(OR(F11>J11,F11>I11),"Yes","No") -> No
A12: H2SO4 | B12: ='SWS Offgas TO PTE (permitted)'!D17 -> 0.0034431177 | C12: =('SWS Offgas TO PTE (proposed)'!D17*8760)/2000 -> 0.0039658947 | D12: - | E12: =MAX(C12:D12) -> 0.0039658947 | F12: =E12-B12 -> 0.00052277703 | G12: 7 | H12: =IF(F12>G12,"Yes","No") -> No | I12: N/A | J12: 7 | K12: =IF(OR(F12>J12,F12>I12),"Yes","No") -> No
A13: POC | B13: ='SWS Offgas TO PTE (permitted)'!D18 -> 0.045109706 | C13: =('SWS Offgas TO PTE (proposed)'!D18*8760)/2000 -> 0.051958824 | D13: - | E13: =MAX(C13:D13) -> 0.051958824 | F13: =E13-B13 -> 0.0068491176 | G13: - | H13: =IF(F13>G13,"Yes","No") -> No | I13: 40 | J13: N/A | K13: =IF(OR(F13>J13,F13>I13),"Yes","No") -> No
A14: CO2 | B14: ='SWS Offgas TO PTE (permitted)'!D19 -> 977.84298 | C14: =('SWS Offgas TO PTE (proposed)'!D19*8760)/2000 -> 1126.3113 | D14: - | E14: =MAX(C14:D14) -> 1126.3113 | F14: =E14-B14 -> 148.46831 | G14: N/A | H14: =IF(F14>G14,"Yes","No") -> No | I14: N/A | J14: N/A | K14: =IF(OR(F14>J14,F14>I14),"Yes","No") -> No
A15: CH4 | B15: ='SWS Offgas TO PTE (permitted)'!D20 -> 0.018443243 | C15: =('SWS Offgas TO PTE (proposed)'!D20*8760)/2000 -> 0.021243526 | D15: - | E15: =MAX(C15:D15) -> 0.021243526 | F15: =E15-B15 -> 0.0028002829 | G15: N/A | H15: =IF(F15>G15,"Yes","No") -> No | I15: N/A | J15: N/A | K15: =IF(OR(F15>J15,F15>I15),"Yes","No") -> No
A16: N2O | B16: ='SWS Offgas TO PTE (permitted)'!D21 -> 0.0018443243 | C16: =('SWS Offgas TO PTE (proposed)'!D21*8760)/2000 -> 0.0021243526 | D16: - | E16: =MAX(C16:D16) -> 0.0021243526 | F16: =E16-B16 -> 0.00028002829 | G16: N/A | H16: =IF(F16>G16,"Yes","No") -> No | I16: N/A | J16: N/A | K16: =IF(OR(F16>J16,F16>I16),"Yes","No") -> No
A17: GHG (mass) | B17: ='SWS Offgas TO PTE (permitted)'!D22 -> 977.86327 | C17: =('SWS Offgas TO PTE (proposed)'!D22*8760)/2000 -> 1126.3347 | D17: - | E17: =MAX(C17:D17) -> 1126.3347 | F17: =E17-B17 -> 148.47139 | G17: N/A | H17: =IF(F17>G17,"Yes","No") -> No | I17: N/A | J17: N/A | K17: =IF(OR(F17>J17,F17>I17),"Yes","No") -> No
A18: GHG (CO2e) | B18: ='SWS Offgas TO PTE (permitted)'!D23 -> 978.80203 | C18: =('SWS Offgas TO PTE (proposed)'!D23*8760)/2000 -> 1133.8485 | D18: - | E18: =MAX(C18:D18) -> 1133.8485 | F18: =E18-B18 -> 155.04646 | G18: N/A | H18: =IF(F18>G18,"Yes","No") -> No | I18: N/A | J18: 75000 | K18: =IF(OR(F18>J18,F18>I18),"Yes","No") -> No
A19: Hydrogen Sulfide | B19: ='SWS Offgas TO PTE (permitted)'!D32 -> 0 | C19: =('SWS Offgas TO PTE (proposed)'!C33*8760)/2000 -> 0.052313611 | D19: - | E19: =MAX(C19:D19) -> 0.052313611 | F19: =E19-B19 -> 0.052313611 | G19: N/A | H19: N/A | I19: N/A | J19: 10 | K19: =IF(OR(F19>J19,F19>I19),"Yes","No") -> No
A20: [1] BAAQMD and federal baseline emissions are equal to the existing PTE and permitted limits because the unit has operated less than 24 months, pursuant to 2-2-603.2.2.2 and 40 CFR 52.21(b)(48)(iii).
A21: [2] Alternative Control Scenario 2b does not result in incremental emissions due to existing permit limits and SWS offgas is sufficiently similar to the existing fuel gas.
A22: [3] Emissions increase is calculated as potential emissions minus baseline actual emissions.
A23: [4] Per Rule 2-2-227, PM2.5 and POC are not PSD pollutants because the Bay Area remains in nonattainment with the National Ambient Air Quality Standards for PM2.5 and ozone.
A24: [5] The nonattainment NSR significant emission rate for direct PM2.5 emissions is 10 tpy; additionally, this includes 40 tpy of SO2 emissions, 40 tpy of NOx emissions, or 40 tpy of VOC emissions unless they are demonstrated not to be a PM2.5 precursor. The NSR significant emission rate is assessed based on emissions of VOC and NOx, individually.

Sheet ERCs Summary
A1: Foul Water Stripper Permit Modifications
A2: Emission Reduction Credits (ERCs) Summary
A4: Pollutant | B4: Existing Pre-Project PTE (tpy) | C4: Post-Project PTE (tpy) | F4: Cumulative Increase (tpy) [2] | G4: Emission Offsets
C5: Normal Operation (PTE) | D5: Alternative Control Scenario 2b: -8,260 hr/yr to SWS TO -500 hr/yr to Process Heaters (PTE) [1] | E5: Worst-case PTE Scenario | G5: Offset Ratios | H5: Offsets Required
A6: PM | B6: ='SWS Offgas TO PTE (permitted)'!D11 -> 0.015583353 | C6: =('SWS Offgas TO PTE (proposed)'!D11*8760)/2000 -> 0.017949412 | D6: - | E6: =MAX(C6:D6) -> 0.017949412 | F6: =E6-B6 -> 0.0023660588 | G6: - | H6: -
A7: PM10 | B7: ='SWS Offgas TO PTE (permitted)'!D12 -> 0.062333412 | C7: =('SWS Offgas TO PTE (proposed)'!D12*8760)/2000 -> 0.071797647 | D7: - | E7: =MAX(C7:D7) -> 0.071797647 | F7: =E7-B7 -> 0.0094642353 | G7: 1 | H7: =F7*G7 -> 0.0094642353
A8: PM2.5 | B8: ='SWS Offgas TO PTE (permitted)'!D13 -> 0.062333412 | C8: =('SWS Offgas TO PTE (proposed)'!D13*8760)/2000 -> 0.071797647 | D8: - | E8: =MAX(C8:D8) -> 0.071797647 | F8: =E8-B8 -> 0.0094642353 | G8: 1 | H8: =F8*G8 -> 0.0094642353
A9: NOX | B9: ='SWS Offgas TO PTE (permitted)'!D14 -> 1.65126 | C9: =('SWS Offgas TO PTE (proposed)'!D14*8760)/2000 -> 1.65126 | D9: - | E9: =MAX(C9:D9) -> 1.65126 | F9: =E9-B9 -> 0 | G9: 1.15 | H9: =F9*G9 -> 0
A10: CO | B10: ='SWS Offgas TO PTE (permitted)'!D15 -> 0.250755 | C10: =('SWS Offgas TO PTE (proposed)'!D15*8760)/2000 -> 2.31264 | D10: - | E10: =MAX(C10:D10) -> 2.31264 | F10: =E10-B10 -> 2.061885 | G10: - | H10: -
A11: SO2 | B11: ='SWS Offgas TO PTE (permitted)'!D16 -> 1.7082 | C11: =('SWS Offgas TO PTE (proposed)'!D16*8760)/2000 -> 1.7082 | D11: - | E11: =MAX(C11:D11) -> 1.7082 | F11: =E11-B11 -> 0 | G11: 1 | H11: =F11*G11 -> 0
A12: H2SO4 | B12: ='SWS Offgas TO PTE (permitted)'!D17 -> 0.0034431177 | C12: =('SWS Offgas TO PTE (proposed)'!D17*8760)/2000 -> 0.0039658947 | D12: - | E12: =MAX(C12:D12) -> 0.0039658947 | F12: =E12-B12 -> 0.00052277703 | G12: - | H12: -
A13: POC | B13: ='SWS Offgas TO PTE (permitted)'!D18 -> 0.045109706 | C13: =('SWS Offgas TO PTE (proposed)'!D18*8760)/2000 -> 0.051958824 | D13: - | E13: =MAX(C13:D13) -> 0.051958824 | F13: =E13-B13 -> 0.0068491176 | G13: 1.15 | H13: =F13*G13 -> 0.0078764853
A14: [1] Alternative Control Scenario 2b does not result in incremental emissions due to existing permit limits and SWS offgas is sufficiently similar to the existing fuel gas.
A15: [2] Cumulative increase is calculated as post-project PTE minus pre-project PTE.

Sheet Rule 2-5 Evaluation
A1: Foul Water Stripper Permit Modifications
A2: BAAQMD Rule 2-5 New Source Review of Toxic Air Contaminants Analysis
A4: Pollutant | B4: Post-Project PTE (lb/hr) | E4: BAAQMD Rule 2-5 New Source Review of Toxic Air Contaminants Analysis
B5: Normal Operation | C5: Alternative Control Scenario 2b: -8,260 hr/yr to SWS TO -500 hr/yr to Process Heaters [1] | D5: Worst-case PTE | E5: Project Emissions Increase (lb/hr) [2] | F5: BAAQMD Rule 2-5 Acute Trigger Level (lb/hr) [3] | G5: Is Project Emission Increase Greater than BAAQMD Rule 2-5 Acute Trigger Level?
A6: H2SO4 | B6: ='SWS Offgas TO PTE (proposed)'!D17 -> 0.00090545541 | C6: - | D6: =MAX(B6:C6) -> 0.00090545541 | E6: =D6 -> 0.00090545541 | F6: 0.053 | G6: =IF(E6>F6,"Yes","No") -> No
A7: Ammonia | B7: ='SWS Offgas TO PTE (proposed)'!C29 -> 0.11 | C7: ='Alt Ctrl Scenario 2b - Heaters'!D16 -> 0.88 | D7: =MAX(B7:C7) -> 0.88 | E7: =D7 -> 0.88 | F7: 1.4 | G7: =IF(E7>F7,"Yes","No") -> No
A8: Benzene | B8: ='SWS Offgas TO PTE (proposed)'!C30 -> 4.5294118e-06 | C8: - | D8: =MAX(B8:C8) -> 4.5294118e-06 | E8: =D8 -> 4.5294118e-06 | F8: 0.012 | G8: =IF(E8>F8,"Yes","No") -> No
A9: Formaldehyde | B9: ='SWS Offgas TO PTE (proposed)'!C31 -> 0.00016176471 | C9: - | D9: =MAX(B9:C9) -> 0.00016176471 | E9: =D9 -> 0.00016176471 | F9: 0.024 | G9: =IF(E9>F9,"Yes","No") -> No
A10: Toluene | B10: ='SWS Offgas TO PTE (proposed)'!C32 -> 7.3333333e-06 | C10: - | D10: =MAX(B10:C10) -> 7.3333333e-06 | E10: =D10 -> 7.3333333e-06 | F10: 2.2 | G10: =IF(E10>F10,"Yes","No") -> No
A11: Hydrogen Sulfide | B11: ='SWS Offgas TO PTE (proposed)'!C33 -> 0.011943747 | C11: - | D11: =MAX(B11:C11) -> 0.011943747 | E11: =D11 -> 0.011943747 | F11: 0.019 | G11: =IF(E11>F11,"Yes","No") -> No
A12: [1] Alternative Control Scenario 2b does not result in incremental emissions due to existing permit limits and SWS offgas is sufficiently similar to the existing fuel gas.
A13: [2] The project emissions increase is equal to the worst-case PTE.
A16: Pollutant | B16: Post-Project PTE (tpy) | E16: BAAQMD Rule 2-5 New Source Review of Toxic Air Contaminants Analysis
B17: Normal Operation | C17: Alternative Control Scenario 2b: -8,260 hr/yr to SWS TO -500 hr/yr to Process Heaters [1] | D17: Worst-case PTE | E17: Project Emissions Increase (lb/yr) [2] | F17: BAAQMD Rule 2-5 Chronic Trigger Level (lb/yr) [3] | G17: Is Project Emission Increase Greater than BAAQMD Rule 2-5 Chronic Trigger Level?
A18: H2SO4 | B18: ='SWS Offgas TO PTE (proposed)'!F17 -> 0.0039658947 | C18: - | D18: =MAX(B18:C18) -> 0.0039658947 | E18: =(D18)*2000 -> 7.9317894 | F18: 39 | G18: =IF(E18>F18,"Yes","No") -> No
A19: Ammonia | B19: ='SWS Offgas TO PTE (proposed)'!D29 -> 0.4818 | C19: =('SWS Offgas TO PTE (proposed)'!C29*8260+'Alt Ctrl Scenario 2b - Heaters'!D16*500)/2000 -> 0.6743 | D19: =MAX(B19:C19) -> 0.6743 | E19: =(D19)*2000 -> 1348.6 | F19: 7700 | G19: =IF(E19>F19,"Yes","No") -> No
A20: Benzene | B20: ='SWS Offgas TO PTE (proposed)'!D30 -> 1.9838824e-05 | C20: - | D20: =MAX(B20:C20) -> 1.9838824e-05 | E20: =(D20)*2000 -> 0.039677647 | F20: 2.9 | G20: =IF(E20>F20,"Yes","No") -> No
A21: Formaldehyde | B21: ='SWS Offgas TO PTE (proposed)'!D31 -> 0.00070852941 | C21: - | D21: =MAX(B21:C21) -> 0.00070852941 | E21: =(D21)*2000 -> 1.4170588 | F21: 14 | G21: =IF(E21>F21,"Yes","No") -> No
A22: Toluene | B22: ='SWS Offgas TO PTE (proposed)'!D32 -> 3.212e-05 | C22: - | D22: =MAX(B22:C22) -> 3.212e-05 | E22: =(D22)*2000 -> 0.06424 | F22: 16000 | G22: =IF(E22>F22,"Yes","No") -> No
A23: Hydrogen Sulfide | B23: ='SWS Offgas TO PTE (proposed)'!D33 -> 0.052313611 | C23: - | D23: =MAX(B23:C23) -> 0.052313611 | E23: =(D23)*2000 -> 104.62722 | F23: 390 | G23: =IF(E23>F23,"Yes","No") -> No
A24: [1] Alternative Control Scenario 2b does not result in incremental emissions due to existing permit limits and SWS offgas is sufficiently similar to the existing fuel gas.
A25: [2] The project emissions increase is equal to the worst-case PTE.

Sheet SWS Offgas TO PTE (permitted)
A1: ='PSD Summary'!A1 -> Foul Water Stripper Permit Modifications
A2: Foul Water Stripper Offgas Thermal Oxidizer (S-1600/A-2000)
A3: Pre-Project (Permitted) PTE Emission Calculations
A5: Quantity | B5: Value | C5: Units | D5: Reference
A6: Max Firing Rate: | B6: 1.91 | C6: MMBtu/hr | D6: Engineering estimate
A7: CO2 emission factor: | B7: 53.02 | C7: kg/MMBtu | D7: CARB default for natural gas
A8: Hours of operation: | B8: 8760 | C8: hr/yr
A10: Pollutant | B10: Emission Factor | C10: Units | D10: Potential Emissions (tpy) [1] | E10: Emission Factor Reference
A11: PM | B11: =1.9/1020 -> 0.0018627451 | C11: lb/MMBtu | D11: =B11*$B$6/2000*$B$8 -> 0.015583353 | E11: AP-42 Section 1.4
A12: PM10 | B12: =7.6/1020 -> 0.0074509804 | C12: lb/MMBtu | D12: =B12*$B$6/2000*$B$8 -> 0.062333412 | E12: AP-42 Section 1.4
A13: PM2.5 | B13: =7.6/1020 -> 0.0074509804 | C13: lb/MMBtu | D13: =B13*$B$6/2000*$B$8 -> 0.062333412 | E13: AP-42 Section 1.4
A14: NOX | B14: 0.377 | C14: lb/hr | D14: =B14*B8/2000 -> 1.65126 | E14: Vendor Estimate
A15: CO | B15: =0.0458*1.25 -> 0.05725 | C15: lb/hr | D15: =B15*B8/2000 -> 0.250755 | E15: Vendor Estimate
A16: SO2 | B16: 0.39 | C16: lb/hr | D16: =B16*B8/2000 -> 1.7082 | E16: Vendor Estimate
A17: H2SO4 | B17: =B16*0.00105530934133563 -> 0.00041157064 | C17: lb/MMBtu | D17: =B17*$B$6/2000*$B$8 -> 0.0034431177 | E17: Eng. Estimate
A18: POC | B18: =5.5/1020 -> 0.0053921569 | C18: lb/MMBtu | D18: =B18*$B$6/2000*$B$8 -> 0.045109706 | E18: Default
A19: CO2 | B19: =B7*2.20456 -> 116.88577 | C19: lb/MMBtu | D19: =B19*$B$6/2000*$B$8 -> 977.84298 | E19: CARB default EF for natural gas
A20: CH4 | B20: =(0.001)*2.2046 -> 0.0022046 | C20: lb/MMBtu | D20: =B20*$B$6/2000*$B$8 -> 0.018443243 | E20: CARB default EF for natural gas
A21: N2O | B21: =(0.0001)*2.2046 -> 0.00022046 | C21: lb/MMBtu | D21: =B21*$B$6/2000*$B$8 -> 0.0018443243 | E21: CARB default EF for natural gas
A22: GHG (mass) | B22: =B19+B20+B21 -> 116.8882 | C22: lb/MMBtu | D22: =B22*$B$6/2000*$B$8 -> 977.86327 | E22: Calculated
A23: GHG (CO2e) | B23: =B19+B20*21+B21*310 -> 117.00041 | C23: lb/MMBtu | D23: =B23*$B$6/2000*$B$8 -> 978.80203 | E23: CARB SAR GWP Factors
A24: [1] Potential Emissions (tpy) = Emission Factor (lb/MMBtu) x Max Firing Rate (MMBtu/hr) x Hours of Operation (hr/yr) / 2000 lb/ton
A26: Toxic Air Pollutant | B26: Emission Factor [1], [2] | C26: Emission Rate
B27: (lb/MMBtu) | C27: (lb/hr) | D27: (tpy)
A28: Ammonia | B28: - | C28: =0.088*1.25 -> 0.11 | D28: =C28*8760/2000 -> 0.4818
A29: Benzene | B29: =0.0021/1020 -> 2.0588235e-06 | C29: =$B$6*B29 -> 3.9323529e-06 | D29: =C29*8760/2000 -> 1.7223706e-05
A30: Formaldehyde | B30: =0.075/1020 -> 7.3529412e-05 | C30: =$B$6*B30 -> 0.00014044118 | D30: =C30*8760/2000 -> 0.00061513235
A31: Toluene | B31: =0.0034/1020 -> 3.3333333e-06 | C31: =$B$6*B31 -> 6.3666667e-06 | D31: =C31*8760/2000 -> 2.7886e-05
A32: [1] Hazardous Air Pollutant emission factors based on BAAQMD's 2008 Policy: Emission Factors for Toxic Air Contaminants from Miscellaneous Natural Gas Combustion Sources. https://www.baaqmd.gov/~/media/files/engineering/policy_and_procedures/tacemfacfromnatgascombustion.ashx
A34: [2] Ammonia emission rates from the vendor specifications and account for the unit's destruction efficiency.

Sheet SWS Offgas TO PTE (proposed)
A1: ='PSD Summary'!A1 -> Foul Water Stripper Permit Modifications
A2: Foul Water Stripper Offgas Thermal Oxidizer (S-1600/A-2000)
A3: Post-Project PTE Emission Calculations
A5: Quantity | B5: Value | C5: Units | D5: Reference
A6: Max firing rate: | B6: 2.2 | C6: MMBtu/hr | D6: Engineering estimate
A7: CO2 emission factor: | B7: 53.02 | C7: kg/MMBtu | D7: CARB default for natural gas
A8: Hours of operation: | B8: 8760 | C8: hr/yr
A10: Pollutant | B10: Emission Factor | C10: Units | D10: Potential Emissions (lb/hr) | E10: Potential Emissions (lb/day) | F10: Potential Emissions (tpy) [1] | G10: Emission Factor Reference
A11: PM | B11: =1.9/1020 -> 0.0018627451 | C11: lb/MMBtu | D11: =B11*$B$6 -> 0.0040980392 | E11: =B11*$B$6*24 -> 0.098352941 | F11: =B11*$B$6/2000*$B$8 -> 0.017949412 | G11: AP-42 Section 1.4
A12: PM10 | B12: =7.6/1020 -> 0.0074509804 | C12: lb/MMBtu | D12: =B12*$B$6 -> 0.016392157 | E12: =B12*$B$6*24 -> 0.39341176 | F12: =B12*$B$6/2000*$B$8 -> 0.071797647 | G12: AP-42 Section 1.4
A13: PM2.5 | B13: =7.6/1020 -> 0.0074509804 | C13: lb/MMBtu | D13: =B13*$B$6 -> 0.016392157 | E13: =B13*$B$6*24 -> 0.39341176 | F13: =B13*$B$6/2000*$B$8 -> 0.071797647 | G13: AP-42 Section 1.4
A14: NOX | B14: 0.377 | C14: lb/hr | D14: =B14 -> 0.377 | E14: =B14*24 -> 9.048 | F14: =B14*B8/2000 -> 1.65126 | G14: Vendor Estimate
A15: CO | B15: 0.24 | C15: lb/MMBtu | D15: =B15*$B$6 -> 0.528 | E15: =B15*$B$6*24 -> 12.672 | F15: =B15*$B$6/2000*$B$8 -> 2.31264 | G15: BAAQMD's 107 PPMv CO (at 15% O2) Proposed Emission Limit
A16: SO2 | B16: 0.39 | C16: lb/hr | D16: =B16 -> 0.39 | E16: =B16*24 -> 9.36 | F16: =B16*B8/2000 -> 1.7082 | G16: Vendor Estimate
A17: H2SO4 | B17: =B16*0.00105530934133563 -> 0.00041157064 | C17: lb/MMBtu | D17: =B17*$B$6 -> 0.00090545541 | E17: =B17*$B$6*24 -> 0.02173093 | F17: =B17*$B$6/2000*$B$8 -> 0.0039658947 | G17: Eng. Estimate
A18: POC | B18: =5.5/1020 -> 0.0053921569 | C18: lb/MMBtu | D18: =B18*$B$6 -> 0.011862745 | E18: =B18*$B$6*24 -> 0.28470588 | F18: =B18*$B$6/2000*$B$8 -> 0.051958824 | G18: Default
A19: CO2 | B19: =B7*2.20456 -> 116.88577 | C19: lb/MMBtu | D19: =B19*$B$6 -> 257.1487 | E19: =B19*$B$6*24 -> 6171.5687 | F19: =B19*$B$6/2000*$B$8 -> 1126.3113 | G19: CARB default EF for natural gas
A20: CH4 | B20: =(0.001)*2.2046 -> 0.0022046 | C20: lb/MMBtu | D20: =B20*$B$6 -> 0.00485012 | E20: =B20*$B$6*24 -> 0.11640288 | F20: =B20*$B$6/2000*$B$8 -> 0.021243526 | G20: CARB default EF for natural gas
A21: N2O | B21: =(0.0001)*2.2046 -> 0.00022046 | C21: lb/MMBtu | D21: =B21*$B$6 -> 0.000485012 | E21: =B21*$B$6*24 -> 0.011640288 | F21: =B21*$B$6/2000*$B$8 -> 0.0021243526 | G21: CARB default EF for natural gas
A22: GHG (mass) | B22: =B19+B20+B21 -> 116.8882 | C22: lb/MMBtu | D22: =B22*$B$6 -> 257.15403 | E22: =B22*$B$6*24 -> 6171.6968 | F22: =B22*$B$6/2000*$B$8 -> 1126.3347 | G22: Calculated
A23: GHG (CO2e) | B23: =B19+B20*25+B21*3298 -> 117.66796 | C23: lb/MMBtu | D23: =B23*$B$6 -> 258.86952 | E23: =B23*$B$6*24 -> 6212.8685 | F23: =B23*$B$6/2000*$B$8 -> 1133.8485 | G23: CARB AR4 GWP Factors
A24: [1] Potential Emissions (tpy) = Emission Factor (lb/MMBtu) x Max Firing Rate (MMBtu/hr) x Hours of Operation (hr/yr) / 2000 lb/ton
A25: [2] https://www.baaqmd.gov/~/media/files/engineering/policy_and_procedures/bart_ract/noxandcoractforthermaloxidizers.pdf
A27: Toxic Air Pollutant | B27: Emission Factor [1], [2], [3] | C27: Emission Rate
B28: (lb/MMBtu) | C28: (lb/hr) | D28: (tpy)
A29: Ammonia | B29: - | C29: =0.088*1.25 -> 0.11 | D29: =C29*8760/2000 -> 0.4818
A30: Benzene | B30: =0.0021/1020 -> 2.0588235e-06 | C30: =$B$6*B30 -> 4.5294118e-06 | D30: =C30*8760/2000 -> 1.9838824e-05
A31: Formaldehyde | B31: =0.075/1020 -> 7.3529412e-05 | C31: =$B$6*B31 -> 0.00016176471 | D31: =C31*8760/2000 -> 0.00070852941
A32: Toluene | B32: =0.0034/1020 -> 3.3333333e-06 | C32: =$B$6*B32 -> 7.3333333e-06 | D32: =C32*8760/2000 -> 3.212e-05
A33: Hydrogen Sulfide | B33: =2*20.9/(20.9-15)*34.03*8710/386.8/10^6 -> 0.0054289758 | C33: =$B$6*B33 -> 0.011943747 | D33: =C33*8760/2000 -> 0.052313611
A34: [1] Hazardous Air Pollutant emission factors based on BAAQMD's 2008 Policy: Emission Factors for Toxic Air Contaminants from Miscellaneous Natural Gas Combustion Sources. https://www.baaqmd.gov/~/media/files/engineering/policy_and_procedures/tacemfacfromnatgascombustion.ashx
A36: [2] Ammonia emission rates from the vendor specifications and account for the unit's destruction efficiency.
A37: [3] Hydrogen sulfide emission factor based upon engineering estimate of 2 ppmv at 15% O2.

Sheet Alt Ctrl Scenario 2b - Heaters
A1: ='PSD Summary'!A1 -> Foul Water Stripper Permit Modifications
A2: Foul Water Stripper Offgas (S-1600) Combustion in Downstream Fuel Gas Combustion Devices (Alternative Control Scenario 2b)
A3: Post-Project Incremental Emission Calculations
A5: The FWS offgas stream will be sufficiently similar the existing fuel gas for all pollutants except for ammonia concentration and resulting NOx formation during combustion.
A6: Fuel NOx emissions from combustion of the FWS offgas stream would be in addition to NOx emissions from current operations.
A7: Process heaters are subject to either NOx limits (e.g., Hot Oil Heater) or the Rule 9-10 cap of 834 lb/day.
A8: As such, the Project will not result in an increase in PTE because of this alternative operating scenario.
A10: Quantity | B10: Value | C10: Units | D10: Reference
A11: Max firing rate: | B11: ='SWS Offgas TO PTE (proposed)'!B6 -> 2.2 | C11: MMBtu/hr | D11: Engineering estimate
A12: Heat value: | B12: 1020 | C12: MMBtu/MMscf
A13: Alternative scenario duration: | B13: 500 | C13: hr/yr | D13: Proposed Alternative Control Scenario Annual Operating Limit
A15: Pollutant | B15: Emission Factor | C15: Units | D15: Potential Emissions (lb/hr) | E15: Potential Emissions (lb/day) | F15: Potential Emissions (tpy) | G15: Emission Factor Reference
A16: Ammonia | B16: - | C16: - | D16: =B24 -> 0.88 | E16: =D16*24 -> 21.12 | F16: =D16*$B$13/2000 -> 0.22 | G16: See Below
A19: Ammonia Emission Factor:
A20: Ammonia mass rate: | B20: 88 | C20: lb/hr | D20: Engineering Estimate
A21: Current permitted NH3 emission rate: | B21: 0.11 | C21: lb/hr | D21: Permitted Emission Limit for S-1600
A22: Current destruction efficiency: | B22: =(B20-'SWS Offgas TO PTE (proposed)'!C29)/B20 -> 0.99875 | D22: Calculated
A23: Heater destruction efficiency: | B23: 0.99 | D23: Assumed same ammonia destruction efficiency as a flare; TCEQ guidance (https://www.tceq.texas.gov/assets/public/permitting/air/Guidance/NewSourceReview/emiss_calc_flares.pdf)
A24: Ammonia emission rate: | B24: =B20*(1-B23) -> 0.88 | C24: lb/hr | D24: Calculated

Sheet NOx emissions and offset costs
A1: CONFIDENTIAL, SUBJECT TO ATTORNEY WORK PRODUCT DOCTRINE AND/OR ATTORNEY/CLIENT PRIVILEGE
A2: NOx Emission Calculations from Combustion
D3: Reference
A4: Ammonia mass rate: | B4: 88 | C4: lb/hr | D4: "Tracking Spreadsheet for FWS.xlsx" prepared by Sharon Lim
A5: Conversion to NOx: | B5: 0.005 | D5: TCEQ guidance (https://www.tceq.texas.gov/assets/public/permitting/air/Guidance/NewSourceReview/emiss_calc_flares.pdf)
A6: Fuel NOx emission rate: | B6: =B4*B5 -> 0.44 | C6: lb/hr | D6: Calculated (note: theoretical max = 2.7 if all NH3 converted to NO2)
A7: Offset value | B7: 30000 | C7: $/(ton/yr) | D7: Recent costs per Bart Leininger
A9: Alternative 1: Combustion in fuel gas system by process heaters
A10: Fuel NOx emissions from combustion of the SWS offgas stream would be in addition to NOx emissions from current operations.
A11: Process heaters are subject to either NOx limits (e.g., Hot Oil Heater) or the Rule 9-10 cap of 834 lb/day.
A12: Suggested approach: no increase in PTE as a result of this alternative operating scenario
A14: Alternative 2: Combustion in flares
A15: Fuel NOx emissions from combustion of the SWS offgas stream would be in addition to NOx emissions from current operations.
A16: Heat rate | B16: ='SWS Offgas TO PTE (permitted)'!B6 -> 1.91 | C16: MMBtu/hr | D16: Permitted value for thermal oxidizer, assumed representative of firing rate of the same gas stream at the flare
A17: NOx emission factor | B17: 0.068 | C17: lb/MMBtu | D17: AP-42 Section 13.5
A18: Thermal NOx emission rate | B18: =B16*B17 -> 0.12988 | C18: lb/hr | D18: Calculated
A19: Total emission rate | B19: =B18+B6 -> 0.56988 | C19: lb/hr | D19: Calculated
A20: Current permitted emission rate | B20: ='SWS Offgas TO PTE (permitted)'!B14 -> 0.377 | C20: lb/hr | D20: SWS Offgas TO PTE (permitted)
A21: Additional emissions to offset | B21: =B19-B20 -> 0.19288 | C21: lb/hr | D21: Calculated
A23: Alternative scenario duration: | B23: 500 | C23: hr/yr | D23: Proposed value
A24: Offset ratio: | B24: 1.15 | D24: BAAQMD Rule 2-2-302.2
A25: NOx emission rate: | B25: =B23*B21/2000 -> 0.04822 | C25: ton/yr
E26: For flare should use the same methodology for the other criteria pollutants for completeness.
A27: Alternative scenario cost: | B27: =B25*B7 -> 1446.6 | D27: Calculated | E27: TO vs flaring emission factors
B28: =B27/B23 -> 2.8932
A30: NH3 Emissions from Flaring
A31: Current permitted NH3 emission rate | B31: ='SWS Offgas TO PTE (permitted)'!C28 -> 0.11 | C31: lb/hr | D31: MRF Permit | E31: Incremental process heater ammonia emissions
A32: Current destruction | B32: =(B4-B31)/B4 -> 0.99875 | D32: Calculated | E32: Compared to fuel gas, the all of the criteria pollutant emissions would be the same except for ammonia. That is materially different.
A34: Flare destruction | B34: 0.99 | D34: TCEQ guidance (https://www.tceq.texas.gov/assets/public/permitting/air/Guidance/NewSourceReview/emiss_calc_flares.pdf)
A35: NH3 emission rate | B35: =B4*(1-B34) -> 0.88 | C35: lb/hr | D35: Calculated
